id,unternehmen,beleg_seite,feld,region_oder_kategorie,quelle_abschnitt,treffertyp,aussage,zitat,umgebung,urteil,anmerkung
AND-001,Andritz AG,8,wachstumsmaerkte,Lateinamerika,Geschaeftsbericht,exakt,Wiederbelebung und Initiierung von neuen Greenfield-Projekten im Wasserkraft- und Speicherbereich,"Während in westlichen Märkten wie Nordamerika und Europa weiterhin Sanierungs - und Modernisierungsprojekte dominierten, wurden in Schwellen regionen wie Afrika, Asien und Lateinamerika wieder vermehrt neue Greenfield -Projekte (bspw. Pumpspeicher) initiiert.","...nterstützende Strompreisniveaus. Diese Entwicklung spiegelt den anhaltenden globalen Trend zur Elektrifizierung und Dekarbonisierung wider. Während in westlichen Märkten wie Nordamerika und Europa weiterhin Sanierungs - und Modernisierungsprojekte dominierten, wurden in Schwellen regionen wie Afrika, Asien und Lateinamerika wieder vermehrt neue Greenfield -Projekte (bspw. Pumpspeicher) initiiert. Die zunehmende Nachfrage nach Energiespeicherung sowie die steigenden Anforderungen an die Netzstabilität förderten die Investitionstätigkeit im Markt für Pumpspeicherkraftwerke und Synchronkondensatoren weite...",kategorie_falsch,Region listet ausschließlich Lateinamerika auf. Keine Erwähnung von Afrika u. Asien.
AND-002,Andritz AG,9,wachstumsmaerkte,Nordamerika,Geschaeftsbericht,exakt,Starke Nachfrage und Wachstumstreiber bei Neuanlagen und Modernisierungen im Bereich Clean Air Technologies,"Demgegenüber entwickelten sich die Märkte für Clean Air Technologies sehr positiv. Die größten Treiber dieser Entwicklung waren die steigende Nachfrage nach Neuanlagen sowie nach Modernisierungen bestehender Anlagen, insbesondere in etablierten Industrieregionen wie den USA.","...ndeutete. Zusätzliche Projektvergaben im Bereich Green Hydrogen verzögerten sich aufgrund des weiterhin unsicheren regulatorischen Umfelds. Demgegenüber entwickelten sich die Märkte für Clean Air Technologies sehr positiv. Die größten Treiber dieser Entwicklung waren die steigende Nachfrage nach Neuanlagen sowie nach Modernisierungen bestehender Anlagen, insbesondere in etablierten Industrieregionen wie den USA. Die Märkte für Feed und Biofuel verzeichneten trotz des insgesamt unsicheren Marktumfelds ein moderates Wachstum.",korrekt,Aussage gibt schlüssig wieder
AND-003,Andritz AG,20,capex_ma_signale,,Geschaeftsbericht,exakt_nach_normalisierung,Fokus der Investitionen auf Modernisierungen und gezielte Kapazitätserweiterungen in Kernregionen,"Die Investitionsschwerpunkte betrafen – wie in den Vorjahren – insbesondere Modernisierungen von Fertigungs - stätten sowie vereinzelte Erweiterungsinvestitionen zur Unterstützung des Wachstums im Wesentlichen in Nordamerika, Europa und China.","... 57 (48) B METALS 15 (25) B IT 13 (6) C HYDROPOWER 20 (20) C Forschung & Entwicklung 7 (11) D ENVIRONMENT & ENERGY 27 (22) D Übrige 23 (35) Die Investitionsschwerpunkte betrafen – wie in den Vorjahren – insbesondere Modernisierungen von Fertigungs - stätten sowie vereinzelte Erweiterungsinvestitionen zur Unterstützung des Wachstums im Wesentlichen in Nordamerika, Europa und China. A B C D A B C D INVESTITION EN SBA Investitionen nach Geschäftsbereichen 2025 (2024) in % Investitionen nach Kategorien 2025 (2024) in %",korrekt,Aussage gibt schlüssig wieder
AND-004,Andritz AG,21,capex_ma_signale,,Geschaeftsbericht,exakt_mehrdeutig,Erhöhte Auszahlungen für Unternehmenserwerbe im Geschäftsjahr 2025.,"Die Veränderung resultiert vor allem aus dem höheren Netto -Cashflow aus Unternehmenserwerben von -328,6 MEUR (2024: -36,9 MEUR) sowie den höheren Auszahlungen für den Kauf von lang- und kurzfristigen finanziellen Vermögenswerten.","...EUR) betrug der Free Cashflow 383,2 MEUR (2024: 399,0 MEUR). Der Cashflow aus Investitionstätigkeit betrug -541,6 MEUR (2024: -207,5 MEUR). Die Veränderung resultiert vor allem aus dem höheren Netto -Cashflow aus Unternehmenserwerben von -328,6 MEUR (2024: -36,9 MEUR) sowie den höheren Auszahlungen für den Kauf von lang- und kurzfristigen finanziellen Vermögenswerten. Der Cashflow aus Finanzierungstätigkeit betrug -320,6 MEUR (2024: -753,3 MEUR). Die Veränderung ist vor allem bedingt durch geringere Rückzahlungen von Schuldscheindarlehen (-127,5 MEUR 2025 gegenüber -300,0 M...",korrekt,Aussage gibt schlüssig wieder
AND-005,Andritz AG,22,capex_ma_signale,,Geschaeftsbericht,exakt,Übernahme der LDX-Gruppe zur Stärkung des Angebots zur Emissionsreduktion,"ANDRITZ hat im Februar 2025 die in den USA ansässige Dustex LLC samt Tochtergesellschaft Western Pneumatics, LLC (gemeinsam LDX -Gruppe) erworben. LDX zählt zu den führenden Anbietern von Technologien und Dienstleistungen zur Emissionsreduktion","A N D R I T Z- F i n a n z b e r i c h t 2 0 25 Lagebericht 21 8. Akquisitionen ANDRITZ hat im Februar 2025 die in den USA ansässige Dustex LLC samt Tochtergesellschaft Western Pneumatics, LLC (gemeinsam LDX -Gruppe) erworben. LDX zählt zu den führenden Anbietern von Technologien und Dienstleistungen zur Emissionsreduktion für die nordamerikanische Industrie und erweitert das bestehende Produktangebot im Geschäftsbereich Environment & Energy. ANDRITZ erwarb im Juli 2025 die A.Celli Paper S.P.A. mit Sitz in Italien, samt weiteren...",korrekt,Aussage gibt schlüssig wieder
AND-006,Andritz AG,22,capex_ma_signale,,Geschaeftsbericht,exakt,Akquisition von A.Celli Paper zur Erweiterung der Papier- und Kartonsparte,"ANDRITZ erwarb im Juli 2025 die A.Celli Paper S.P.A. mit Sitz in Italien, samt weiteren Tochtergesellschaften in Italien und China. A.Celli verfügt über jahrzehntelange Erfahrung in der Lieferung von Maschinen","...missionsreduktion für die nordamerikanische Industrie und erweitert das bestehende Produktangebot im Geschäftsbereich Environment & Energy. ANDRITZ erwarb im Juli 2025 die A.Celli Paper S.P.A. mit Sitz in Italien, samt weiteren Tochtergesellschaften in Italien und China. A.Celli verfügt über jahrzehntelange Erfahrung in der Lieferung von Maschinen und Kernkomponenten für die Produktion von Tissue, Papier und Karton und erweitert das bestehende Produkt - angebot im Geschäftsbereich Pulp & Paper. Des weiteren hat ANDRITZ im Juli 2025 die Salico -Gruppe, m...",korrekt,Aussage gibt schlüssig wieder
AND-007,Andritz AG,22,capex_ma_signale,,Geschaeftsbericht,exakt,Erwerb der Salico-Gruppe zur Abrundung des Angebots bei Endbearbeitungsanlagen,"Des weiteren hat ANDRITZ im Juli 2025 die Salico -Gruppe, mit Hauptsitz in Italien und Spanien erworben. Der Erwerb umfasst auch Tochtergesellschaften in Großbrita nnien, den USA und Indien.","...mponenten für die Produktion von Tissue, Papier und Karton und erweitert das bestehende Produkt - angebot im Geschäftsbereich Pulp & Paper. Des weiteren hat ANDRITZ im Juli 2025 die Salico -Gruppe, mit Hauptsitz in Italien und Spanien erworben. Der Erwerb umfasst auch Tochtergesellschaften in Großbrita nnien, den USA und Indien. Salico ist auf die Entwicklung und Herstellung von hochentwickelten Endbear beitungsanlagen für die Ve rarbeitung von Metallbändern spezialisiert. Diese Übernahme stellt einen weiteren wichtigen Schritt in der...",korrekt,Aussage gibt schlüssig wieder
AND-008,Andritz AG,22,capex_ma_signale,,Geschaeftsbericht,exakt,Mehrheitserwerb an Baoding Sanzheng Electrical Equipment zur Stärkung bei Induktionserwärmung,"ANDRITZ hat im Dezember 2025 51% der Anteile an Boading Sanzheng Electrical Equipment Co., Ltd. mit dem Hauptsitz in China unterzeichnet. Die Integration von Sanzheng bringt ANDRITZ ein vollständiges Portfolio von Induktionserwärmungstechnologien","... mit Ersatzteilen, Wartungsleistungen und Systemmodernisierungen und stärkt das bestehende Produktangebot im Geschäftsbereich Pulp & Paper. ANDRITZ hat im Dezember 2025 51% der Anteile an Boading Sanzheng Electrical Equipment Co., Ltd. mit dem Hauptsitz in China unterzeichnet. Die Integration von Sanzheng bringt ANDRITZ ein vollständiges Portfolio von Induktionserwärmungstechnologien und stärkt die Kompetenz des Unternehmens, Komplettlösungen für die Verarbeitung von Elektroband, Verzinkung, Glühen und Schmieden zu liefern. Die Akquisition erweitert das bestehende Produktangebot im Geschäf...",korrekt,Aussage gibt schlüssig wieder
AND-009,Andritz AG,24,hauptrisiken,Regulierung,Geschaeftsbericht,exakt,Nachträgliche Steuer- und Zollbelastungen durch Gesetzesänderungen oder veränderte Auslegungen,Eine Änderung von Gesetzen oder sonstigen Bestimmungen – darunter fallen auch Regelungen zu Importzöllen etc. – sowie unterschiedliche Auslegungen der jeweils geltenden Bestimmungen können zu nachträglichen Steuer - und Zollbelastungen führen.,"... jeweiligen Ländern den lokalen Steuergesetzen unterworfen und müssen sowohl Ertragsteuern, Einfuhrzölle, als auch andere Steuern bezahlen. Eine Änderung von Gesetzen oder sonstigen Bestimmungen – darunter fallen auch Regelungen zu Importzöllen etc. – sowie unterschiedliche Auslegungen der jeweils geltenden Bestimmungen können zu nachträglichen Steuer - und Zollbelastungen führen. Dementsprechend können die Steuern und Zölle etwaigen positiven oder negativen Schwankungen ausgesetzt sein. In Österreich und in anderen Ländern, in denen die ANDRITZ -Gruppe tätig ist, sind eine Reihe von re...",korrekt,Aussage gibt schlüssig wieder
AND-010,Andritz AG,25,hauptrisiken,Markt,Geschaeftsbericht,exakt,Intensive Wettbewerbssituation und Preiskampf um wenige Großaufträge mit Auswirkungen auf Margen,"Die ANDRITZ -Gruppe agiert in sehr wettbewerbsintensiven Märkten, in denen einige wenige große Anbieter um einige wenige Großaufträge bieten. Darüber hinaus gibt es lokal eine Vielzahl kleiner konkurrierenden Unternehmen, die über eine vergleichsweise niedrige Kostenbasis verfügen.","A N D R I T Z- F i n a n z b e r i c h t 2 0 25 Lagebericht 24 c) Wettbewerbsposition Die ANDRITZ -Gruppe agiert in sehr wettbewerbsintensiven Märkten, in denen einige wenige große Anbieter um einige wenige Großaufträge bieten. Darüber hinaus gibt es lokal eine Vielzahl kleiner konkurrierenden Unternehmen, die über eine vergleichsweise niedrige Kostenbasis verfügen. Einen Großkunden zu verlieren, stellt ein zusätzliches Risiko dar . Diese Wettbewerbssituation oder eine mögliche Änderung der Wettbewerbsstruktur können sich negativ auf den Auftragseingang sowie die Umsatzma...",korrekt,Aussage gibt schlüssig wieder
AND-011,Andritz AG,25,hauptrisiken,Markt,Geschaeftsbericht,exakt,Volatilität des Auftragseingangs durch konjunkturelle Schwankungen und Abhängigkeit von der Endproduktnachfrage,Mögliche Preisschwankungen können daher einen direkten Einfluss auf die Investitionsentscheidungen von Kunden und in weiterer Folge auf den Auftragseingang der Gruppe haben. Dies könnte daher zu einer Volatilität in der Entwicklung des Auftragseingangs führen.,"...mit dem Verhältnis von Angebot und Nachfrage der Endprodukte, die mit den von ANDRITZ gelieferten Anlagen und Produkten hergestellt werden. Mögliche Preisschwankungen können daher einen direkten Einfluss auf die Investitionsentscheidungen von Kunden und in weiterer Folge auf den Auftragseingang der Gruppe haben. Dies könnte daher zu einer Volatilität in der Entwicklung des Auftragseingangs führen. Der künftige Erfolg der Gruppe hängt unter anderem davon ab, ob neue Aufträge in ausreichendem Umfang erhalten werden können. Es ist teilweise schwierig vorherzusagen, wann genau ein Auftrag, für den die Grupp...",korrekt,KONTROLLE: zusaetzlich im PDF pruefen - geprüft
AND-012,Andritz AG,26,hauptrisiken,Finanzierung,Geschaeftsbericht,exakt,Fehlende Verfügbarkeit geeigneter Akquisitionsziele oder mangelnde Finanzierungsmittel für M&A-Vorhaben,"Es kann jedoch nicht garantiert werden, dass die Gruppe auch künftig in der Lage sein wird, geeignete Akquisitionsziele zu identifizieren und zu erwerben, dass überhaupt geeignete Unternehmen zur Verfügung stehen und ausreichend Finanzmittel für große Akquisitionen aufgebracht werden können.","...ng dieser Strategie akquirierte die Gruppe seit 1990 eine Vielzahl von weltweit tätigen Unternehmen und gliederte diese in den Konzern ein. Es kann jedoch nicht garantiert werden, dass die Gruppe auch künftig in der Lage sein wird, geeignete Akquisitionsziele zu identifizieren und zu erwerben, dass überhaupt geeignete Unternehmen zur Verfügung stehen und ausreichend Finanzmittel für große Akquisitionen aufgebracht werden können. ANDRITZ war bei der Integration neuer Unternehmen bisher weitestgehend erfolgreich. Es kann jedoch nicht garantiert werden, dass die angestrebten Ziele und Synergien bei allen zukünftigen Akquisitionen (wie au...",korrekt,Aussage gibt schlüssig wieder
AND-013,Andritz AG,26,strategische_prioritaeten,,Geschaeftsbericht,exakt,Erreichen der Position eines Komplettanbieters in allen Geschäftsbereichen durch organisches Wachstum und komplementäre Zukäufe,"Eines der wesentlichen strategischen Ziele der ANDRITZ -Gruppe besteht darin, durch organisches Wachstum und komplementäre Akquisitionen in allen Geschäftsbereichen zum Komplettanbieter zu werden.","... vieler Länder stellt mittel - bis langfristig ebenfalls ein Risiko dar. f) Akquisition und Integration von komplementären Geschäftsfeldern Eines der wesentlichen strategischen Ziele der ANDRITZ -Gruppe besteht darin, durch organisches Wachstum und komplementäre Akquisitionen in allen Geschäftsbereichen zum Komplettanbieter zu werden. In Umsetzung dieser Strategie akquirierte die Gruppe seit 1990 eine Vielzahl von weltweit tätigen Unternehmen und gliederte diese in den Konzern ein. Es kann jedoch nicht garantiert werden, dass die Gruppe auc...",korrekt,Aussage gibt schlüssig wieder
AND-014,Andritz AG,27,hauptrisiken,Technologie,Geschaeftsbericht,exakt,Risiko langsamer Produktentwicklung im Bereich Digitalisierung sowie Cyberangriffe,"Die rasanten Entwicklungen im Bereich der Digitalisierung stellen jedoch auch ein Risiko dar, falls es ANDRITZ nicht gelingen sollte, die am Markt nachgefragten Produkte und Lösungen in der gebotenen Geschwindigkeit zu entwickeln und anzubieten.","... liegt dabei auf Cybersicherheit, der Verwendung von Künstlicher Intelligenz (KI) sowie auf den neuesten am Markt verfügbaren Technologien. Die rasanten Entwicklungen im Bereich der Digitalisierung stellen jedoch auch ein Risiko dar, falls es ANDRITZ nicht gelingen sollte, die am Markt nachgefragten Produkte und Lösungen in der gebotenen Geschwindigkeit zu entwickeln und anzubieten. Darüber hinaus kann die Erhöhung des Digitalisierungsgrads zu einem größeren Risiko von Cyberangriffen auf ANDRITZ und auf Kunden führen. Um dieses Risiko zu minimieren, wendet ANDRITZ die Cybersicherheit -Sta...",korrekt,Aussage gibt schlüssig wieder
AND-015,Andritz AG,27,strategische_prioritaeten,,Geschaeftsbericht,exakt,"Fokus auf Entwicklung digitaler Produkte und Lösungen mit Schwerpunkt Cybersicherheit, KI und neue Technologien","ANDRITZ sieht in der Digitalisierung ein wesentliches Wachstumsfeld für die Zukunft und wird daher weiterhin stark auf die Entwicklung digitaler Produkte und Lösungen fokussiert sein. Das Hauptaugenmerk liegt dabei auf Cybersicherheit, der Verwendung von Künstlicher Intelligenz","...n stets dem neuesten Stand der Technik, werden laufend weiterentwickelt und können auf individuelle Kundenbedürfnisse zugeschnitten werden. ANDRITZ sieht in der Digitalisierung ein wesentliches Wachstumsfeld für die Zukunft und wird daher weiterhin stark auf die Entwicklung digitaler Produkte und Lösungen fokussiert sein. Das Hauptaugenmerk liegt dabei auf Cybersicherheit, der Verwendung von Künstlicher Intelligenz (KI) sowie auf den neuesten am Markt verfügbaren Technologien. Die rasanten Entwicklungen im Bereich der Digitalisierung stellen jedoch auch ein Risiko dar, falls es ANDRITZ nicht gelingen sollte, die am Markt...",korrekt,KONTROLLE: zusaetzlich im PDF pruefen - geprüft
AND-016,Andritz AG,28,hauptrisiken,Lieferkette,Geschaeftsbericht,exakt,"Ausfälle von Lieferanten aufgrund geopolitischer Krisen, Konflikte oder Naturkatastrophen","Globale und regionale Krisen, politische bzw. wirtschaftliche Konflikte oder Naturkatastrophen können dazu führen, dass Lieferanten nicht in der Lage sind, von ANDRITZ bestellte Produkte rechtzeitig zu fertigen und zu liefern","...bleibt die ANDRITZ -Gruppe vollumfänglich handlungsfähig und kann die Einhaltung rechtlicher und gesellschaftlicher Vorgaben sicherstellen. Globale und regionale Krisen, politische bzw. wirtschaftliche Konflikte oder Naturkatastrophen können dazu führen, dass Lieferanten nicht in der Lage sind, von ANDRITZ bestellte Produkte rechtzeitig zu fertigen und zu liefern, was wiederum zur Folge haben könnte, dass ANDRITZ den Verpflichtungen gegenüber seinen Kunden nicht zeitgerecht nachkommen kann. Der Krieg in der Ukraine und die daraus resultierenden Sanktionen gegenüber Rus...",korrekt,Aussage gibt schlüssig wieder
AND-017,Andritz AG,30,hauptrisiken,Finanzierung,Geschaeftsbericht,exakt,Währungs- und Wechselkursrisiken durch Auftragsabwicklung in Fremdwährungen,"Obwohl die Gruppe bestrebt ist, die Nettowährungsposition von nicht in der jeweiligen funktionalen Währung der Konzerngesellschaft abgeschlossenen Aufträge durch den Abschluss von Termingeschäften abzusichern, können sich Währungsschwankungen mit Wechselkursverlusten im Konzernabschluss niederschlagen.","...en, werden durch die Verwendung von derivativen Finanzinstrumenten – insbesondere Devisentermingeschäfte und Swaps – bestmöglich minimiert. Obwohl die Gruppe bestrebt ist, die Nettowährungsposition von nicht in der jeweiligen funktionalen Währung der Konzerngesellschaft abgeschlossenen Aufträge durch den Abschluss von Termingeschäften abzusichern, können sich Währungsschwankungen mit Wechselkursverlusten im Konzernabschluss niederschlagen. Die Entwicklung der Wechselkurse kann sich auch auf den in Euro umgerech neten Umsatz und das Ergebnis der Gruppe sowohl positiv als auch negativ auswirken. Wechselkursänderungen können auch dazu führen, dass ...",korrekt,Aussage gibt schlüssig wieder
AND-018,Andritz AG,34,capex_ma_signale,,Geschaeftsbericht,exakt,Investitionen in eine neue Dry Molded Fiber (DMF) Pilotanlage am Standort Montbonnot in Frankreich,ANDRITZ forciert seinen Eintritt in die Dry Molded Fiber (DMF) Technologie durch Investitionen in eine neue DMF Pilotanlage am Standort in Montbonnot in Frankreich.,"...ertigen EPC Projekten. Damit bedient das Unternehmen sowohl den Markt für textile Garne als auch den Markt für Fasern im Vliesstoffbereich. ANDRITZ forciert seinen Eintritt in die Dry Molded Fiber (DMF) Technologie durch Investitionen in eine neue DMF Pilotanlage am Standort in Montbonnot in Frankreich. Die Anlage ist mit mehreren Innovationen ausgestattet, um nächste Generationen von Lösungen zu entwickeln, die Kunststoff in der Verpackungsindustrie ersetzen können. Zudem nutzt ANDRITZ seine Zellstoff Expert...",korrekt,Aussage gibt schlüssig wieder
AND-019,Andritz AG,37,strategische_prioritaeten,,Geschaeftsbericht,exakt,"Ausrichtung der F&E auf Netzstabilität, Systemflexibilität und Dekarbonisierung","Die Forschungs - und Entwicklungsaktivitäten richten sich konsequent auf die zukünftigen Anforderungen an Netzstabilität und Systemflexibilität aus. Die Entwicklungen orientieren sich nicht nur am heutigen Markt, sondern antizipieren die technischen Herausforderungen einer vollständig dekarbonisierten Energieversorgung.","...euerungs - und Überwachungsfunktionen in einem einheitlichen System, das speziell für die Anforderungen der Netzstabilität optimiert wurde. Die Forschungs - und Entwicklungsaktivitäten richten sich konsequent auf die zukünftigen Anforderungen an Netzstabilität und Systemflexibilität aus. Die Entwicklungen orientieren sich nicht nur am heutigen Markt, sondern antizipieren die technischen Herausforderungen einer vollständig dekarbonisierten Energieversorgung. Durch kontinuierliche Verbesserung von Wirkungsgraden, Regelgeschwindigkeiten und Systemintegration wird die technologische Basis geschaffen, damit die Kunden ihre Nachhaltigkeitsziele erreichen und gleichzeit...",korrekt,Aussage gibt schlüssig wieder
AND-020,Andritz AG,40,wachstumsmaerkte,China,Geschaeftsbericht,exakt,Im Bereich Metals Forming werden strukturelle Herausforderungen im Automobilsektor unter anderem durch Wachstum in China abgefedert.,Im Bereich Metals Forming werden strukturelle Herausforderungen im Automobilsektor durch relativ stabile Nachfrage nach Nicht‑Automobil ‑Anwendungen sowie durch Wachstum in China abgefedert.,"...erungen, Modifikationen und Nachhaltigkeitsverbesserungen bestehender Kapazitäten wird voraussichtlich zufriedenstellend bleiben. ▪ Metals: Im Bereich Metals Forming werden strukturelle Herausforderungen im Automobilsektor durch relativ stabile Nachfrage nach Nicht‑Automobil ‑Anwendungen sowie durch Wachstum in China abgefedert. Im Bereich Metals Processing wird f ür 2026 ein weiterhin robustes Marktumfeld erwartet. ▪ Hydropower: Im Geschäftsbereich Hydropower wird mit einem weiteren Anstieg der Projekt ‑ und Sanierungs - aktivitäten,...",korrekt,Aussage gibt schlüssig wieder
AND-021,Andritz AG,41,hauptrisiken,Markt,Geschaeftsbericht,exakt,Verschlechterung des makroökonomischen und geopolitischen Umfelds sowie Zunahme globaler Handelsbarrieren,"Sollte sich das makroökonomische und geopolitische Umfeld deutlich verschlechtern, globale Handelsbarrieren weiter zunehmen oder der Euro weiter deutlich aufwerten, könnten sich negative Auswirkungen auf die Abwicklung und den Eingang von Aufträgen ergeben","...2026 strebt die ANDRITZ - Gruppe eine vergleichbare EBITA -Marge (exkl. nicht-operativer Effekte) in einer Bandbreite von 8,7% bis 9,1% an. Sollte sich das makroökonomische und geopolitische Umfeld deutlich verschlechtern, globale Handelsbarrieren weiter zunehmen oder der Euro weiter deutlich aufwerten, könnten sich negative Auswirkungen auf die Abwicklung und den Eingang von Aufträgen ergeben , was die finanzielle Entwicklung von ANDRITZ negativ beeinflussen könnte. In diesem Fall könnten zusätzliche Kapazitätsanpassungen über die derzeitigen Maßnahmen hinaus erforderlich werden, welche finanzielle...",korrekt,Aussage gibt schlüssig wieder
AND-022,Andritz AG,46,capex_ma_signale,,Geschaeftsbericht,teilweise,"Im Geschäftsjahr 2025 betrugen die Auszahlungen für Sachanlagen und immaterielle Vermögenswerte 198,1 MEUR und der Netto-Cashflow aus Unternehmenserwerben 328,6 MEUR.","Auszahlungen für Sachanlagen und immaterielle Vermögenswerte -198,1 -179,5 Einzahlungen aus dem Verkauf von Sachanlagen und immateriellen Vermögenswerten 27,4 16,5 Auszahlungen für lang- und kurzfristige finanzielle Vermögenswerte -562,4 -362,3 Einzahlungen aus dem Verkauf von lang- und kurzfristigen finanziellen Vermögenswerten 520,1 354,7 Netto-Cashflow aus Unternehmenserwerben -328,6 -36,9","...e Zinsen -36,3 -38,9 Erhaltene Dividenden 1,3 2,3 Gezahlte Ertragsteuern -149,8 -152,3 CASHFLOW AUS BETRIEBLICHER TÄTIGKEIT 39. 652,7 636,5 Auszahlungen für Sachanlagen und immaterielle Vermögenswerte -198,1 -179,5 Einzahlungen aus dem Verkauf von Sachanlagen und immateriellen Vermögenswerten 27,4 16,5 Auszahlungen für lang- und kurzfristige finanzielle Vermögenswerte -562,4 -362,3 Einzahlungen aus dem Verkauf von lang- und kurzfristigen finanziellen Vermögenswerten 520,1 354,7 Netto-Cashflow aus Unternehmenserwerben 39. -328,6 -36,9 CASHFLOW AUS INVESTITIONSTÄTIGKEIT 39. -541,6 -207,5 Einzahlungen aus Bank- und sonstigen Finanzverbindlichkeiten 39. 241,4 161,4 Auszahlungen für Bank- und sonstige Finanzverbindlichkeiten 39. -265,9 -493...",korrekt,KONTROLLE: zusaetzlich im PDF pruefen - geprüft
AND-023,Andritz AG,82,capex_ma_signale,,Geschaeftsbericht,exakt,"Die vertraglichen Verpflichtungen für den Erwerb von Sachanlagen beliefen sich zum 31. Dezember 2025 auf 53,0 MEUR.","Vertragliche Verpflichtungen für den Kauf von Sachanlagen sind nur im gewöhnlichen Geschäftsumfang vorhanden. Zum 31. Dezember 2025 betrugen diese Verpflichtungen 53,0 MEUR (31. Dezember 2024: 22,1 MEUR).","...ten Sachanlagen in Höhe von 1,8 MEUR wurden zum 31. Dezember 2025 als Sicherheiten gestellt (31. Dezember 2024: 1,9 MEUR). b) Bestellobligo Vertragliche Verpflichtungen für den Kauf von Sachanlagen sind nur im gewöhnlichen Geschäftsumfang vorhanden. Zum 31. Dezember 2025 betrugen diese Verpflichtungen 53,0 MEUR (31. Dezember 2024: 22,1 MEUR). c) Fremdkapitalkosten Weder im Geschäftsjahr 2025 noch im Geschäftsjahr 2024 wurden Fremdkapitalkosten auf qualifizierte Vermögenswerte aktiviert, weil die zu aktivierenden Beträge unwesentlich waren. d) Zuwen...",korrekt,Aussage gibt schlüssig wieder
AND-024,Andritz AG,89,capex_ma_signale,,Geschaeftsbericht,exakt_nach_normalisierung,Closing der Akquisition von Sanzheng im Dezember 2025,Das Closing der Akquisition Sanzheng fand im Dezember 2025 nach dem jährlichen Werthaltigkeitstest zum 30. September 2025 statt. Diese ZGE wurde zum 31. Dezember 2025 getestet.,"...ndern Pulp & Paper: Pulp and Power PP 29,3 12,80 2,13 Lieferung gesamter Zellstofffabriken und der damit verbundenen Technologien 1.130,3 * D as Closing der Akquisition Sanzheng fand im Dezember 2025 nach dem jährlichen Werthaltigkeitstest zum 30. September 2025 statt. Diese ZGE wurde zum 31. Dezember 2025 getestet. 2024 ZGE Geschäfts- bereich Geschäfts- oder Firmenwert Diskon- tierungssatz vor Steuern Langfristige Wachstums- rate Beschreibung (in MEUR) (in %) (in %) Pulp & Paper: Service PP 283,4 11,70 2,24 Markenunabhä...",korrekt,Aussage gibt schlüssig wieder
AND-025,Andritz AG,90,hauptrisiken,Regulierung,Geschaeftsbericht,exakt,Risiken des Klimawandels (physische Risiken sowie Übergangsrisiken),Zu den Risiken des Klimawandels für die ANDRITZ -Gruppe zählen einerseits physische Risiken sowie auch Übergangsrisiken. Diesen Risiken begegnet ANDRITZ durch ein breites Produktportfolio im Bereich der „nachhaltigen Technologien“.,"...t -Ebene bzw. nach regionalen Gesichtspunkten anhand der besten Schätzungen bezüglich künftiger Entwicklungen nach Relevanz berücksichtigt. Zu den Risiken des Klimawandels für die ANDRITZ -Gruppe zählen einerseits physische Risiken sowie auch Übergangsrisiken. Diesen Risiken begegnet ANDRITZ durch ein breites Produktportfolio im Bereich der „nachhaltigen Technologien“. Das Unternehmen generiert bereits heute rund 45% seines Gesamtumsatzes aus Produkten und Lösungen, die zur Herstellung von erneuerbarer Energie, zu Umweltschutz, Kreislaufwirtschaft und E -Mobilität beitragen....",korrekt,Aussage gibt schlüssig wieder
AND-026,Andritz AG,90,strategische_prioritaeten,,Geschaeftsbericht,exakt,Steigerung des Anteils nachhaltiger Technologien am Gesamtumsatz durch neue Produkte wie Green Hydrogen und Carbon Storage,"Dieser Anteil soll künftig durch neue Produkte (zB Green Hydrogen und Carb on Storage) noch gesteigert werden. Aktuell sehen wir auf der Produktseite keine wesentlichen Risiken, da unsere Produkte unseren Kunden helfen ihre Klimaziele zu erreichen.","... aus Produkten und Lösungen, die zur Herstellung von erneuerbarer Energie, zu Umweltschutz, Kreislaufwirtschaft und E -Mobilität beitragen. Dieser Anteil soll künftig durch neue Produkte (zB Green Hydrogen und Carb on Storage) noch gesteigert werden. Aktuell sehen wir auf der Produktseite keine wesentlichen Risiken, da unsere Produkte unseren Kunden helfen ihre Klimaziele zu erreichen. In den zukünftigen Cashflows sind erwartete Kostenvolatilitäten bzw. -steigerungen und die entsprechenden Möglichkeiten (u.a. Anpassungen der Verkaufspreise sowie Preisgleitklauseln), diese Steigerungen an Kun...",korrekt,Aussage gibt schlüssig wieder
AND-027,Andritz AG,129,hauptrisiken,Finanzierung,Geschaeftsbericht,exakt,Risiken aus Finanzinstrumenten sowie strategische und operative Risiken,"Als global tätiges Unternehmen, das verschiedenste Märkte und Kunden bedient, ist die Gruppe Risiken in Verbindung mit Finanzinstrumenten sowie strategischen und operativen Risiken ausgesetzt.","... I T Z- F i n a n z b e r i c h t 2 0 2 5 K o n z e r n a n h a n g 128 38. Risikomanagement – Risiken in Verbindung mit Finanzinstrumenten Als global tätiges Unternehmen, das verschiedenste Märkte und Kunden bedient, ist die Gruppe Risiken in Verbindung mit Finanzinstrumenten sowie strategischen und operativen Risiken ausgesetzt. ANDRITZ hat ein bewährtes, konzernweites Kontroll - und Risikomanagementsystem implementiert, dessen Hauptaufgabe es ist, entstehende Risiken bereits in einem frühen Stadium zu identifizieren und rasch Gegenma...",korrekt,KONTROLLE: zusaetzlich im PDF pruefen - geprüft
AND-028,Andritz AG,131,hauptrisiken,Finanzierung,Geschaeftsbericht,exakt,Kredit- und Ausfallrisiko einzelner Kontrahenten,Das Risiko eines möglichen Ausfalls (Insolvenz) einzelner oder mehrerer Kontrahenten wird durch ein internes Kontrahentenlimitsystem minimiert.,"...er Ausweis der Wertberichtigung. Für Veränderungen nach dem Zugang ist eine gesonderte Risikovorsorge notwendig. Risikominderungsstrategien Das Risiko eines möglichen Ausfalls (Insolvenz) einzelner oder mehrerer Kontrahenten wird durch ein internes Kontrahentenlimitsystem minimiert. Dabei wird unter Berücksichtigung der jeweiligen Bonität des Kontrahenten (Ratings von internationalen Rating -Agenturen wie Moody’s, Standard & Poor’s, Fitch) und der publizierten Credit Default Swap -Spreads...",korrekt,Aussage gibt schlüssig wieder
AND-029,Andritz AG,135,hauptrisiken,Finanzierung,Geschaeftsbericht,exakt,Zahlungsausfallrisiken bei Kundenprojekten,"Es kann jedoch nicht ausgeschlossen werden, dass es einzelne Zahlungsausfälle gibt, die im Eintrittsfall einen wesentlichen negativen Einfluss auf die Ergebnis - und Liquiditätsentwicklung der Gruppe haben.","...allrisiko von Kunden bestmöglich durch Besicherung von Zahlungen durch Banken sowie durch Abschluss von Exportversicherungen zu reduzieren. Es kann jedoch nicht ausgeschlossen werden, dass es einzelne Zahlungsausfälle gibt, die im Eintrittsfall einen wesentlichen negativen Einfluss auf die Ergebnis - und Liquiditätsentwicklung der Gruppe haben. — Mehr Informationen in Kapitel 3 8. a) Ausfallrisiken. Die ANDRITZ-Gruppe ist hinsichtlich Liquidität sehr gut positioniert und verfügt über hohe Liquiditätsreserven. Die Gruppe vermeidet es, von einer einzig...",korrekt,Aussage gibt schlüssig wieder
AND-030,Andritz AG,136,hauptrisiken,Markt,Geschaeftsbericht,exakt,Marktrisiken durch Zins- und Währungsschwankungen,"Das Marktrisiko umfasst das Risiko, dass sich die Marktpreise, zum Beispiel Währungskurse, Zinssätze oder Aktienkurse, ändern und dadurch die Erträge des Konzerns oder der Wert der gehaltenen Finanzinstrumente beeinflusst werden.","...74,9 Derivative finanzielle Schulden 74,3 51,9 14,9 4,7 3,0 0,4 0,0 74,9 1.902,7 1.360,9 217,5 197,0 81,5 20,6 76,6 1.954,1 c) Marktrisiken Das Marktrisiko umfasst das Risiko, dass sich die Marktpreise, zum Beispiel Währungskurse, Zinssätze oder Aktienkurse, ändern und dadurch die Erträge des Konzerns oder der Wert der gehaltenen Finanzinstrumente beeinflusst werden. Ziel des Marktrisikomanagements ist es, das Marktrisiko innerhalb akzeptabler Bandbreiten zu steuern und zu kontrollieren und gleichzeitig die Rendite zu optimieren. Zu den für die ANDRITZ -Gruppe wesentlichen...",beleg_stuetzt_nicht,Zitat betrifft Einleitung des Verkaufs 2025. Erwarteter Abschluss für 2026 steht im Folgesatz.
AND-031,Andritz AG,142,capex_ma_signale,,Geschaeftsbericht,exakt,"Im Geschäftsbereich Metals leitete Andritz 2025 den Verkauf von Sachanlagen in Deutschland mit einem Buchwert von 4,0 MEUR ein, dessen Abschluss für 2026 erwartet wird.","Im Geschäftsbereich Metals wurde 2025 der Verkauf von Sachanlagen (Grundstücke, Gebäude und technische n Anlagen) in Deutschland eingeleitet. Es wurden 2025 Vermögenswerte von 4,0 MEUR als zur Veräußerung gehalten angesetzt","... Immaterielle Vermögenswerte außer Geschäfts- oder Firmenwerte 0,0 0,0 Sachanlagen 4,0 8,2 ZUR VERÄUßERUNG GEHALTENE VERMÖGENSWERTE 4,0 8,2 Im Geschäftsbereich Metals wurde 2025 der Verkauf von Sachanlagen (Grundstücke, Gebäude und technische n Anlagen) in Deutschland eingeleitet. Es wurden 2025 Vermögenswerte von 4,0 MEUR als zur Veräußerung gehalten angesetzt und keine Wertminderungsaufwendungen erfasst. Der Verkauf der Sachanlagen wird voraussichtlich 2026 abgeschlossen sein.",korrekt,Aussage gibt schlüssig wieder
AND-032,Andritz AG,143,capex_ma_signale,,Geschaeftsbericht,exakt,"Ein Ende 2024 im Geschäftsbereich Metals eingeleiteter Verkauf von Sachanlagen in Deutschland wurde 2025 mit einem Veräußerungsgewinn von 2,8 MEUR vollzogen.","Es wurden 2024 Vermögenswerte von 7,7 MEUR als zur Veräußerung gehalten angesetzt und keine Wertminderungsaufwendungen erfasst. Der Verkauf der Sachanlagen wurde 2025 mit einem Veräußerungsgewinn von 2,8 MEUR abgeschlossen .","...n h a n g 142 Im Geschäftsbereich Metals wurde Ende 202 4 der Verkauf von Sachanlagen (Grundstücke und Gebäude) in Deutschland eingeleitet. Es wurden 2024 Vermögenswerte von 7,7 MEUR als zur Veräußerung gehalten angesetzt und keine Wertminderungsaufwendungen erfasst. Der Verkauf der Sachanlagen wurde 2025 mit einem Veräußerungsgewinn von 2,8 MEUR abgeschlossen . Im Geschäftsbereich Pulp & Paper w urden Ende 2024 Sachanlagen in Kanada in der Höhe von 0,5 MEUR als zur Veräußerung gehalten ausgewiesen. Aus der vorgelagerten Bewertung wurde keine Wertminderung erfasst. 20...",beleg_stuetzt_nicht,"Zitat betrifft Ausweis Ende 2024 mit 0,5 MEUR, Aussage betrifft Verkauf 2025 mit 0,8 MEUR. Beleg steht im Folgesatz."
AND-033,Andritz AG,143,capex_ma_signale,,Geschaeftsbericht,exakt,"Im Geschäftsbereich Pulp & Paper wurden 2025 Sachanlagen in Kanada mit einem Veräußerungsgewinn von 0,8 MEUR veräußert.","Im Geschäftsbereich Pulp & Paper w urden Ende 2024 Sachanlagen in Kanada in der Höhe von 0,5 MEUR als zur Veräußerung gehalten ausgewiesen. Aus der vorgelagerten Bewertung wurde keine Wertminderung erfasst.","... keine Wertminderungsaufwendungen erfasst. Der Verkauf der Sachanlagen wurde 2025 mit einem Veräußerungsgewinn von 2,8 MEUR abgeschlossen . Im Geschäftsbereich Pulp & Paper w urden Ende 2024 Sachanlagen in Kanada in der Höhe von 0,5 MEUR als zur Veräußerung gehalten ausgewiesen. Aus der vorgelagerten Bewertung wurde keine Wertminderung erfasst. 2025 wurden die Anlagen mit einem Veräußerungsgewinn von 0,8 MEUR veräußert. VERWENDUNG VON ERMESSENSENTSCHEIDUNGEN UND SCHÄTZUNGEN Bei der Bestimmung des beizulegenden Zeitwerts, abzüglich Veräußerungskosten,...",korrekt,KONTROLLE: zusaetzlich im PDF pruefen - geprüft. Zitat befindet sich auf S.88 im Konzernanhang.
VOE-034,voestalpine AG,60,hauptrisiken,Markt,Geschaeftsbericht,exakt,Intensiver globaler Wettbewerb und Preisdruck,Dieser Bereich verzeichnete über das gesamte Geschäftsjahr 2025/26 hinweg einen intensiven globalen Wettbewerb und damit einhergehenden Preisdruck.,"...arktsegment Tooling umfasst Lieferungen von Werkzeugstahl und stellt sowohl mengen- als auch wertmäßig das größte Segment der Division dar. Dieser Bereich verzeichnete über das gesamte Geschäftsjahr 2025/26 hinweg einen intensiven globalen Wettbewerb und damit einhergehenden Preisdruck. Die Division legte ihren Fokus daher noch weiter verstärkt auf Produktsegmente im obers ten Qualitätsspektrum sowie auf Wertschöpfungs- und Service-Aktivitäten, wie beispielsweise Wärme- und Oberflächenbehandl...",korrekt,Aussage gibt schlüssig wieder
VOE-035,voestalpine AG,60,strategische_prioritaeten,,Geschaeftsbericht,exakt_nach_normalisierung,Fokus auf Spitzenqualität und Service-Aktivitäten,"Die Division legte ihren Fokus daher noch weiter verstärkt auf Produktsegmente im obersten Qualitätsspektrum sowie auf Wertschöpfungs- und Service-Aktivitäten, wie beispielsweise Wärme- und Oberflächenbehandlungen.","...ereich verzeichnete über das gesamte Geschäftsjahr 2025/26 hinweg einen intensiven globalen Wettbewerb und damit einhergehenden Preisdruck. Die Division legte ihren Fokus daher noch weiter verstärkt auf Produktsegmente im obers ten Qualitätsspektrum sowie auf Wertschöpfungs- und Service-Aktivitäten, wie beispielsweise Wärme- und Oberflächenbehandlungen. Während die Nachfrage in Europa über das gesamte Geschäftsjahr 2025/26 hinweg stabil, jedoch gedämpft blieb, war die Geschäftsentwicklung in Nordamerika nicht zuletzt aufgrund der US-Zölle von vorsichtigem Be...",korrekt,Aussage gibt schlüssig wieder
VOE-036,voestalpine AG,65,hauptrisiken,Regulierung,Geschaeftsbericht,exakt,US-Handelszölle und regulatorische Handelsmaßnahmen,Seit Juni 2025 erschweren erhöhte Importzölle auf Stahlprodukte die Absatzmöglichkeiten in den USA erheblich.,...u. Das Produktsegment Tubulars (Nahtlosrohre) war im Geschäftsjahr 2025/26 von den tiefgreifenden Auswirkungen der US-Handelszölle geprägt. Seit Juni 2025 erschweren erhöhte Importzölle auf Stahl- produkte die Absatzmöglichkeiten in den USA erheblich. Diese Maßnahmen erforderten eine schritt- weise Rücknahme der Produktionskapazitäten in Verbindung mit Einsparungsprogrammen sowie einer bereits längerfristig vorbereiteten regionalen Diversifizierung in Ric...,korrekt,Aussage gibt schlüssig wieder
VOE-037,voestalpine AG,65,strategische_prioritaeten,,Geschaeftsbericht,exakt,Regionale Diversifizierung im Bereich Nahtlosrohre,Diese Maßnahmen erforderten eine schrittweise Rücknahme der Produktionskapazitäten in Verbindung mit Einsparungsprogrammen sowie einer bereits längerfristig vorbereiteten regionalen Diversifizierung in Richtung MENA.,"...er US-Handelszölle geprägt. Seit Juni 2025 erschweren erhöhte Importzölle auf Stahl- produkte die Absatzmöglichkeiten in den USA erheblich. Diese Maßnahmen erforderten eine schritt- weise Rücknahme der Produktionskapazitäten in Verbindung mit Einsparungsprogrammen sowie einer bereits längerfristig vorbereiteten regionalen Diversifizierung in Richtung MENA. Das Produktsegment Wire (Draht) war über das gesamte Geschäftsjahr 2025/26 hinweg mit einer ver- haltenen Marktstimmung in den Kernbranchen Automobil, Bau und Maschinenbau konfrontiert. Ledig- lich Spezialan...",inhalt_verzerrt,Zitat korrekt übernommen von S. 65. Aussage stützt sich auf gesamten Absatz und kann mithilfe des Zitats nicht gebildet werden. Umgebungstext ist falsch und ist 3 Absätze weiter oben zu verorten als das Zitat.
VOE-038,voestalpine AG,72,strategische_prioritaeten,,Geschaeftsbericht,exakt,Klimafreundliche Stahlerzeugung durch das Transformationsprojekt greentec steel,An den österreichischen Stahlstandorten Linz und Donawitz lag der Fokus der Investitionstätigkeit auf der Umsetzung des Transformationsprojektes greentec steel.,...Wachstumsvorhaben in Verarbeitungs- bereichen. An internationalen Standorten wurden zahlreiche Projekte gestartet oder bereits umge- setzt. An den österreichischen Stahlstandorten Linz und Donawitz lag der Fokus der Investitionstätig- keit auf der Umsetzung des Transformationsprojektes greentec steel. Darüber hinaus wurde mit dem offiziellen Spatenstich für die Demonstrationsanlage Hy4Smelt im Herbst 2025 gemeinsam mit inter- nationalen Partner:innen ein weiteres Entwicklungsprojekt im Bereich der klimafr...,korrekt,Aussage gibt schlüssig wieder
VOE-039,voestalpine AG,74,capex_ma_signale,,Geschaeftsbericht,exakt,Investitionen in Höhe von rund 70 Mio. EUR zur Kapazitätserweiterung am Standort Jeffersonville.,Das Investitionsvolumen für die zusätzlichen Profilier- und Weiterverarbeitungsanlagen beläuft sich auf rund 70 Mio. EUR.,...erfolgte bereits gegen Ende des Geschäftsjahres 2025/26. Im Endausbau ist eine Verdoppelung des Leistungspotenzials des Standortes geplant. Das Investitionsvolumen für die zusätzlichen Profilier- und Weiterverarbeitungsanlagen beläuft sich auf rund 70 Mio. EUR. Darüber hinaus in vestierte der brasilianische Standort Meincol in Caxias do Sul in die Erweiterung der Ferti- gungskapazitäten. Der Projektabschluss ist für das Geschäftsjahr 2026/27 vorgesehen. In Belgien st...,beleg_stuetzt_nicht,"Standort steht auf S.74 weiter oben, nicht im zitierten Satz."
VOE-040,voestalpine AG,74,wachstumsmaerkte,Nordamerika,Geschaeftsbericht,exakt,Die Rollforming Corporation baut am Standort Jeffersonville die Produktionskapazitäten aus und plant eine Verdoppelung des Leistungspotenzials.,"Am Standort Jeffersonville, USA, trieb die nordamerikanische Gesellschaft Rollforming Corporation die Erweiterung der Produktionskapazitäten weiter voran.","...elektive Ersatzinvestitionen. Der Geschäftsbereich Tubes & Sections stellt hingegen einen strategischen Wachstumsbereich der Division dar . Am Standort Jeffersonville, USA, trieb die nordamerikanische Gesellschaft Rollforming Corporation die Erweiterung der Produktionskapazitäten weiter voran. Der Hochlauf für die erste Expansionss tufe erfolgte bereits gegen Ende des Geschäftsjahres 2025/26. Im Endausbau ist eine Verdoppelung des Leistungspotenzials des Standortes geplant. Das Investitionsvolumen f...",beleg_stuetzt_nicht,Auf die Verdopplung des Leistungspotenzials lässt sich anhand des Zitats nicht schließen - nur möglich mit Umgebungstext
VOE-041,voestalpine AG,75,capex_ma_signale,,Geschaeftsbericht,exakt,Akquisition von 100 % der Anteile an HIRD Rail Services Limited im Bereich Railway Systems.,"Im Juli 2025 erwarb der Geschäftsbereich Railway Systems 100 % der Anteile an der Gesellschaft HIRD Rail Services Limited mit Sitz in Doncaster, Großbritannien.","...tion im Ber eich Railway Systems auch Devestitionen in der Steel Division sowie der High Performance Metals Division erfolgreich umgesetzt. Im Juli 2025 erwarb der Geschäftsbereich Railway Systems 100 % der Anteile an der Gesellschaft HIRD Rail Services Limited mit Sitz in Doncaster, Großbritannien. Das britische Unternehmen ist Hersteller von hochwertigen Isolierstößen für die lokale Eisenbahninfrastruktur. Die Übernahme stärkt die stra- tegische Position auf dem britischen Markt im sicherheitskritischen...",korrekt,Aussage gibt schlüssig wieder
VOE-042,voestalpine AG,75,capex_ma_signale,,Geschaeftsbericht,exakt,Verkauf von voestalpine BÖHLER Profil an Kadant Inc.,Im Rahmen der Neuorganisation der High Performance Metals Division beschloss das Management der Division aus strategischen Gründen den Verkauf von voestalpine BÖHLER Profil.,"...industrie. Zuletzt waren hier 47 Mitarbeiter:innen beschäftigt, die im Geschäftsjahr 2024/25 einen Umsatz von 14 Mio. EUR erwirtschafteten. Im Rahmen der Neuorganisation der High Performance Metals Division beschloss das Management der Division aus strategischen Gründen den Verkauf von voestalpine BÖHLER Profil. Ende Januar 2026 erfolgte der Vertragsabschluss mit dem Erwerber Kadant Inc. voestalpine BÖHLER Profil in Bruckbach, Österreich, liefert Spezialprofile in unterschiedliche Industriefelder und ist darüber hinau...",beleg_stuetzt_nicht,Erwerber Kadant lässt sich nur mit Umgebunstext herauslesen - Zitat gibt die Information nicht her
VOE-043,voestalpine AG,75,capex_ma_signale,,Geschaeftsbericht,exakt,Verkauf der voestalpine Camtec Gruppe durch die Steel Division.,Im August 2025 veräußerte die Steel Division die voestalpine Camtec Gruppe.,"...In der Steel Division und in der High Performance Metals Division kam es im abgelaufenen Geschäfts- jahr 2025/26 zu Portfoliobereinigungen. Im August 2025 veräußerte die Steel Division die voestalpine Camtec Gruppe. Diese ist auf die Herstellung von Schiebern und wartungsfreien Gleitelementen aus Messing, Kupfer und Aluminium spezialisiert und beliefert vor allem die Automobil- und Automobil - zulie fer- sowie die Maschin...",korrekt,Aussage gibt schlüssig wieder
VOE-044,voestalpine AG,86,hauptrisiken,Markt,Nachhaltigkeitsberichterstattung,exakt,"Handelspolitisch motivierte Markteingriffe, insbesondere US-Zölle auf Stahlprodukte",Neben geopolitischen Konflikten beeinflussen auch handelspolitisch motivierte Eingriffe in Märkte – etwa in Form von Zöllen und Gegenzöllen bzw. Sanktionen – das Wirtschaftswachstum. So war der voestalpine-Konzern von US-Zöllen auf Stahlimporte beim Export aus dem EU-Raum in die USA betroffen,...ran-Krieges bestehende Vorkehrungen zur Versorgungssicherheit lau- fend auf ihre Wirksamkeit geprüft und bei Bedarf entsprechend angepasst. Neben geopolitischen Konflikten beeinflussen auch handelspolitisch motivierte Eingriffe in Märkte – etwa in Form von Zöllen und Gegenzöllen bzw. Sanktionen – das Wirtschaftswachstum. So war der voestalpine-Konzern von US-Zöllen auf Stahlimporte beim Export aus dem EU-Raum in die USA be- troffen (Erhöhung der Section 232-Zölle für Stahl von 25 % auf 50 % und der zusätzlichen Einführung der reziproken Zölle (IEEPA-Zölle) von 15 % auf Produkte aus Stahl). Im abgelaufenen Geschäftsjahr belief sich der ...,korrekt,Aussage gibt schlüssig wieder
VOE-045,voestalpine AG,92,hauptrisiken,Technologie,Geschaeftsbericht,exakt,"Projektrisiken, insbesondere Hochlauf- und Kostensteigerungsrisiken bei Großprojekten","Etwaigen Risiken aus Projekten (wie z. B. aus Großprojekten, aus Investitionen) wird durch den Einsatz unterschiedlichster Projektmanagement-Tools sowie durch ein entsprechendes Projekt-Monitoring – und je nach Größe des Projektes auch durch regelmäßige Projektaufsichtssitzungen unter Einbindung des Top-Managements – entgegengewirkt.","...etaillierte Prozessdokumentationen, insbesondere auch im IT-gestützten Bereich, tragen ebenfalls zur Sicherung des vorhandenen Wissens bei. Etwaigen Risiken aus Projekten (wie z. B. aus Großprojekten, aus Investitionen) wird durch den Einsatz unterschiedlichster Projektmanagement-Tools sowie durch ein entsprechendes Projekt-Monitoring – und je nach Größe des Projektes auch durch regelmäßige Projektaufsichtssitzungen unter Einbin- dung des Top-Managements – entgegengewirkt. Dies betrifft insbesondere auch etwaige Hochlauf- bzw. Kostensteigerungsrisiken. Erkenntnisse aus früheren Aktivitäten werden im Sinne von „Lessons Learned“ gesammelt und bilden die Basis der kontinuierliche...",beleg_stuetzt_nicht,Hochlauf- bzw. Kostensteigerungsrisiken wird im Zitat nicht erwähnt - hierfür wird Umgebungstext benötigt.
VOE-046,voestalpine AG,93,hauptrisiken,Regulierung,Geschaeftsbericht,exakt_nach_normalisierung,"Belastung des Standorts Europa durch politische Spannungen, hohe Kosten und regulatorische Hürden","Politische Spannungen auf europäischer Ebene, hohe Energie- und Arbeitskosten, strenge Umweltanforderungen, bürokratische Hürden sowie regulatorische Unsicherheiten belasten den Standort Europa weiterhin und können z. B. zu einer zunehmenden Abwanderung der Produktion und von Investitionen, zu einem Anstieg bei Insolvenzen und zu deutlichen Wettbewerbsnachteilen infolge einseitiger Regulierungen führen.","...en weiterhin laufend beobachtet sowie bewertet und geplante Maßnahmen konsequent umgesetzt. » S TRUKTURWANDEL IN DER EUROPÄISCHEN INDUSTRIE Politische Spannungen auf europäischer Ebene, hohe Energie- und Arbeitskosten, strenge Umwelt- anforderungen, bürokratische Hürden sowie regulatorische Unsicherheiten belasten den Standort Europa weiterhin und können z. B. zu einer zunehmenden Abwanderung der Produktion und von In vestitionen, zu einem Anstieg bei Insolvenzen und zu deutlichen Wettbewerbsnachteilen infolge einseitiger Regulierungen führen. In diesem Umfeld sind Schutzmaßnahmen zur Sicherung der Wett- bewerbsfähigkeit und Stabilität der europäischen Industrie von erheblicher Bedeutung. Entwicklun- gen werden weiterhin laufend beobachtet sowie ...",korrekt,Aussage gibt schlüssig wieder
VOE-047,voestalpine AG,93,hauptrisiken,Regulierung,Geschaeftsbericht,exakt,Mehraufwand und Haftungsrisiken durch Lieferkettensorgfaltspflichtengesetze,Die erforderlichen Aktivitäten zur Erfüllung des deutschen Lieferkettensorgfaltspflichtengesetzes wurden initiiert. Prozessvorgaben an betroffenen Standorten sind ausgerollt und werden laufend abgearbeitet. Zur Vorbereitung auf das europäische Lieferkettensorgfaltspflichtengesetz wurden erste Umsetzungsmaßnahmen gestartet.,"...che Auswirkungen, Risiken und Chancen und ihr Zusammenspiel mit Strategie und Geschäfts - modell sowie in den themenspezifischen Kapiteln). Die erforderlichen Aktivitäten zur Erfüllung des deutschen Lieferkettensorgfaltspflichtengesetzes wurden initiiert. Prozessvorgaben an betroffenen Standorten sind ausgerollt und werden laufend abgearbeitet. Zur Vorbereitung auf das europäische Lieferkettensorgfaltspflichtengesetz wurden erste Umsetzungsmaßnahmen gestartet. Die gesetzlichen Entwicklungen ergeben einen erhöhten Mehraufwand, da die Umsetzungsverantwortung ohne vorgegebenen Mindest-Standard auf die großen Unternehmen abgeschoben wurde. Gesetzliche Entwicklungen werd...",beleg_stuetzt_nicht; inhalt_verzerrt,Der Mehraufwand lässt sich nicht im Zitat finden (Umgebungstext schon); Haftungsrisiken werden nirgends erwähnt
VOE-048,voestalpine AG,93,hauptrisiken,Finanzierung,Geschaeftsbericht,exakt,Liquiditätsrisiko und Nichterfüllung finanzieller Verpflichtungen,"Liquiditätsrisiken bestehen im Allgemeinen darin, dass ein Unternehmen möglicherweise nicht in der Lage ist, den finanziellen Verpflichtungen nachzukommen. Die bestehenden Liquiditätsreserven versetzen die Gesellschaft in die Lage, auch in Krisenzeiten ihre Verpflichtungen fristgerecht zu erfüllen.","...t einem Grundgeschäft verwendet werden. Im Einzelnen werden Finanzierungsrisiken durch folgende Maßnahmen abgesichert: » Liquidit ätsrisiko Liquiditätsrisiken bestehen im Allgemeinen darin, dass ein Unternehmen möglicherweise nicht in der Lage ist, den finanziellen Verpflichtungen nachzukommen. Die bestehenden Liquiditätsreserven versetzen die Gesellschaft in die Lage, auch in Krisenzeiten ihre Verpflichtungen fristgerecht zu erfüllen. Wesentliches Instrument zur Steuerung des Liquiditätsrisikos ist neben der Liquiditätsreserve",korrekt,Aussage gibt schlüssig wieder
VOE-049,voestalpine AG,94,hauptrisiken,Finanzierung,Geschaeftsbericht,exakt,Bonitätsrisiko und Ausfall von Forderungen gegenüber Geschäftspartnern,"Das Bonitätsrisiko bezeichnet Vermögensverluste, die aus der Nichterfüllung von Vertragsverpflichtungen einzelner Geschäftspartner:innen entstehen können. Das Bonitätsrisiko der Grundgeschäfte ist durch einen hohen Anteil an Kreditversicherungen und bankmäßigen Sicherheiten (Garantien, Akkreditive) weitestgehend abgesichert.","...m Klumpenrisiken zu ver - meiden. Es wird weiterhin hoher Wert auf die Steigerung der internen Finanzierungskraft gelegt. » Bonit ätsrisiko Das Bonitätsrisiko bezeichnet Vermögensverluste, die aus der Nichterfüllung von Vertragsverpflich- tungen einzelner Geschäftspartner:innen entstehen können. Das Bonitätsrisiko der Grundgeschäfte ist durch einen hohen Anteil an Kreditversicherungen und bankmäßigen Sicherheiten (Garantien, Akkreditive) weitestgehend abgesichert. Das Ausfallrisiko für das verbleibende Eigenrisiko wird durch definierte Prozesse der Bonitätsbeurteilung, Risikobewertung, Risikoklassifizierung und Bonitäts überw achung gemanagt. Durch den aktuellen Ukrai...",korrekt,Aussage gibt schlüssig wieder
VOE-050,voestalpine AG,95,hauptrisiken,Finanzierung,Geschaeftsbericht,exakt,Währungs- und Zinsrisiken im Finanzbereich,"Die Zinsrisikobeurteilung erfolgt für den gesamten Konzern zentral in der voestalpine AG. Hier wird insbesondere das Cashflow-Risiko (Risiko, dass sich der Zinsaufwand bzw. Zinsertrag zum Nachteil verändert) gemanagt.","95 GESCHÄFTSBERICHT 2025/26 » Zinsrisik o Die Zinsrisikobeurteilung erfolgt für den gesamten Konzern zentral in der voestalpine AG. Hier wird insbesondere das Cashflow-Risiko (Risiko, dass sich der Zinsaufwand bzw. Zinsertrag zum Nachteil verändert) gemanagt. Mit Stichtag 31. März 2026 würde die Erhöhung des Zinsniveaus um einen Prozentpunkt zu einer Verminderung des Nettozinsaufwands aus Bankdarlehen und Kapitalmarkt- verbindlichkeiten im nächsten Geschäftsjahr in...",beleg_stuetzt_nicht,"""Währungsrisiken"" wird wird nicht im Zitat erwähnt."
VOE-051,voestalpine AG,122,strategische_prioritaeten,,Nachhaltigkeitsberichterstattung,exakt_nach_normalisierung,"Fokussiertes Wachstum in renditestarken Bereichen wie Schieneninfrastruktur, Luftfahrtindustrie, Spezialprofilen und Lagertechnik","Entsprechend unserem übergeordneten strategischen Ziel der Wertsteigerung und damit der Erhöhung des Unternehmenswerts ist das fokussierte Wachstum in attraktiven, renditestarken Bereichen wie der Schieneninfrastruktur, der Luftfahrtindustrie sowie bei Spezialprofilen und in der Lagertechnik ein wesentlicher strategischer Pfeiler.","...rt im Konzernverbund. Zudem führt unsere stabile Eigentümerstruktur zu strategischer Eigenständigkeit im Interesse aller Stakeholder:innen. Entsprechend unserem übergeordneten strategischen Ziel der Wertsteigerung und damit der Erhöhung des Unternehmenswerts ist das fokussierte Wachstum in attraktiven, r enditestarken Bereichen wie der Schieneninfrastruktur, der Luftfahrtindustrie sowie bei Spezialprofilen und in der L agertechnik ein wesentlicher strategischer Pfeiler. Wir entwickeln unser Angebotsportfolio mit inno- vativen Lösungen weiter, stärken unsere Differenzierungsfaktoren in unseren Kernmärkten und setzen auf eine weitere zielgerichtete Internationalisierung in Wa...",korrekt,Aussage gibt schlüssig wieder
VOE-052,voestalpine AG,122,strategische_prioritaeten,,Nachhaltigkeitsberichterstattung,exakt,"Aktives Portfoliomanagement, Effizienzfokus und Reorganisation renditeschwacher Geschäftsbereiche",Ein aktives und konsequentes Management unseres Portfolios mit Fokus auf Effizienz in allen Bereichen und Stärkung der Wettbewerbsfähigkeit unserer (Produktions-)Standorte sowie der Reorganisation renditeschwacher Geschäftsbereiche sichert zudem die Zukunftsfähigkeit und Resilienz des Unternehmens und bildet damit den zweiten wesentlichen Pfeiler unserer Strategie.,...zierungsfaktoren in unseren Kernmärkten und setzen auf eine weitere zielgerichtete Internationalisierung in Wachstumsmärkten und -regionen. Ein aktives und konsequentes Management unseres Portfolios mit Fokus auf Effizienz in allen Bereichen und Stärkung der Wettbewerbsfähigkeit unserer (Produktions-)Standorte sowie der Reorganisation renditeschwacher Geschäftsbereiche sichert zudem die Zukunftsfähigkeit und Resilienz des Unterneh- mens und bildet damit den zweiten wesentlichen Pfeiler unserer Strategie. Die wirtschaftlich erfolg - r eiche Dekarbonisierung der hochofenbasierten Stahlerzeugung mit dem klaren Ziel von Net-Zero- Emissionen bis 2050 und dem weiteren Auf- und Ausbau der Kreislaufwirtschaft bildet...,korrekt,Aussage gibt schlüssig wieder
VOE-053,voestalpine AG,122,strategische_prioritaeten,,Nachhaltigkeitsberichterstattung,exakt_nach_normalisierung,Wirtschaftlich erfolgreiche Dekarbonisierung der Stahlerzeugung mit dem Ziel Net-Zero bis 2050 und Ausbau der Kreislaufwirtschaft,Die wirtschaftlich erfolgreiche Dekarbonisierung der hochofenbasierten Stahlerzeugung mit dem klaren Ziel von Net-Zero-Emissionen bis 2050 und dem weiteren Auf- und Ausbau der Kreislaufwirtschaft bildet den dritten wesentlichen Pfeiler unserer Strategie.,...e sichert zudem die Zukunftsfähigkeit und Resilienz des Unterneh- mens und bildet damit den zweiten wesentlichen Pfeiler unserer Strategie. Die wirtschaftlich erfolg - r eiche Dekarbonisierung der hochofenbasierten Stahlerzeugung mit dem klaren Ziel von Net-Zero- Emissionen bis 2050 und dem weiteren Auf- und Ausbau der Kreislaufwirtschaft bildet den dritten wesentlichen Pfeiler unserer Strategie. Als internationaler Konzern bekennen wir uns zu den globalen Klimazielen und arbeiten intensiv an Technologien zur Reduktion von Treibhausgasemissionen sowie an der langfristigen Dekarbonisierung. NACHHAL...,korrekt,Aussage gibt schlüssig wieder; Umgebungstext nicht richtig zugeteilt
VOE-054,voestalpine AG,123,capex_ma_signale,,Nachhaltigkeitsberichterstattung,exakt,Investitionen in zukunftsweisende und wasserstoffbasierte Technologien,"Die voestalpine investiert in wasserstoffbasierte und zukunftsweisende Technologien, um eine emissionsarme Produktion zu ermöglichen.","...otwen- digkeit, den Klimawandel einzudämmen, müssen Stahlhersteller:innen alternative Wege für eine umw eltfreundlichere Produktion finden. Die voestalpine investiert in wasserstoffbasierte und zukunfts- weisende Technologien, um eine emissionsarme Produktion zu ermöglichen. Die voestalpine bekennt sich zu klaren Nachhaltigkeitszielen und sieht bis 2050 Net-Zero-Emissionen vor. Im Rahmen der Science Based Targets initiative (SBTi) verpflichtet sich das Unternehmen, die Sum- me d...",korrekt,KONTROLLE: zusaetzlich im PDF pruefen - geprüft
VOE-055,voestalpine AG,124,capex_ma_signale,,Nachhaltigkeitsberichterstattung,exakt_nach_normalisierung,"Investition von 1,5 Mrd. EUR in zwei grünstrombetriebene Elektrolichtbogenöfen an den Standorten Linz und Donawitz","In der ersten Phase werden bereits 1,5 Mrd. EUR in einen grünstrombetriebenen Elektrolichtbogenofen in Linz und in eine grünstrombetriebene Elektrolichtbogenofenanlage in Donawitz investiert, die jeweils einen Hochofen ersetzen sollen.","...bei wird die hochofenbasierte Stahlerzeugung in der Steel Division und der Metal Engineering Division schrittweise bis 2050 dekarbonisiert. In der ersten Phase werden bereits 1,5 Mrd. EUR in einen grünstrombetriebenen Elektrolichtbogenofen in Linz und in eine grüns trombetriebene Elektrolichtbogenofenanlage in Donawitz investiert, die je- weils einen Hochofen ersetzen sollen. Je nach Qualitäts an forderungen kommt dabei ein Materialmix aus Schrott, flüssigem R oheisen und Hot Briquetted Iron (HBI) zum Einsatz. Diese sich bereits in Bau befindlichen Elektrolichtbogenöfen werden 2...",korrekt,Aussage gibt schlüssig wieder
VOE-056,voestalpine AG,124,strategische_prioritaeten,,Nachhaltigkeitsberichterstattung,exakt_nach_normalisierung,Schrittweise Dekarbonisierung der Stahlerzeugung im Rahmen des Klimaschutzprogramms greentec steel bis 2050,"Um der Herausforderung dieser Dekarbonisierung der Stahlerzeugung unter Erhalt der Wirtschaftlichkeit und Wettbewerbsfähigkeit zu begegnen und das Net-Zero-Ziel bis 2050 zu erreichen, hat die voestalpine das ambitionierte Klimaschutzprogramm greentec steel als ein Kernelement in der Konzern- und Nachhaltigkeitsstrategie entwickelt.","124 GESCHÄFTSBERICHT 2025/26 Um der Herausforderung dieser Dekarbonisierung der Stahlerzeugung unter Erhalt der Wirtschaftlich- keit und Wettbewerbsfähigkeit zu begegnen und das Net-Zero-Ziel bis 2050 zu erreichen, hat die v oestalpine das ambitionierte Klimaschutzprogramm greentec steel als ein Kernelement in der Konzern- und Nachhaltigkeitsstrategie entwickelt. Dabei wird die hochofenbasierte Stahlerzeugung in der Steel Division und der Metal Engineering Division schrittweise bis 2050 dekarbonisiert. In der ersten Phase werden bereits 1,5 Mrd. EUR in einen grünstr...",korrekt,Aussage gibt schlüssig wieder
VOE-057,voestalpine AG,124,strategische_prioritaeten,,Nachhaltigkeitsberichterstattung,exakt_nach_normalisierung,Ausbau der Kreislaufwirtschaft und Erhöhung des Schrotteinsatzes bis 2030,"Um diese Herausforderungen zu adressieren, hat sich die voestalpine die strategischen Ziele gesetzt, die Versorgung der Produktionsstandorte mit den benötigten Rohstoffen und Energien langfristig und wirtschaftlich abzusichern sowie die Kreislaufwirtschaft weiter auszubauen und den Einsatz von Schrott als Sekundärrohstoff in der Stahlerzeugung bis 2030 um 50 % zu erhöhen.","... in der Sicherung der benötigten Rohstoffe und Energieträger, deren Bedarfe sich im Zuge der Transfor- mation der Stahlerzeugung verändern. Um diese Herausforderungen zu adressieren, hat sich die v oestalpine die strategischen Ziele gesetzt, die Versorgung der Produktionsstandorte mit den benö- tigten Rohstoffen und Energien langfristig und wirtschaftlich abzusichern sowie die Kreislaufwirtschaft weiter auszubauen und den Einsatz von Schrott als Sekundärrohstoff in der Stahlerzeugung bis 2030 um 50 % zu erhöhen. Entsprechende Maßnahmenpakete werden bereits umgesetzt und werden wei- terhin entwickelt. Weitere Informationen dazu finden Sie in den Kapiteln E1 und E5. Eine weitere strategische Herausforderung für die v...",korrekt,Aussage gibt schlüssig wieder
VOE-058,voestalpine AG,124,strategische_prioritaeten,,Nachhaltigkeitsberichterstattung,exakt_nach_normalisierung,Senkung der Unfallhäufigkeitsquote bis 2030,"Daher wird kontinuierlich an der weiteren Reduktion der Unfallhäufigkeit sowie der Erhöhung der Gesundheitsquote gearbeitet, um sich der Vision von „Zero Accidents“ anzunähern. Strategisch soll die Unfallhäufigkeitsquote bis 2030 auf 5,5 gesenkt werden.","...innen und die laufende Sicherstellung und Erhö- hung der Arbeitssicherheit zentrale Grundwerte der voestalpine und haben oberste Priorität. Daher wird kontinuierlich an der weiteren Reduktion der Unfallhäufigkeit sowie der Erhöhung der Gesund- heitsquote gearbeitet, um sich der Vision von „Zero Accidents“ anzunähern. Strategisch soll die Unfall - häufigk eitsquote bis 2030 auf 5,5 gesenkt werden. Konzernweite Sicherheitsstandards bilden das Fundament einer erfolgreichen health & safety-Unternehmenskultur. Weitere Informationen dazu fin - den Sie im Kapitel S1. Die voestalpine adressiert auch die ...",korrekt,KONTROLLE: zusaetzlich im PDF pruefen - geprüft
VOE-059,voestalpine AG,134,hauptrisiken,Technologie,Nachhaltigkeitsberichterstattung,exakt,Sicherstellung der Produktqualität bei vermehrtem Schrotteinsatz,"Dem Risiko der „Sicherstellung der Produktqualität bei vermehrtem Schrotteinsatz“ begegnet die voestalpine mit einem breiten Maßnahmenbündel. Kern dieser Maßnahmen ist der verstärkte Forschungsfokus, um nach Umstellung von der Hochofen- auf die Elektrolichtbogenofenroute weiterhin Stahlgüten in höchster Qualität herstellen zu können (siehe Kapitel I, F&E).","...des Strategiereviewprozesses regelmäßig analysiert und bewertet. Angaben hinsichtlich des Klima- wandels finden sich im Abschnitt SBM-3 E1. Dem Risiko der „Sicherstellung der Produktqualität bei vermehrtem Schrotteinsatz“ begegnet die voestalpine mit einem breiten Maßnahmenbündel. Kern dieser Maßnahmen ist der verstärkte Forschungsfokus, um nach Umstellung von der Hochofen- auf die Elektrolichtbogenofenroute weiterhin Stahlgüten in höchster Qualität herstellen zu können (siehe Kapitel I, F&E). In Bezug auf das Risiko durch Verstöße gegen Compliance-Richtlinien und Wirtschafts- kriminalität liegen ausreichend Konzepte und Verfahren vor. Nähere Informationen dazu finden sich im Kapitel G1-1 und G1-3. ...",korrekt,KONTROLLE: zusaetzlich im PDF pruefen - geprüft
VOE-060,voestalpine AG,135,hauptrisiken,Regulierung,Nachhaltigkeitsberichterstattung,exakt,Höhere Kosten durch CO2-Bepreisung und Wettbewerbsnachteile,"CO2e-Bepreisungsmechanismen wie das EU-Emissionshandelssystem (ETS) und der CO2 -Grenzausgleichsmechanismus (CBAM) führen zu steigenden finanziellen Belastungen, die potenziell Wettbewerbsnachteile gegenüber Nicht-EU-Wettbewerber:innen verursachen und einen strukturellen Wandel, wie Abwanderung von Abnehmerindustrien und einen höheren Preiswettbewerb, in der Industrie auslösen können.","...htlich der identifizierten transitorischen Klima risik en wurden geplante und aktuelle Mitigationsmaßnahmen mitberücksichtigt (siehe E1-3). CO2e-Bepreisungsmechanismen wie das EU-Emissionshandelssystem (ETS) und der CO2 -Grenzaus- gleichsmechanismus (CBAM) führen zu steigenden finanziellen Belastungen, die potenziell Wettbe- werbsnachteile gegenüber Nicht-EU-Wettbewerber:innen verursachen und einen strukturellen Wan- del, wie Abwanderung von Abnehmerindustrien und einen höheren Preiswettbewerb, in der Industrie auslösen können. Ein Kernelement der strategischen Ausrichtung der voestalpine stellt die Dekarbonisierung der Stahl- erzeugung dar (siehe SBM-1), unter anderem, um dem Risiko der höheren Kosten für CO2-Zertifikate entsp...",korrekt,Aussage gibt schlüssig wieder
VOE-061,voestalpine AG,135,hauptrisiken,Lieferkette,Nachhaltigkeitsberichterstattung,exakt,Engpässe in der Energieversorgung und höhere Beschaffungskosten,"Gleichzeitig können damit verbundene transitorische Risiken entstehen – insbesondere in Bezug auf Lieferengpässe für Energie, wichtige Rohstoffe und damit einhergehende höhere Kosten und sich verändernden Wettbewerb –, denen mit laufenden Maßnahmen entgegengewirkt wird (siehe E1-3).","... bereits berücksichtigt (siehe E1-1 und E1-3), womit die voestalpine die Anpassung des Geschäftsmodells an den Klimawandel sicher - stellt. Gleichzeitig können damit verbundene transitorische Risiken entstehen – insbesondere in Bezug auf Lieferengpässe für Energie, wichtige Rohstoffe und damit einhergehende höhere Kosten und sich ver- ändernden Wettbewerb –, denen mit laufenden Maßnahmen entgegengewirkt wird (siehe E1-3).",korrekt,Aussage gibt schlüssig wieder
VOE-062,voestalpine AG,145,hauptrisiken,Lieferkette,Nachhaltigkeitsberichterstattung,exakt_nach_normalisierung,Lieferkettenprobleme durch klimabedingte Pegelschwankungen,"Ein chronisches Klimarisiko sind beispielsweise klimabedingte Pegelschwankungen von Flüssen, die die Schiffbarkeit beeinträchtigen (z. B. auf der Donau) und dadurch Lieferkettenprobleme verursachen können.","...enfälle, Überflutungen und Murenabgänge wurden beispielsweise für den voestalpine-Konzern als wesentliche akute Klimarisiken identifiziert. Ein chroni- sches Klimarisiko sind beispielsweise klimabedingte Pegelschwankungen von Flüssen, die die Schiff - barkeit beeinträchtigen (z. B. auf der Donau) und dadurch Lieferkettenprobleme verursachen können.",korrekt,Aussage gibt schlüssig wieder
VOE-063,voestalpine AG,176,capex_ma_signale,,Nachhaltigkeitsberichterstattung,exakt_nach_normalisierung,"Investitionsbudget von 1,5 Mrd. EUR fuer die erste Phase des Projekts greentec steel bis zum Geschaeftsjahr 2027/28","Der CapEx-Plan umfasst ein Gesamtvolumen von 1,5 Mrd. EUR und wird aller Voraussicht nach im Geschäftsjahr 2027/28 abgeschlossen werden. Im abgelaufenen Geschäftsjahr wurden 292,7 Mio. EUR (2024/25: 134,4 Mio. EUR) im Zuge des CapEx-Plans als taxonomiekonform unter der Wirtschaftstätigkeit 3.9 Herstellung von Eisen und Stahl klassifiziert.","...ns tändige Produk tionseinheit mit den en tsprechenden technischen Be- wertungskriterien unter dem Umweltziel Klimaschutz ermittelt werden. Der CapEx-Plan umfasst ein Gesamtvolumen von 1,5 Mrd. EUR und wird aller Voraussicht nach im Geschäftsjahr 2027/28 abge- schlossen werden. Im abgelaufenen Geschäftsjahr wurden 292,7 Mio. EUR (2024/25: 134,4 Mio. EUR) im Zuge des CapEx-Plans als taxonomiekonform unter der Wirtschaftstätigkeit 3.9 Herstellung von Eisen und S tahl klassifiziert. Der taxonomiekonforme CapEx in Höhe von 381,8 Mio. EUR setzt sich aus Zugängen zu Sach- anlagen und immateriellen Vermögenswerten in Höhe von 371,1 Mio. EUR, Zugängen zu Sachanlagen und immateriellen Vermög...",beleg_stuetzt_nicht,"Budget von 1,5 Mrd. EUR lässt sich aus Zitat nicht ausschließlich auf Greentec beziehen. Greentec steht im selben Absatz als Gesamtprojekt auf S.176"
VOE-064,voestalpine AG,181,hauptrisiken,Technologie,Nachhaltigkeitsberichterstattung,exakt_nach_normalisierung,Risiken bei der technischen Umstellung auf emissionsarme Technologien im Rahmen von greentec steel,"Die Transformation hin zu einer emissionsarmen Stahlproduktion im Rahmen von greentec steel erfordert von der voestalpine erhebliche Investitionen in neue Technologien und Anlagen, die unter teils unsicheren gesetzlichen Rahmenbedingungen getätigt werden, z. B.","... Lokale, nationale und internationale Behörden Lieferant:innen Transitorisches Risiko: Technische Umstellung auf emissionsarme Technologien Die Transformation hin zu einer emissions - armen S tahlproduktion im Rahmen von greentec steel erfordert von der voestalpine erhebliche Investitionen in neue Technologien und Anlagen, die unter teils unsicheren gesetz lichen R ahmenbedingungen getätigt werden, z. B. Unsicher heit en bei der Ausgestal- tung von Schutzmaßnahmen wie dem Carbon Border Adjustment Mechanism (CBAM) und bei der zukünftigen Zuteilung von kostenlosen Zertifikaten. Auch das Fehlen einer einhei...",korrekt,Aussage gibt schlüssig wieder
VOE-065,voestalpine AG,181,hauptrisiken,Regulierung,Nachhaltigkeitsberichterstattung,exakt,Kostenbelastungen und Wettbewerbsnachteile durch CO2e-Bepreisungsmechanismen,"CO2e-Bepreisungsmechanismen wie das EU-Emissionshandelssystem (ETS) und der CO2-Grenzausgleichsmechanismus (CBAM) führen zu steigenden finanziellen Belastungen, die potenziell Wettbewerbsnachteile gegenüber Nicht-EU-Wettbewerber:innen verursachen und einen strukturellen Wandel, wie Abwanderung von Abnehmerindustrien und einen höheren Preiswettbewerb, in der Industrie auslösen können.","...emporären Betriebs aus fällen. Umwelt Lokale, nationale und internationale Behörden Transitorisches Risiko: Kosten aufgrund CO2e-Bepreisung CO2e-Bepreisungsmechanismen wie das EU-Emissionshandelssystem (ETS) und der CO2-Grenzausgleichsmechanismus (CBAM) führen zu steigenden finanziellen Belastungen, die potenziell Wettbewerbsnachteile gegen- über Nicht-EU-Wettbewerber:innen verursachen und einen strukturellen Wandel, wie Abwande- rung von Abnehmerindustrien und einen höheren Preiswettbewerb, in der Industrie auslösen können. Umwelt Gesetzgeber:innen Mitbewerber:innen Kund:innen Lieferant:innen Investor:innen Transitorische Chance: Steigerung der Verkaufs - v olumina von emissions - armen S tahlprodukten für die voestalpine (in...",korrekt,Aussage gibt schlüssig wieder
VOE-066,voestalpine AG,182,hauptrisiken,Lieferkette,Nachhaltigkeitsberichterstattung,exakt_nach_normalisierung,Lieferengpaesse und hoehere Kosten fuer wichtige Materialien und Rohstoffe,"Im Zuge der Transformation steigt die Nachfrage nach kritischen Rohstoffen wie Stahlschrott sowie speziellen Metallen und Legierungen, wodurch das Risiko von Versorgungsengpässen zunimmt. Die voestalpine sieht sich mit einem wachsenden Bedarf konfrontiert, der potenziell zu Produktionsverzögerungen oder Qualitätsrisiken führen kann.","... Betroffene Stake holder:innen Klimaschutz Transitorisches Risiko: Lieferengpässe bzw. höhere Kosten für wichtige Materialien und Rohstoffe Im Zuge der Transformation steigt die Nach - fr age nach kritischen Rohstoffen wie Stahlschrott sowie speziellen Metallen und Legierungen, wodurch das Risiko von Versorgungsengpässen zunimmt. Die voestalpine sieht sich mit einem wachsenden Bedarf konfrontiert, der potenziell zu Produkti ons verzögerungen oder Qualitäts - risik en führen kann. Gleichzeitig erschwert ausgeprägte Preisvolatilität die Planbarkeit und mindert die Investitionssicherheit. Lieferant:innen Anpassung an den Klimawandel Physische Klimarisiken Physische Risiken könne...",beleg_stuetzt_nicht,Ein Ansteigen von Kosten können dem Zitat nicht entommen werden - der Umgebungstext stützt es.
VOE-067,voestalpine AG,182,hauptrisiken,Markt,Nachhaltigkeitsberichterstattung,exakt_nach_normalisierung,Versorgungsengpaesse und steigende Beschaffungskosten im Energiebereich,Das transitorische Risiko für die voestalpine umfasst mögliche Versorgungsengpässe an großen Produktionsstandorten (insbesondere Linz und Donawitz) sowie steigende Energiebeschaffungskosten (erneuerbare und nicht erneuerbare Quellen) vor dem Hintergrund der europäischen Energiewende.,...innen Lieferant:innen Energie Transitorisches Risiko: Engpässe in der Energie - v ersorgung und höhere Kosten für die Energie - beschaffung Das transitorische Risiko für die voestalpine umfasst mögliche Versorgungsengpässe an großen Produktionsstandorten (insbesondere Linz und Donawitz) sowie steigende Energie - beschaffungsk osten (erneuerbare und nicht erneuerbare Quellen) vor dem Hintergrund der europäischen Energiewende. Das wird vor allem auch durch volatile Energiemärkte und potenzielle Knappheiten getrieben. Lieferant:innen Legende tatsächlich positive Auswirkung tatsächlich negative Auswirkung potenziell positive Auswi...,korrekt,Aussage gibt schlüssig wieder
VOE-068,voestalpine AG,183,strategische_prioritaeten,,Nachhaltigkeitsberichterstattung,exakt,Umfassende Reduktion der Treibhausgasemissionen und Transformation zu einer emissionsaermeren Stahlproduktion,"Die voestalpine verfolgt eine umfassende Reduktion der Treibhausgasemissionen entlang der gesamten Wertschöpfungskette und hat sich im Rahmen der Science Based Targets initiative (SBTi) verpflichtet, ihre Emissionen entsprechend dem wissenschaftlich fundierten 2-Grad-Reduktionspfad zu senken.","183 GESCHÄFTSBERICHT 2025/26 STRATEGIE E1-1 – Übergangsplan für den Klimaschutz Die voestalpine verfolgt eine umfassende Reduktion der Treibhausgasemissionen entlang der gesam- ten Wertschöpfungskette und hat sich im Rahmen der Science Based Targets initiative (SBTi) verpflich- tet, ihre Emissionen entsprechend dem wissenschaftlich fundierten 2-Grad-Reduktionspfad zu senken. Bis zum Kalenderjahr 2029 sollen die Scope-1- und Scope-2-Emissionen um 30 % und Scope-3- E missionen um 25 % gesenkt werden. Die gesetzten Vorgaben wurden von der SBTi geprüft und vali- diert und stehen i...",korrekt,Aussage gibt schlüssig wieder
VOE-069,voestalpine AG,184,capex_ma_signale,,Nachhaltigkeitsberichterstattung,exakt,Gezielte Investitionen der naechsten Jahre in emissionsarme Technologien und energieeffiziente Anlagen,Die finanziellen Mittel zur Umsetzung von Phase 1 dieser Transformation sind in der Mittelfristplanung berücksichtigt. Die voestalpine investiert in den nächsten Jahren gezielt in emissionsarme Technologien und energieeffiziente Anlagen.,"...ns und die erforderlichen finanziellen Mittel (1,5 Mrd. EUR Investitionsbudget) zur Umsetzung sind von Vorstand und Aufsichtsrat genehmigt. Die finanziellen Mittel zur Umsetzung von Phase 1 dieser Transformation sind in der Mittelfristplanung berücksichtigt. Die voestalpine investiert in den nächsten Jahren gezielt in emissionsarme Technolo- gien und energieeffiziente Anlagen. Zudem erfolgt eine regelmäßige Quantifizierung der benötigten Investitionen, um die Transformation wirtschaftlich nachhaltig zu gestalten. Alle detaillierten Angaben zu CapEx-Plänen und Leistungsindikatoren ...",korrekt,Aussage gibt schlüssig wieder
VOE-070,voestalpine AG,185,capex_ma_signale,,Nachhaltigkeitsberichterstattung,exakt_nach_normalisierung,"Aufsichtsrat genehmigte rund 1,5 Mrd. EUR CapEx für Elektrolichtbogenöfen in Linz und Donawitz (Phase 1 greentec steel), wovon bis Ende 2025/26 rund 0,9 Mrd. EUR investiert wurden.","Rund 1,5 Mrd. EUR wurden für die Elektrolichtbogenöfen in Linz und Donawitz im Zuge der Phase 1 des Klimaschutzprogramms greentec steel vom Aufsichtsrat bereits genehmigt, was einen zentralen Bestandteil des Klimaübergangsplans des Unternehmens bildet. Davon wurden bereits rund 0,9 Mrd. EUR bis zum Ende des Geschäftsjahres 2025/26","...ategie zur Dekarbonisierung und der EU ­T axonomie im Geschäftsjahr 2023/24 einen CapEx­ Plan mit einer Laufzeit von fünf Jahren initiiert. Rund 1,5 Mrd. EUR wurden für die Elektrolichtbogenöfen in Linz und Donawitz im Zuge der Phase 1 des Klimaschutzprogramms greentec steel vom Aufsichtsrat be­ reits genehmigt, was einen zentralen Bestandteil des Klimaübergangsplans des Unternehmens bildet. Davon wurden bereits rund 0,9 Mrd. EUR bis zum Ende des Geschäftsjahres 2025/26 (bis 2024/25: rund 0,5 Mrd. EUR) investiert. Darüber hinaus werden weitere Investitionen für den weiteren Ersatz der fossilen Roheisenkapazitäten und CCUS ­T echnologien (Phase 2) in den finanziellen Planung...",korrekt,KONTROLLE: zusaetzlich im PDF pruefen - geprüft
VOE-071,voestalpine AG,185,capex_ma_signale,,Nachhaltigkeitsberichterstattung,exakt_nach_normalisierung,"Im Geschäftsjahr wurden 381,8 Mio. EUR als taxonomiekonformer CapEx ausgewiesen, wovon 292,7 Mio. EUR auf greentec steel entfallen.","Im aktuellen Geschäftsjahr wurden insgesamt 381,8 Mio. EUR CapEx als taxonomiekonform ausgewiesen (siehe auch Kapitel Angaben nach der EU-Taxonomie-Verordnung), wobei 303,3 Mio. EUR auf die Wirtschaftstätigkeit 3.9 Herstellung von Eisen und Stahl entfallen, wovon wiederum 292,7 Mio. EUR Investitionen in Zusammenhang mit greentec steel darstellen.","...chritts der Maßnahmen innerhalb der Dekarbonisierungshebel wird der t axonomiekonforme CapEx als zentraler Leistungsindikator herangezogen. Im aktuellen Geschäfts­ jahr wurden insgesamt 381,8 Mio. EUR CapEx als taxonomiekonform ausgewiesen (siehe auch K apitel Angaben nach der EU ­T axonomie ­V erordnung), wobei 303,3 Mio. EUR auf die Wirtschaftstätigkeit 3.9 Herstellung von Eisen und Stahl entfallen, wovon wiederum 292,7 Mio. EUR Investitionen in Zusam­ menhang mit greentec steel darstellen. Im Berichtsjahr wurden keine signifikanten CapEx­ Beträge im Zusammenhang mit Wirtschaftstätigkeiten in den Bereichen Kohle, Öl und Gas investiert. Bereits im Jahr 2024 hat die voestalpine mit der Ver...",korrekt,Aussage gibt schlüssig wieder
VOE-072,voestalpine AG,185,capex_ma_signale,,Nachhaltigkeitsberichterstattung,exakt_nach_normalisierung,Fördermittel in Höhe von rund 90 Mio. EUR für Elektrolichtbogenofentechnologie und Forschung erhalten.,Darüber hinaus hat die voestalpine Förderzusagen in Höhe von rund 90 Mio. EUR für die Investition in die Elektrolichtbogenofentechnologie und weitere Forschungsaktivitäten erhalten. Diese Mittel stammen aus dem Programm „Transformation der Industrie“ der österreichischen Bundesregierung und unterstützen die Umsetzung zentraler Dekarbonisierungshebel.,"...nehmen hat erhebliche Investitionen und Finanzmittel bereitgestellt, um seinen Übergangs­ plan zur Dekarbonisierung erfolgreich umzusetzen. Darüber hinaus hat die voestalpine Förder ­ zusagen in Höhe von rund 90 Mio. EUR für die Investition in die Elektrolichtbogenofentechnologie und w eitere Forschungsaktivitäten erhalten. Diese Mittel stammen aus dem Programm „Transforma tion der Industrie“ der österreichischen Bundesregierung und unterstützen die Umsetzung zentraler De­ karbonisierungshebel. Zur Messung des Fortschritts der Maßnahmen innerhalb der Dekarbonisierungshebel wird der t axonomiekonforme CapEx als zentraler Leistungsindikator herangezogen. Im aktuellen Geschäfts­ jahr wurden insge...",korrekt,Aussage gibt schlüssig wieder
VOE-073,voestalpine AG,186,strategische_prioritaeten,,Nachhaltigkeitsberichterstattung,exakt_nach_normalisierung,Stufenweise Dekarbonisierung der Stahlproduktion (greentec steel) und Reduktion von Emissionen bis Net-Zero 2049/50,"Die Umsetzung des greentec steel-Programms – die stufenweise Transformation der Prozesse zur Rohstahlherstellung – im Rahmen des Klimaübergangsplans ermöglicht eine nachhaltige Weiterentwicklung des Kerngeschäfts, indem emissionsarme Technologien schrittweise eingeführt und bestehende Prozesse optimiert werden.","...eng mit der Nachhaltigkeitsstrate- gie der voestalpine verknüpft und unterstützen die langfristige Wettbewerbsfähigkeit des Unterneh- mens. Die Umsetzung des greentec steel-Programms – die stufenweise Transformation der Prozesse zur Rohstahlherstellung – im Rahmen des Klimaübergangsplans ermöglicht eine nachhaltige Weiter- entwicklung des Kerngeschäfts, indem emissionsarme Technologien schrittweise eingeführt und bes tehende Prozesse optimiert werden. Dies stellt sicher, dass die Stahlproduktion sowohl den regula - t orischen Anforderungen als auch den steigenden Marktanforderungen an klimafreundliche Produkte entspricht. Informationen dazu finden sich i...",beleg_stuetzt_nicht,"Die Aussage ""Reduktion von Emissionen bis Net-Zero 2049/50"" lässt sich nicht vom Zitat ableiten"
VOE-074,voestalpine AG,190,hauptrisiken,Lieferkette,Nachhaltigkeitsberichterstattung,exakt,Lieferengpässe bzw. höhere Kosten für wichtige Materialien und Rohstoffe,"Zur Reduktion der indirekten Treibhausgasemissionen entlang Scope 3 bis zum Geschäftsjahr 2029/30 konzentriert sich die voestalpine auf gezielte Maßnahmen innerhalb ihrer Wertschöpfungskette. Ein zentraler Dekarbonisierungshebel ist dabei das Supplier Engagement, eine Dekarbonisierung wesentlicher bestehender Rohstoffe.","190 GESCHÄFTSBERICHT 2025/26 PHASE 1: DEKARBONISIERUNGSHEBEL SCOPE 3 Zur Reduktion der indirekten Treibhausgasemissionen entlang Scope 3 bis zum Geschäftsjahr 2029/30 konzentriert sich die voestalpine auf gezielte Maßnahmen innerhalb ihrer Wertschöpfungskette. Ein zentraler Dekarbonisierungshebel ist dabei das Supplier Engagement, eine Dekarbonisierung wesent- licher bestehender Rohstoffe. Die Grundlagen bilden die Nutzung valider Daten, z. B. Product Carbon Footprints (PCFs) für wesentliche Rohstoffe und entsprechende Dekarbonisierungsvorhaben und -maßnahmen in der Wertschöpfungskette sowie e...",beleg_stuetzt_nicht,Aussage ist so auf S.191 zu finden. Gewähltes Zitat stützt nicht.
VOE-075,voestalpine AG,191,hauptrisiken,Regulierung,Nachhaltigkeitsberichterstattung,exakt,Transitorisches Risiko durch Kosten aufgrund von CO2e-Bepreisung,"Die voestalpine begegnet diesem Risiko durch gezielte Investitionen im Rahmen einer schrittweisen Transformation der Produktionsprozesse. Ergänzend setzt der Konzern auf verstärkte Differenzierung in Produktqualität, Flexibilität und Service.","...wege und Logistikanpassung bei Niedrigwasser. WEITERE AKTIVITÄTEN IM UMGANG MIT DEM TRANSITORISCHEN RISIKO: KOSTEN AUFGRUND CO2e-BEPREISUNG Die voestalpine begegnet diesem Risiko durch gezielte Investitionen im Rahmen einer schrittweisen Transformation der Produktionsprozesse. Ergänzend setzt der Konzern auf verstärkte Differenzierung in Produktqualität, Flexibilität und Service. Darüber hinaus trägt eine zunehmende Internationalisie- rung der voestalpine in renditestarken Weiterverarbeitungsbereichen nach dem „local for local“- Prinzip zur Sicherung der Wettbewerbsfähigkeit bei. MASSN...",beleg_stuetzt_nicht,Zitat stützt die Aussage nicht - nur Abschnitt in Umgebungstext 
VOE-076,voestalpine AG,217,strategische_prioritaeten,,Geschaeftsbericht,exakt_nach_normalisierung,Steigerung des Schrotteinsatzes in der Rohstahlherstellung im Rahmen der Kreislaufwirtschaft,"Die voestalpine setzt auf eine effiziente Ressourcennutzung, indem Schrott und andere metallhaltige Rückstände wieder in den Produktionsprozess zurückgeführt werden. Bis 2030 soll der Einsatz von Sekundärrohstoffen weiter gesteigert werden, indem der Schrotteinsatz in der Rohstahlherstellung um 50 % erhöht wird.","... seiner vollen Recycelbarkeit, seiner Langlebigkeit und seiner Reparierbarkeit eine gute Ausgangsposition für die Kreislaufwirtschaft inne. Die voestalpine setzt auf eine effiziente R essourcennutzung, indem Schrott und andere metallhaltige Rückstände wieder in den Produktions- prozess zurückgeführt werden. Bis 2030 soll der Einsatz von Sekundärrohstoffen weiter gesteigert w erden, indem der Schrotteinsatz in der Rohstahlherstellung um 50 % erhöh t wird. Nebenprodukte wie Schlacken, Stäube und Schlämme werden, soweit technisch und rechtlich möglich, innerhalb des Unternehmens verwertet oder an andere Industrien abgegeben. Dadurch wird der Einsatz von Prim...",korrekt,Aussage gibt schlüssig wieder
VOE-077,voestalpine AG,228,hauptrisiken,Technologie,Geschaeftsbericht,exakt,Sinkende Produktqualität bei vermehrtem Schrotteinsatz,"Der erhöhte Einsatz von Schrott im Zuge der Umstellung von primär kohlebasierten Hochöfen auf Elektrolichtbogenöfen birgt das Risiko sinkender Produktqualität. Wesentlich ist dieses Risiko aufgrund potenzieller Qualitätseinbußen bei verändertem Rohstoffeinsatz (Schrott, Feinerz) sowie aufgrund hoher Qualitätsanforderungen der Abnehmerbranchen.","...ation and Storage; CCUS). Bildungseinrich- tungen & Forschung Kund:innen Sicherstellen der Produkt- qualit ät bei vermehrtem Schrotteinsatz Der erhöhte Einsatz von Schrott im Zuge der Umstellung von primär kohlebasierten Hochöfen auf Elektrolichtbogenöfen birgt das Risiko sinkender Produktqualität. Wesentlich ist dieses Risiko aufgrund potenzieller Qualitätseinbußen bei verändertem Rohstoffeinsatz (Schrott, Feinerz) sowie aufgrund hoher Qualitätsanforde- rungen der Abnehmerbranchen. Kund:innen Legende tatsächlich positive Auswirkung tatsächlich negative Auswirkung potenziell positive Auswirkung potenziell negative Auswirkung Chance Risiko vorgelagert eigener Betrieb nachgelagert < 1 Jah...",korrekt,KONTROLLE: zusaetzlich im PDF pruefen - geprüft
VOE-078,voestalpine AG,229,strategische_prioritaeten,,Geschaeftsbericht,exakt_nach_normalisierung,Implementierung der F&E- und Innovationsstrategie 2030+,"Im Geschäftsjahr 2025/26 wurde ausgehend von der Konzernstrategie 2030+ die F&E- und Innovationsstrategie 2030+ konzeptioniert, deren Implementierung ab dem Geschäftsjahr 2026/27 geplant ist. Die Strategie zielt darauf ab, den wirtschaftlichen Erfolg des Unternehmens langfristig durch innovative Prozesse und nachhaltige Produkte zu sichern.","...t der Unternehmens - s trategie – trägt wesentlich zur Position der voestalpine als Innovations-, Technologie- und Qualitäts- führerin bei. Im Geschäftsjahr 2025/26 wurde ausgehend von der Konzernstrategie 2030+ die F&E- und Innovationsstrategie 2030+ konzeptioniert, deren Implementierung ab dem Geschäftsjahr 2026/27 geplant ist. Die Strategie zielt darauf ab, den wirtschaftlichen Erfolg des Unternehmens langfristig durch innovative Prozesse und nachhaltige Produkte zu sichern. Richtungsweisend für die dezentral organisierte F&E und Innovation der voestalpine sind die strate- gischen Innovationsrichtlinien, der definierte Innovationsprozess und die Ausrichtung der Forschungs- vorhabe...",korrekt,Aussage gibt schlüssig wieder
VOE-079,voestalpine AG,242,hauptrisiken,Technologie,Geschaeftsbericht,exakt_mehrdeutig,"Berufliche Gefahren, Risiken für Arbeitsunfälle, Verletzungen und Erkrankungen","Die Mitarbeiter:innen der voestalpine sind aufgrund der Branche, der Art ihrer Arbeit oder der Umgebung, in der sie arbeiten, beruflichen Gefahren und Risiken ausgesetzt, die zu Unfällen, Verletzungen, Krankheiten oder Erkrankungen führen können.","...n zu erkennen und Schutzmaßnahmen anzuwenden. Mitarbeiter:innen und Fremdarbeits- kräfte Arbeitsunfälle, Verletzungen und Berufskrankheiten Die Mitarbeiter:innen der voestalpine sind aufgrund der Branche, der Art ihrer Arbeit oder der Umgebung, in der sie arbeiten, beruflichen Gefahren und Risiken ausgesetzt, die zu Unfällen, Verletzungen, Krankheiten oder Erkrankungen führen können. Eine regelmäßige Bewertung der Risiken und die Definition von Schutzmaßnahmen reduzieren Schadensschwere und/oder Eintrittswahrscheinlichkeit. Mitarbeiter:innen und Fremdarbeits- kräfte",korrekt,Aussage gibt schlüssig wieder
VOE-080,voestalpine AG,245,strategische_prioritaeten,,Geschaeftsbericht,exakt,Steigerung des Anteils weiblicher Führungskräfte auf 18 % bis 2030,"Die Konzernstrategie sieht vor, den Anteil weiblicher Führungskräfte bis 2030 von 14 % auf 18 % zu erhöhen. Im Fokus stehen dabei auch die Aktivitäten auf den drei Ebenen Positionierung, Halten sowie Begleiten/Fordern/Fördern.","...ergreifenden Arbeitsgruppen oder in bestehenden Competence Teams, teilweise auch mit externer Unterstützung. IM ZENTRUM: FEMALE EMPOWERMENT Die Konzernstrategie sieht vor, den Anteil weiblicher Führungskräfte bis 2030 von 14 % auf 18 % zu erhöhen. Im Fokus stehen dabei auch die Aktivitäten auf den drei Ebenen Positionie- rung, Halten sowie Begleiten/Fordern/Fördern. Als attraktive Arbeitgeberin ist es das Ziel der voestalpine, das Interesse von Frauen an einer Tätigkeit im Konzern zu wecken, sie langfristig zu begeistern und in ihrer beruflichen und persönlichen Entwick...",korrekt,Aussage gibt schlüssig wieder
VOE-081,voestalpine AG,245,strategische_prioritaeten,,Geschaeftsbericht,exakt_nach_normalisierung,Konzernweite Umsetzung von acht strategischen Handlungsfeldern der HR-Strategie,"Zur Umsetzung der Strategie arbeitet die voestalpine konzernweit an acht strategischen Handlungsfeldern, die zentrale Hebel zur Erreichung der HR-Ziele darstellen: 1. Werte und Kulturmanagement: Aktives Management der Unternehmenswerte zur Begleitung von Technologiewandel und gesellschaftlichem Wandel","245 GESCHÄFTSBERICHT 2025/26 Strategische Handlungsfelder Zur Umsetzung der Strategie arbeitet die voestalpine konzernweit an acht strategischen Handlungs- feldern, die zentrale Hebel zur Erreichung der HR-Ziele darstellen: 1. W erte und Kulturmanagement: Aktives Management der Unternehmenswerte zur Begleitung von Technologiewandel und gesellschaftlichem Wandel 2. E mployer Branding: Stärkung der Position der voestalpine als glaubwürdige und attraktive Arbeitgeberin durch zielgruppenorientierte Maßnahmen 3. F emale Empowerment: Erhöhung des Frauenanteils in allen ...",korrekt,KONTROLLE: zusaetzlich im PDF pruefen - geprüft
VOE-082,voestalpine AG,306,hauptrisiken,Lieferkette,Geschaeftsbericht,exakt_nach_normalisierung,Nachhaltigkeitsrisiken und Verletzungen von Menschen- und Arbeitsrechten in der Lieferkette,"Als Nachhaltigkeitsrisiken gelten hier mögliche Verletzungen von Gesetzen und Richtlinien in den Bereichen Menschenrechte und Umweltschutz (siehe nachfolgende Tabelle). Dazu zählt auch das Risiko möglicher Verletzungen von Menschen- und Arbeitsrechten, von dem die Arbeitskräfte in der Lieferkette betroffen sein können.","...f jene Warengruppen, die von der voestalpine regelmäßig beschafft werden und mit denen potenzielle Nachhaltigkeitsrisiken ver- bunden sind. Als Nachhaltigkeitsrisiken gelten hier mögliche Verletzungen von Gesetzen und Richt - linien in den Ber eichen Menschenrechte und Umweltschutz (siehe nachfolgende Tabelle). Dazu zählt auch das Risiko möglicher Verletzungen von Menschen- und Arbeitsrechten, von dem die Arbeits kr äfte in der Lieferkette betroffen sein können. Diese Menschenrechtsrisiken stehen im Mittelpunkt der Analy se und sind in der folgenden Tabelle zusammengefasst. RISIKOBASIERTER ANSATZ FÜR NACHHALTIGES LIEFERANT:INNEN-MANAGEMENT I. Lieferant:innen- Pr...",korrekt,Aussage gibt schlüssig wieder
VOE-083,voestalpine AG,306,strategische_prioritaeten,,Geschaeftsbericht,exakt_nach_normalisierung,Schrittweise Ausdehnung des Due-Diligence-Prozesses auf den gesamten Konzern,"Zur Weiterentwicklung des Lieferkettenmanagements schafft die voestalpine derzeit die organisatorischen und prozessualen Voraussetzungen, um den bestehenden Due-Diligence-Prozess – der bislang auf Gesellschaften mit Verpflichtung nach dem Lieferkettensorgfaltspflichtengesetz (LkSG) beschränkt ist – schrittweise auf den gesamten Konzern auszudehnen.","...schließlich kleiner und mittelständischer Unternehmen (KMU). Umwelt- und Sozialkriterien sind Teil der Auswahlprozesse für Lieferant:innen. Zur Weiterentwicklung des Lieferkettenmanagements schafft die voestalpine derzeit die organisato- rischen und prozessualen Voraussetzungen, um den bestehenden Due-Diligence-Prozess – der bis- lang auf Gesellschaften mit Verpflichtung nach dem Lieferkettensorgfaltspflichtengesetz (LkSG) b eschränkt ist – schrittweise auf den gesamten Konzern auszudehnen. Dabei stehen insbesondere die Einhaltung der Menschenrechte sowie Maßnahmen zur Reduktion der CO2-Emissionen im Fokus. Das Due Diligence User Manual regelt als konzernweit gültige Richtlinie das sorgfalts...",korrekt,Aussage gibt schlüssig wieder
VOE-084,voestalpine AG,387,capex_ma_signale,,Geschaeftsbericht,exakt,Investitionen in greentec steel durch den Ersatz von Hochöfen durch Elektrolichtbogenöfen ab 2027 und 2032 sowie in CO2-Abscheidetechnologien,In dieser sind die Investitionen in Richtung greentec steel – Ersatz von zwei der drei Hochöfen durch Elektrolichtbogenöfen mit geplanten Inbetriebnahmen ab dem Jahr 2027 und 2032 – sowie Investitionen für CO2 -Abscheidetechnologien (CCUS) enthalten.,... wird eine stabile Bruttomarge in der Mittelfristplanung erwartet. Die 5-Jahres-Mittelfristplanung wurde um eine Grobplanungsphase ergänzt. In dieser sind die Investitionen in Richtung greentec steel – Ersatz von zwei der drei Hochöfen durch Elektrolichtbogenöfen mit geplanten Inbetriebnahmen ab dem Jahr 2027 und 2032 – sowie Investitionen für CO2 -Abscheidetechnologien (CCUS) enthalten. Darüber hinaus sind erwartete Preissteigerungen bei den Emissionszertifikaten und die sukzessive Reduktion von Gratiszertifikaten auf Basis der Maßnahmen zur CO2-Reduktion seitens der Europäischen Union bis zu...,korrekt,Aussage gibt schlüssig wieder
VOE-085,voestalpine AG,387,capex_ma_signale,,Geschaeftsbericht,exakt_nach_normalisierung,Weitgehender Abschluss der Portfoliobereinigung der HPM Division durch Unternehmensverkäufe und Standortkonsolidierungen,"Die Portfoliobereinigung der HPM Division ist mit den Unternehmensverkäufen (Buderus Edelstahl und BÖHLER Profil), den Kapazitätsanpassungen bei der voestalpine BÖHLER Bleche und den weltweiten Standortkonsolidierungen weitgehend abgeschlossen.","... als auch die Wachstumsprognosen in den regionalen Absatzmärkten der Kern- märkte, insbesondere Europa, Amerika und Asien, zugrunde gelegt. Die Portfoliobereinigung der HPM Division ist mit den Unternehmensverkäufen (Buderus Edelstahl und BÖHLER Profil), den Kapazitätsan- passungen bei der voestalpine BÖHLER Bleche und den weltweiten Standortkonsolidierungen weit - gehend abgeschlossen. 1 W orld Economic Outlook, IMF – International Monetary Fund 2 EUR OFER – Dachverband der europäischen Stahlindustrie für Stahlverbrauch Europa; über Europa hinausgehend World Steel Association 3 S&P Glob...",korrekt,Aussage gibt schlüssig wieder
VOE-086,voestalpine AG,388,hauptrisiken,Markt,Geschaeftsbericht,exakt,Unsicherheiten und protektionistische Maßnahmen auf dem nordamerikanischen Markt,Der nordamerikanische Markt ist aufgrund der aktuellen politischen Kräfte und der protektionistischen Maßnahmen von Unsicherheiten geprägt. In Asien wird von einer stetigen Erholung in China ausgegangen,"... stützen sich auf externe Informationsquellen. 1 In Europa wird eine leichte Erholung und mittelfristig ein ge- dämpftes Wachstum erwartet. Der nordamerikanische Markt ist aufgrund der aktuellen politischen Kräfte und der protektionistischen Maßnahmen von Unsicherheiten geprägt. In Asien wird von einer stetigen Erholung in China ausgegangen, wobei der Rest Asiens sich langsam wieder von dem derzeit schwachen Wachstum erholen wird. Indien hat großes Wachstumspotenzial. Bei der Ermittlung der ewigen Rente wurde das letzte Planjahr als Basis herange...",korrekt,Aussage gibt schlüssig wieder
VOE-087,voestalpine AG,388,strategische_prioritaeten,,Geschaeftsbericht,exakt_nach_normalisierung,"Weiterer Ausbau von Servicedienstleistungen, Digital Sales und Optimierungsprogrammen in der CGU Value Added Services",Der weitere Ausbau der Servicedienstleistungen im Planungszeitraum führt zu einer engeren Kundenbindung und einer Vertiefung der Wertschöpfung. Das konsequente Weitertreiben bereits bewährter Einsparungs- und Optimierungsprogramme sowie Vertriebsaktivitäten in margenstarken Subsegmenten wie auch Initiativen im Bereich Global Supply Chain Management und Digital Sales,"... Sägen, Sechsseitenbearbeitung) von Material der HPM Production – über- wiegend Werkzeugstahl – aber auch von Fremdmaterial verantwortlich. Der weitere Ausbau der Servicedienstleistungen im Planungszeitraum führt zu einer engeren Kundenbindung und einer Vertiefung der Wertschöpfung. Das konsequente Weitertreiben bereits bewährter Einsparungs- und Optimierungsprogramme sowie Vertriebsaktivitäten in margenstarken Subsegmenten wie auch Ini - tiativ en im Bereich Global Supply Chain Management und Digital Sales (Kundenportale mit vollstän - diger E-Commerce-Funktionalität) stellen weitere Schwerpunkte der laufenden Aktivitäten dar, die im Planungszeitraum zu steigenden Umsätzen und einer positiven Entwicklung der...",korrekt,Aussage gibt schlüssig wieder
VOE-088,voestalpine AG,388,wachstumsmaerkte,Indien,Geschaeftsbericht,exakt,Indien bietet aus Sicht des Unternehmens großes Wachstumspotenzial.,"In Asien wird von einer stetigen Erholung in China ausgegangen, wobei der Rest Asiens sich langsam wieder von dem derzeit schwachen Wachstum erholen wird. Indien hat großes Wachstumspotenzial.","...Der nordamerikanische Markt ist aufgrund der aktuellen politischen Kräfte und der protektionistischen Maßnahmen von Unsicherheiten geprägt. In Asien wird von einer stetigen Erholung in China ausgegangen, wobei der Rest Asiens sich langsam wieder von dem derzeit schwachen Wachstum erholen wird. Indien hat großes Wachstumspotenzial. Bei der Ermittlung der ewigen Rente wurde das letzte Planjahr als Basis herangezogen. Bei der Value Added Services wird in der ewigen Rente mit einer Wachstumsrate von 1,57 % (2024/25: 1,55 %) gerechnet. Der W...",korrekt,Aussage gibt schlüssig wieder
VOE-089,voestalpine AG,388,wachstumsmaerkte,China,Geschaeftsbericht,exakt,In China wird von einer stetigen Erholung ausgegangen.,"In Asien wird von einer stetigen Erholung in China ausgegangen, wobei der Rest Asiens sich langsam wieder von dem derzeit schwachen Wachstum erholen wird. Indien hat großes Wachstumspotenzial.","...Der nordamerikanische Markt ist aufgrund der aktuellen politischen Kräfte und der protektionistischen Maßnahmen von Unsicherheiten geprägt. In Asien wird von einer stetigen Erholung in China ausgegangen, wobei der Rest Asiens sich langsam wieder von dem derzeit schwachen Wachstum erholen wird. Indien hat großes Wachstumspotenzial. Bei der Ermittlung der ewigen Rente wurde das letzte Planjahr als Basis herangezogen. Bei der Value Added Services wird in der ewigen Rente mit einer Wachstumsrate von 1,57 % (2024/25: 1,55 %) gerechnet. Der W...",korrekt,Aussage gibt schlüssig wieder
VOE-090,voestalpine AG,388,wachstumsmaerkte,Europa uebrig,Geschaeftsbericht,exakt,In Europa wird eine leichte Erholung und mittelfristig ein gedämpftes Wachstum prognostiziert.,Die internen Prognosen und Einschätzungen – die Entwicklung dieser Regionen betreffend – stützen sich auf externe Informationsquellen. 1 In Europa wird eine leichte Erholung und mittelfristig ein gedämpftes Wachstum erwartet.,"...ces erfolgt über das Segment- und Regional - managemen t, welches sich auf die großen Absatzmärkte in Europa, Amerika und Asien fokussiert. Die internen Prognosen und Einschätzungen – die Entwicklung dieser Regionen betreffend – stützen sich auf externe Informationsquellen. 1 In Europa wird eine leichte Erholung und mittelfristig ein ge- dämpftes Wachstum erwartet. Der nordamerikanische Markt ist aufgrund der aktuellen politischen Kräfte und der protektionistischen Maßnahmen von Unsicherheiten geprägt. In Asien wird von einer stetigen Erholung in China ausgegangen, wob...",korrekt,Aussage gibt schlüssig wieder
VOE-091,voestalpine AG,389,capex_ma_signale,,Geschaeftsbericht,exakt,Investitionen in eine Elektrolichtbogenofen-Anlage im Rahmen von greentec steel im Geschäftsbereich Railway Systems,Ebenso sind die Investitionen in Richtung greentec steel in der 5-Jahres-Mittelfristplanung sowie in der Grobplanungsphase für eine Elektrolichtbogenofen-Anlage und deren Erweiterung in der Vorproduktionsstufe enthalten.,...gehalten werden und sich mögliche Schwankungen in einzelnen Märkten aufgrund der weltweiten Ausrichtung des Geschäftsbereiches ausgleichen. Ebenso sind die Investitionen in Richtung greentec steel in der 5-Jahres-Mittelfristplanung sowie in der Grobplanungsphase für eine Elektrolichtbogenofen-Anlage und deren Erweiterung in der Vorproduktionsstufe enthalten. Darüber hinaus sind erwartete Preisstei- gerungen bei den Emissionszertifikaten und die sukzessive Reduktion von Gratiszertifikaten auf Basis der Maßnahmen zur CO2-Reduktion seitens der Europäischen Union bis ...,beleg_stuetzt_nicht,Geschäftsbereich Railway lässt sich nicht aus Zitat herauslesen. Aussage ist korrekt. Siehe S.389 Geschäftsbericht.
VOE-092,voestalpine AG,389,strategische_prioritaeten,,Geschaeftsbericht,exakt,Fortführung der Ausrichtung als Komplettanbieter im Geschäftsbereich Welding,Die strategische Ausrichtung des Geschäftsbereichs als Komplettanbieter der „Perfekten Schweißnaht“ („The Perfect Weld Seam“) wird im Planungszeitraum unverändert weiterverfolgt. Bereits eingeleitete sowie laufende Optimierungs- und Effizienzprogramme werden konsequent fortgeführt,"...gen sowie auf den verfügbaren externen Prognosen, aus denen sowohl Kosten als auch daraus abgeleitete Preisentwicklungen abgeleitet wurden. Die strategische Ausrichtung des Geschäftsbereichs als Komplettanbieter der „Perfekten Schweißnaht“ („The Perfect Weld Seam“) wird im Planungszeitraum unverändert weiterverfolgt. Bereits eingeleitete sowie laufende Optimierungs- und Effizienzprogramme werden konsequent fortgeführt und durch kontinuierliche Verbesserungsmaßnahmen ergänzt. Zusammengefasst wird in der Planung – abge - leit et von den Markterwartungen – von einem moderaten Volumenwachstum bei leicht verbesserter Bruttomarge...",korrekt,Aussage gibt schlüssig wieder
VOE-093,voestalpine AG,414,hauptrisiken,Finanzierung,Geschaeftsbericht,exakt,Risiko der Nichterfüllung von Zahlungsverpflichtungen (Liquiditätsrisiko),"Das Liquiditätsrisiko bezeichnet das Risiko, Zahlungsverpflichtungen nicht durch Lieferung von Zahlungsmitteln erfüllen zu können. Ziel des Konzerns in der Steuerung der Liquidität ist es, sicherzustellen, dass stets ausreichend liquide Mittel verfügbar sind","...z um 10 % darstellt. In der Analyse wird unterstellt, dass alle anderen Einflussfaktoren konstant bleiben. LIQUIDITÄTSRISIKO – FINANZIERUNG Das Liquiditätsrisiko bezeichnet das Risiko, Zahlungsverpflichtungen nicht durch Lieferung von Zahlungsmitteln erfüllen zu können. Ziel des Konzerns in der Steuerung der Liquidität ist es, sicherzustellen, dass stets ausreichend liquide Mittel verfügbar sind, um unter normalen wie auch unter angespannten Bedingungen den Zahlungs- verpflichtungen bei Fälligkeit nachkommen zu können.",korrekt,Aussage gibt schlüssig wieder
VOE-094,voestalpine AG,418,hauptrisiken,Finanzierung,Geschaeftsbericht,exakt,Ausfall von Forderungen bzw. Bonitätsrisiko von Geschäftspartnern,"Das Bonitätsrisiko bezeichnet Vermögensverluste, die aus der Nichterfüllung von Vertragsverpflichtungen einzelner Geschäftspartner:innen entstehen können. Das Management des Bonitätsrisikos von Veranlagungs- und Derivatgeschäften wird in internen Richtlinien reglementiert.","...ür sonstige Finanzverbindlichkeiten 0,9 0,1 0,2 0,1 0,0 0,0 Summe Zinslast 76,1 72,1 151,0 136,5 54,4 51,5 Mio . EUR KREDIT-/BONITÄTSRISIKO Das Bonitätsrisiko bezeichnet Vermögensverluste, die aus der Nichterfüllung von Vertragsverpflich- tungen einzelner Geschäftspartner:innen entstehen können. Das Management des Bonitätsrisikos von Veranlagungs- und Derivatgeschäften wird in internen Richtlinien reglementiert. Es sind alle Veranlagungen und Derivatgeschäfte je Kontrahent:in limitiert, wobei die Höhe des Limits vom Rating der Bank abhängig ist. Die Zahlungsmittel und Zahlungsmitteläquivalente bestehen überwiegend g...",korrekt,Aussage gibt schlüssig wieder
VOE-095,voestalpine AG,421,hauptrisiken,Finanzierung,Geschaeftsbericht,exakt_nach_normalisierung,Währungsrisiko durch Rohstoffeinkäufe in USD und weltweite Fremdwährungsexposures,"Die größte Währungsposition im Konzern entsteht durch Einkäufe von Rohstoffen in US-Dollar, durch die weltweite Geschäftstätigkeit des voestalpine-Konzerns ergeben sich jedoch auch Währungs-exposures in diversen anderen Währungen.","421 GESCHÄFTSBERICHT 2025/26 WÄHRUNGSRISIKO Die größte Währungsposition im Konzern entsteht durch Einkäufe von Rohstoffen in US-Dollar, durch die weltweite Geschäftstätigkeit des voestalpine-Konzerns ergeben sich jedoch auch Währungs - e xposures in diversen anderen Währungen. Durch die Implementierung eines rollierenden Foreign-Currency-Nettings werden ein- und ausgehende Cashflows in den jeweiligen Währungen gegengerechnet. Durch den dadurch erzielten Natural Hedge wird Risiko ...",beleg_stuetzt_nicht,"""Währungsrisiko"" kann nicht aus Zitat entommen werden. Mit Umgebunstext korrekt."
VOE-096,voestalpine AG,422,hauptrisiken,Finanzierung,Geschaeftsbericht,exakt,Zinsänderungs- bzw. Cashflow-Risiko bei variabel verzinsten Finanzinstrumenten,"Die voestalpine AG unterliegt primär einem Cashflow-Risiko (Risiko, dass sich der Zinsaufwand bzw. Zinsertrag zum Nachteil verändert) bei variabel verzinsten Finanzinstrumenten.","...,5140 –21,5 –19,6 2,0 –23,9 –2,4 CAD 28,9 1,6022 18,0 16,4 –1,6 20,0 2,0 Sonstige 0,8 0,7 –0,1 0,9 0,1 Summe 31,3 –38,2 Mio. EUR ZINSRISIKO Die voestalpine AG unterliegt primär einem Cashflow-Risiko (Risiko, dass sich der Zinsaufwand bzw. Zinsertrag zum Nachteil verändert) bei variabel verzinsten Finanzinstrumenten. Der dargestellte Bestand umfasst alle zinsreagiblen Finanzinstrumente (Kredite, Money Market, begebene und gekauf- te Wertpapiere sowie Zinsderivate). Das primäre Ziel des Zinsmanagements ist die Optimierung d...",korrekt,Aussage gibt schlüssig wieder
VOE-097,voestalpine AG,435,capex_ma_signale,,Geschaeftsbericht,exakt,Auszahlungen für Unternehmenserwerbe im Berichtsjahr,"Im Cashflow aus der Investitionstätigkeit sind aus Unternehmenserwerben Zugänge an Zahlungsmitteln und Zahlungsmitteläquivalenten in Höhe von 0,6 Mio. EUR (2024/25: 0,0 Mio. EUR) enthalten und ein Kaufpreis in Höhe von 30,7 Mio. EUR","...ks. Die Auswirkungen von Konsolidierungskreisänderungen wurden eliminiert und sind im Cash- flow aus der Investitionstätigkeit ausgewiesen. Im Cashflow aus der Investitionstätigkeit sind aus Unternehmenserwerben Zugänge an Zahlungsmit- teln und Zahlungsmitteläquivalenten in Höhe von 0,6 Mio. EUR (2024/25: 0,0 Mio. EUR) enthalten und ein Kaufpreis in Höhe von 30,7 Mio. EUR (2024/25: 19,0 Mio. EUR) ist abgegangen (siehe Punkt C.2. Konsolidierungskreisänderungen, Abschnitt Unternehmenserwerbe und sonstige Zugänge zum Konsolidierungskreis). Aufgrund des Abganges von Tochtergesell...",korrekt,Aussage gibt schlüssig wieder
VOE-098,voestalpine AG,435,capex_ma_signale,,Geschaeftsbericht,exakt,Abgang von Tochtergesellschaften und Veräußerungsgruppen mit entsprechenden Cashflows,"Aufgrund des Abganges von Tochtergesellschaften im laufenden Geschäftsjahr sind 1,5 Mio. EUR (2024/25: 0,0 Mio. EUR) Zahlungsmittel und Zahlungsmitteläquivalente abgeflossen und es ist ein Verkaufserlös in der Höhe von 4,7 Mio. EUR zugeflossen.","... abgegangen (siehe Punkt C.2. Konsolidierungskreisänderungen, Abschnitt Unternehmenserwerbe und sonstige Zugänge zum Konsolidierungskreis). Aufgrund des Abganges von Tochtergesellschaften im laufenden Geschäftsjahr sind 1,5 Mio. EUR (2024/25: 0,0 Mio. EUR) Zahlungsmittel und Zahlungsmitteläquivalente abgeflossen und es ist ein Verkaufserlös in der Höhe von 4,7 Mio. EUR zugeflossen. Darüber hinaus sind aus dem letztjährigen Abgang einer Veräußerungsgruppe 9,7 Mio. EUR Kaufpreisrückvergütung/-anpassung im Berichts- jahr zugeflossen (2024/25: 47 Mio. EUR abgeflossen). Aus dem Abgang von nic...",beleg_stuetzt_nicht,Cashflows aus dem Abgang von Veräußerunsgruppen ist nur aus Umgebungstext rauslesbar.
WIE-099,Wienerberger AG,7,capex_ma_signale,,Geschaeftsbericht,exakt,Investitionen in moderne Rohrproduktionsstätten zur Stärkung der technologischen Führerschaft,Investitionen in unseren modernen industriellen Footprint – darunter unsere hochinnovative Rohrproduktionsstätte in Schweden – unterstreichen unser Bekenntnis zu technologischer Führerschaft und nachhaltigen Infrastrukturlösungen.,...er Neubautätigkeit blieben die Margen in Europa robust und belegen die Widerstandsfähigkeit unseres infrastruktur- fokussierten Portfolios. Investitionen in unseren modernen industriellen Footprint – darunter unsere hochinnovative Rohrproduktionsstätte in Schweden – unterstreichen unser Bekenntnis zu technologischer Führerschaft und nachhaltigen Infrastrukturlösungen. Finanzielle Disziplin und operative Exzellenz Ein zentrales Element unseres Erfolgs im Jahr 2025 war unser konsequenter Fokus auf operative Exzellenz und Effizienz. Unser Programm „Fit for Growth“ leistete ein...,korrekt,Aussage gibt schlüssig wieder
WIE-100,Wienerberger AG,8,capex_ma_signale,,Geschaeftsbericht,exakt_nach_normalisierung,Evaluierung der Italcer-Gruppe als potenzielles Akquisitionsziel,Im Dezember 2025 fanden zudem strategische Beratungen mit dem Management im Hinblick auf die Evaluierung der Italcer- Gruppe als mögliches Akquisitionsziel statt.,"...sserungs-, Dachrinnen und Kabelkanalsysteme, und GSEi, einem in Frankreich ansässi- gen Anbieter von dachintegrierten Photovoltaiklösungen. Im Dezember 2025 fanden zudem strategische Beratungen mit dem Management im Hinblick auf die Evaluierung der Italcer- Gruppe als mögliches Akquisitionsziel statt. Der Prüfungs- und Risikoausschuss beschäftigte sich vorran- ging mit der Vorbereitung und Prüfung des Konzern- und Ein- zelabschlusses, der Frage der Unabhängigkeit des Abschluss- prüfers sowie mit Themen des ...",korrekt,Aussage gibt schlüssig wieder
WIE-101,Wienerberger AG,30,strategische_prioritaeten,,Geschaeftsbericht,exakt,Positionierung als führender Komplettanbieter von Lösungen für die Gebäudehülle sowie für Energie- und Wassermanagement in der Infrastruktur,Unser Ziel ist die konsequente Steigerung der Wertschöpfung sowie unsere Positionierung als führender Komplettanbieter von Lösungen für die Gebäudehülle sowie für Energie- und Wassermanagement in der Infrastruktur .,"...ung, Operational Excellence und Nach- haltigkeit spielen nicht nur heute, sondern auch in der Zukunft von wienerberger eine zentrale Rolle. Unser Ziel ist die konse- quente Steigerung der Wertschöpfung sowie unsere Positio- nierung als führender Komplettanbieter von Lösungen für die Gebäudehülle sowie für Energie- und Wassermanagement in der Infrastruktur . Als solcher möchten wir auch in Zukunft die Bauindustrie aktiv mitgestalten und das Leben der Menschen weiter verbessern. Forschung und Entwicklung Forschung und Entwicklung (F&E) ist von großer strategisc...",korrekt,Aussage gibt schlüssig wieder
WIE-102,Wienerberger AG,30,strategische_prioritaeten,,Geschaeftsbericht,exakt,"Fokus auf Forschung und Entwicklung für Energieeffizienz, smarte Funktionalitäten und Nachhaltigkeitsziele","Unser Ziel ist die Entwicklung von Lösungen, die einen umweltfreundlichen, schnellen und einfachen Einbau auf der Baustelle ermöglichen, zum Klimaschutz und zur Energieeffizienz von Gebäuden beitragen und spürbaren Mehrwert für unsere Kunden schaffen.","...ptimierung von Produkteigen- schaften, der Steigerung der Energieeffizienz und der Bereit- stellung smarter und digitaler Funktionalitäten. Unser Ziel ist die Entwicklung von Lösungen, die einen umweltfreundlichen, schnellen und einfachen Einbau auf der Baustelle ermöglichen, zum Klimaschutz und zur Energieeffizienz von Gebäuden bei- tragen und spürbaren Mehrwert für unsere Kunden schaffen. Im keramischen Bereich sind die F&E-Aktivitäten auf die Entwicklung innovativer Produkte ausgerichtet, darunter ver- besserte gedämmte Wandsysteme und ausgereifte Dachlösun- gen mit integrierter Solartechnol...",korrekt,Aussage gibt schlüssig wieder
WIE-103,Wienerberger AG,42,capex_ma_signale,,Geschaeftsbericht,exakt,Ausgaben für Unternehmensakquisitionen beliefen sich 2025 auf EUR 24 Mio,Im Geschäftsjahr 2025 beliefen sich die Ausgaben für Unternehmensakquisitionen auf EUR 24 Mio (2024: EUR 637 Mio). Alle T ransaktionen standen in vollem Einklang mit den strategischen und finanziellen Kriterien des Konzerns und konzentrierten sich auf wertsteigerndes Wachstum ohne Beeinträchtigung der Bilanzstärke.,"... Übernahme von VETA France, einem Hersteller von Fassadenpaneelen mit integrier- ten Dämmsystemen, stärkte das Fassadengeschäft der Gruppe. Im Geschäftsjahr 2025 beliefen sich die Ausgaben für Unter- nehmensakquisitionen auf EUR 24 Mio (2024: EUR 637 Mio). Alle T ransaktionen standen in vollem Einklang mit den strategi- schen und finanziellen Kriterien des Konzerns und konzentrier- ten sich auf wertsteigerndes Wachstum ohne Beeinträchtigung der Bilanzstärke. Darüber hinaus erwarb der Konzern die verbleibenden Anteile an GSEi in Höhe von EUR 24 Mio. Corporate Governance Bericht | Konzernlagebericht | Konzernabschluss",korrekt,Aussage gibt schlüssig wieder
WIE-104,Wienerberger AG,42,capex_ma_signale,,Geschaeftsbericht,exakt_nach_normalisierung,Übernahme von MFP Ltd. zur Stärkung der Rohrplattform,"In Irland und Großbritannien wurde durch die Übernahme von MFP Ltd., einem Spezialisten für Entwässerungs-, Dachrinnen- und Kabelkanalsysteme, die Plattform für Rohrlösungen und die regionale Präsenz weiter gestärkt.","...en Akquisitionen fort, um seine strategische Positionierung insbesondere in den Bereichen Renovierung und Infrastrukturlösungen zu stärken. In Irland und Großbritannien wurde durch die Übernahme von MFP Ltd., einem Spezialisten für Entwässerungs-, Dachrinnen- und Kabelkanalsysteme, die Plattform für Rohrlösungen und die regionale Präsenz weiter gestärkt. Die Übernahme von VETA France, einem Hersteller von Fassadenpaneelen mit integrier- ten Dämmsystemen, stärkte das Fassadengeschäft der Gruppe. Im Geschäftsjahr 2025 beliefen sich die Ausgaben für Unter- nehmen...",korrekt,Aussage gibt schlüssig wieder
WIE-105,Wienerberger AG,42,capex_ma_signale,,Geschaeftsbericht,exakt,Erwerb der verbleibenden Anteile an GSE Integration,"Darüber hinaus wurden EUR 24 Mio für den Erwerb von nicht beherrschenden Anteilen (2024: EUR 0 Mio) aufgewendet, die sich auf die verbleibende Beteiligung an GSE Integration (GSEi) beziehen.","...ktienrückkäufe von EUR 29 Mio (2024: EUR 34 Mio) sowie Auszahlungen für Leasingverbindlichkeiten in Höhe von EUR 77 Mio (2024: EUR 72 Mio). Darüber hinaus wurden EUR 24 Mio für den Erwerb von nicht beherrschenden Anteilen (2024: EUR 0 Mio) aufgewendet, die sich auf die verbleibende Beteiligung an GSE Integration (GSEi) beziehen. Zum Jahresende 2025 verfügte wienerberger über eine solide Liquidität in Höhe von EUR 963 Mio (2024: EUR 1.012 Mio), bestehend aus liquiden Mitteln sowie zugesagten und vollstän- dig ungezogenen Kreditlinien. ...",korrekt,Aussage gibt schlüssig wieder
WIE-106,Wienerberger AG,47,capex_ma_signale,,Geschaeftsbericht,exakt,Übernahme der Italcer Group im Jahr 2026 vereinbart,"Am 24. Februar 2026 hat wienerberger eine verbindliche Vereinbarung zum Erwerb von Italcer unterzeichnet, einem führenden Hersteller hochwertiger keramischer Lösungen mit Produktionsstandorten in Italien und Spanien. Der Abschluss der T ransaktion wird – vorbehaltlich der behördlichen Genehmigungen – im zweiten Quartal 2026 erwartet.","...ngfristigen Zinsen verbleiben auf hohem Niveau. Ein wichtiger strategischer Schritt für wienerberger ist die Akquisition der Italcer Group. Am 24. Februar 2026 hat wiener- berger eine verbindliche Vereinbarung zum Erwerb von Italcer unterzeichnet, einem führenden Hersteller hochwertiger keramischer Lösungen mit Produktionsstandorten in Italien und Spanien. Der Abschluss der T ransaktion wird – vorbehalt- lich der behördlichen Genehmigungen – im zweiten Quartal 2026 erwartet. Vor diesem Hintergrund prognostiziert wienerberger für das Geschäftsjahr 2026 – unter Einbeziehung eines erwarteten Ergebnisbeitrags von Italcer – ein operatives EBITDA von rund EUR 810 Mio. (2025: EUR 754...",korrekt,Aussage gibt schlüssig wieder
WIE-107,Wienerberger AG,47,hauptrisiken,Lieferkette,Geschaeftsbericht,exakt,Störungen der Lieferketten und Logistikströme sowie Versorgungsengpässe infolge geopolitischer Konflikte,Dieser Konflikt hat Auswirkungen auf wichtige Verkehrs- und Handelsströme. Seither ist neben Störungen entlang von Lieferketten und Logistikströmen eine erhöhte Volatilität an den globalen Rohstoff- und Energiemärkten zu beobachten.,"...n Rückgang des Preisanstiegs auf 1,9 % (2025: 2,1 %). Am 28. Februar 2026 begann eine militärische Auseinander- setzung im mittleren Osten. Dieser Konflikt hat Auswirkungen auf wichtige Verkehrs- und Handelsströme. Seither ist neben Störungen entlang von Lieferketten und Logistikströmen eine erhöhte Volatilität an den globalen Rohstoff- und Energie- märkten zu beobachten. Die Auswirkungen beschränken sich daher nicht nur auf höhere Energiepreise, sondern umfassen breitere Störungen bei der Rohstoffversorgung und Logistik. Auswirkungen auf die Finanzmärkte sind nicht auszuschl...",korrekt,Aussage gibt schlüssig wieder
WIE-108,Wienerberger AG,47,hauptrisiken,Markt,Geschaeftsbericht,exakt,"Preisanstiege bei Energie, Rohstoffen und Logistik durch geopolitische Konflikte","Für wienerberger kann dies zu deutlichen Preissteigerungen insbesondere in den Bereichen Energie, Rohstoffe und Logistik führen und in Versorgungsengpässen resultieren. wienerberger überwacht die Situation kontinuierlich und ergreift Maßnahmen, um die Versorgungssicherheit sicherzustellen.","..., sondern umfassen breitere Störungen bei der Rohstoffversorgung und Logistik. Auswirkungen auf die Finanzmärkte sind nicht auszuschließen. Für wienerberger kann dies zu deutlichen Preissteigerungen insbesondere in den Bereichen Energie, Rohstoffe und Logistik führen und in Versorgungsengpässen resultieren. wienerberger überwacht die Situation kontinuierlich und ergreift Maß- nahmen, um die Versorgungssicherheit sicherzustellen. Eine Quantifizierung der Auswirkungen ist aufgrund der Dynamik des Konflikts zum jetzigen Zeitpunkt nicht möglich und daher nicht in unserem Ausblick für das Jahr 2026 berücksichtigt. wienerberger Für 2026 e...",korrekt,Aussage gibt schlüssig wieder
WIE-109,Wienerberger AG,48,hauptrisiken,Regulierung,Nachhaltigkeitsberichterstattung,exakt,Übergangsrisiken und physische Risiken infolge des Klimawandels und der Wende zu einer kohlenstoffarmen Wirtschaft,"Seit 2020 unterstützen wir daher die Empfehlungen der T ask Force on Climate-related Financial Disclosures (TCFD) in Bezug auf die Identifizierung, Analyse und Bewertung von physischen Risiken und Übergangsrisiken im Zusammenhang mit der Auswirkung der Wende zu einer kohlenstoffarmen Wirtschaft","...denen Risiken. Die Identifizierung und Analyse klimabezogener Risiken ist T eil des umfassenden Risikomanagementansatzes von wienerberger . Seit 2020 unterstützen wir daher die Empfehlungen der T ask Force on Climate-related Financial Disclosures (TCFD) in Bezug auf die Identifizierung, Analyse und Bewertung von physischen Risiken und Übergangsrisiken im Zusammenhang mit der Auswirkung der Wende zu einer kohlenstoffarmen Wirtschaft (z.B. Reputationsrisiken, regulatorische Risiken, Marktrisiken und T echnologierisiken). Außerdem informieren wir über die Einschätzung von Klimarisiken gemäß den Anforderungen der CSRD-Richtlinie (Corporate S...",korrekt,Aussage gibt schlüssig wieder
WIE-110,Wienerberger AG,52,hauptrisiken,Markt,Nachhaltigkeitsberichterstattung,exakt,Abhaengigkeit von den Konjunkturzyklen der Bauindustrie und Nachfrageschwankungen,"Unvorteilhafte Entwicklungen einiger oder all dieser Einflussgrößen können einen negativen Einfluss auf die Nachfrage nach Produkten und Systemlösungen von wienerberger , die abgesetzten Mengen und das Preisniveau haben.","... Zyklen der Bauaktivität sind deutlich langfristiger als in anderen Bereichen und verlaufen in unterschiedlichen Märkten zeitlich versetzt. Unvorteilhafte Entwicklungen einiger oder all dieser Einfluss- größen können einen negativen Einfluss auf die Nachfrage nach Produkten und Systemlösungen von wienerberger , die abgesetzten Mengen und das Preisniveau haben. Zyklische Schwankungen der Nachfrage bergen das Risiko von Überkapa- zitäten, die einen erhöhten Preisdruck, eine Verringerung der Margen sowie ungedeckte Kosten in der Produktion zur Folge haben können. Ris...",beleg_stuetzt_nicht,Aussage ist korrekt - Schluss auf Konjunkturzyklen allerdings nicht aus Zitat ablesbar - geprüft auf S.52
WIE-111,Wienerberger AG,52,wachstumsmaerkte,Europa uebrig,Nachhaltigkeitsberichterstattung,exakt,Zentral- und osteuropaeische Maerkte gelten wegen Nachholbedarfs langfristig als Wachstummaerkte,Die zentral- und osteuropäischen Märkte betrachtet wienerberger auch aufgrund des Nachholbedarfs im Wohnungsneubau und in der Infrastruktur langfristig als Wachstumsmärkte. Diese Märkte zeigen erfahrungsgemäß eine höhere Volatilität,...eschäft. Die Produktionskapa- zitäten werden daher laufend analysiert und durch entspre- chende Maßnahmen den Marktgegebenheiten angepasst. Die zentral- und osteuropäischen Märkte betrachtet wienerber- ger auch aufgrund des Nachholbedarfs im Wohnungsneubau und in der Infrastruktur langfristig als Wachstumsmärkte. Diese Märkte zeigen erfahrungsgemäß eine höhere Volatilität und können Risiken aus einer schwächeren Nachfrage und einem höheren Preisdruck mit sich bringen. Risiken im Zusammenhang mit konkurrierenden Baumaterialien Darüber hinaus stehen die Produkte von wienerberge...,korrekt,Aussage gibt schlüssig wieder
WIE-112,Wienerberger AG,53,hauptrisiken,Lieferkette,Nachhaltigkeitsberichterstattung,exakt_mehrdeutig,Preis- und Verfuegbarkeitsrisiken bei Rohstoffen und Zusatzstoffen,Neben dem Preisrisiko besteht auch ein Risiko aus der Versorgungssicherheit mit ausreichenden Rohstoffen. Eine Unterbrechung der Versorgung zieht unweigerlich einen Ausfall der Produktion nach sich.,"...lieren bzw. an den Markt anzupassen. Rasches Handeln im Preismanage- ment ist entscheidend, um nachhaltig profitable Ergebnisse zu sichern. Neben dem Preisrisiko besteht auch ein Risiko aus der Versorgungssicherheit mit ausreichenden Rohstoffen. Eine Unterbrechung der Versorgung zieht unweigerlich einen Aus- fall der Produktion nach sich. Mit wenigen Ausnahmen gibt es für die Rohstoffversorgung alternative Lieferantenoptionen, um dem Versorgungsrisiko zu begegnen. Risiken im Zusammenhang mit saisonalen Marktschwankungen Die Baustoff- als auch...",korrekt,Aussage gibt schlüssig wieder
WIE-113,Wienerberger AG,54,capex_ma_signale,,Nachhaltigkeitsberichterstattung,exakt,Rentabilitaetsabhaengigkeit bei Akquisitions- und Wachstumsinvestitionen,Zur Steigerung des wienerberger Unternehmenswerts werden neben der laufenden Optimierung (Operational Excellence) Produktinnovationen sowie interne und externe Wachstumsprojekte durchgeführt. Die zukünftige Rentabilität dieser Projekte ist in hohem Maße von,...cht T eil von CBAM und erhalten weiterhin die zuerkannten Carbon Leakage Gratiszuteilungen. Abhängigkeit von zukünftigen Wachstumsprojekten Zur Steigerung des wienerberger Unternehmenswerts werden neben der laufenden Optimierung (Operational Excellence) Produktinnovationen sowie interne und externe Wachstums- projekte durchgeführt. Die zukünftige Rentabilität dieser Projekte ist in hohem Maße von der Investitionshöhe bzw. den Akquisitionspreisen sowie der Marktentwicklung abhängig. Alle Investitionsmaßnahmen müssen daher den Rentabilitätszielen für unsere Wachstumsprojekte gerecht werden. Weiters erg...,beleg_stuetzt_nicht,"Aussage ist ohne Umgebunstext so nicht treffbar - geprüft, richtig"
WIE-114,Wienerberger AG,54,hauptrisiken,Regulierung,Nachhaltigkeitsberichterstattung,exakt_nach_normalisierung,Risiken bei M&A-Transaktionen durch kartellrechtliche Genehmigungsverfahren,Abhängig von der Marktstellung in einzelnen Ländern sowie der Größe von beabsichtigten Akquisitionen unterliegen Transaktionen wettbewerbsrechtlichen Genehmigungsverfahren. Dadurch könnten sich bei Akquisitionen bzw. Zusammenschlüssen Verzögerungen bzw.,...e Projekte werden deshalb vor dem Start einer umfassenden qualitativen und quantitativen Analyse unterzogen. Risiken bei M&A-T ransaktionen Abhängig von der Marktstellung in einzelnen Ländern sowie der Größe von beabsichtigten Akquisitionen unterliegen T rans- aktionen wettbewerbsrechtlichen Genehmigungsverfahren. Dadurch könnten sich bei Akquisitionen bzw. Zusammen- schlüssen Verzögerungen bzw. in einzelnen Fällen auch Unter- sagungen von Übernahmen ergeben. wienerberger prüft kar- tellrechtliche Risiken bereits intensiv im Vorfeld mit nationalen und internationalen juristischen und betriebswirt...,beleg_stuetzt_nicht,Bezug zum Kartellrecht ausschließlich mit Umgebunstext möglich - Aussage dennoch korrekt
WIE-115,Wienerberger AG,55,hauptrisiken,Lieferkette,Nachhaltigkeitsberichterstattung,exakt_nach_normalisierung,Risiken aus geopolitischen Spannungen und Lieferkettenstoerungen,"Mögliche Risiken ergeben sich insbesondere aus Störungen internationaler Lieferketten, steigenden Energie- und Rohstoffpreisen, Handelsbeschränkungen oder erhöhten politischen Unsicherheiten in einzelnen Märkten.","...oliti- sche Spannungen oder Sanktionen – können erhebliche Aus- wirkungen auf die globalen Wirtschafts- und Lieferkettenstruk- turen haben. Mögliche Risiken ergeben sich insbesondere aus Störungen internationaler Lieferketten, steigenden Energie- und Rohstoffpreisen, Handelsbeschränkungen oder erhöh- ten politischen Unsicherheiten in einzelnen Märkten. Diese Faktoren können zu Kostensteigerungen, Verzögerungen in der Beschaffung sowie zu einer erhöhten Volatilität auf Absatz- und Beschaffungsmärkten führen. Globale Gesundheitskrisen oder Pandemien können z...",korrekt,Aussage gibt schlüssig wieder
WIE-116,Wienerberger AG,55,hauptrisiken,Regulierung,Nachhaltigkeitsberichterstattung,exakt,Verschaerfte Vorschriften und politische Massnahmen zur Bekaempfung des Klimawandels,"Zu den zentralen Risiken zählt, dass Regierungen Vorschriften und politische Maßnahmen zur Bekämpfung des Klimawandels, wie z. B. Emissionsreduktionsziele, verabschieden könnten.","...uswirkungen, Risiken und Chancen gemäß der Corporate Sustainability Reporting Directive (CSRD). Risiken im Zusammenhang mit dem Klimawandel Zu den zentralen Risiken zählt, dass Regierungen Vorschriften und politische Maßnahmen zur Bekämpfung des Klimawandels, wie z. B. Emissionsreduktionsziele, verabschieden könnten. Die Einführung von zusätzlichen CO2-Preismechanismen oder Steu- ern kann die Produktionskosten erhöhen, die Gesamtrentabili- tät gefährden und Investitionszyklen beschleunigen, während verzögerte und unzureich...",korrekt,Aussage gibt schlüssig wieder
WIE-117,Wienerberger AG,55,hauptrisiken,Technologie,Nachhaltigkeitsberichterstattung,exakt,Risiken im Zusammenhang mit Cybersicherheit und IT-Ausfaellen,Risiken eines Ausfalls unserer zentral geführten konzernweiten Datenverarbeitung aufgrund von Elementarereignissen oder Cyberangriffen werden durch parallele Installation der Systeme in räumlich getrennten Rechenzentren und Cloud-Lösungen vermindert.,...lgemeine Risikomanagementstrategie und das interne Kontrollsystem von wienerberger eingebettet. Risiken im Zusammenhang mit Cybersicherheit Risiken eines Ausfalls unserer zentral geführten konzernweiten Datenverarbeitung aufgrund von Elementarereignissen oder Cyberangriffen werden durch parallele Installation der Systeme in räumlich getrennten Rechenzentren und Cloud-Lösungen vermindert. Das Cyber-Sicherheitsteam schult die Mitarbeiter und trainiert regelmäßig Notfälle. Damit wird eine kontinuier- liche Verbesserung der internen Betriebsfortführungskonzepte ermöglicht und ein möglicher Schaden...,korrekt,Aussage gibt schlüssig wieder
WIE-118,Wienerberger AG,56,strategische_prioritaeten,,Nachhaltigkeitsberichterstattung,exakt,Erreichung der Netto-Null-Emissionen bis 2050 und Umsetzung des Nachhaltigkeitsprogramms 2023–2026,"Um dieses Ziel zu verwirklichen, setzen wir uns für den Klimaschutz ein und tragen dazu bei, die Vorgaben des europäischen Green Deal umzusetzen, mit dem klaren Ziel der Netto-Null-Emissionen bis 2050.","... stets als unsere Verantwortung angesehen, sicherzustellen, dass zukünftige Generationen die höchstmögliche Lebensqualität genießen können. Um dieses Ziel zu verwirklichen, setzen wir uns für den Klimaschutz ein und tragen dazu bei, die Vorgaben des europäischen Green Deal umzusetzen, mit dem klaren Ziel der Netto-Null-Emissionen bis 2050. Zur Umsetzung haben wir das Nachhaltigkeitsprogramm 2023–2026 eingefüh rt, das klare Ziele für die wesentlichen Aspekte unseres Geschäfts definiert. Die Ergebnisse der ersten beiden Jahre bestätigen die strate...",beleg_stuetzt_nicht,Nachhaltigkeitsprogramm 2023–2026 nicht im Zitat erwähnt - mit Umgebungstext korrekt.
WIE-119,Wienerberger AG,60,capex_ma_signale,,Nachhaltigkeitsberichterstattung,exakt,Ganzheitlicher Ansatz des Managements im Umgang mit Risiken und Chancen umfasst Fusionen und Übernahmen (M&A) sowie den Ausbau des Werksnetzes.,"Bei Minderung von Risiken und Nutzung von Chancen wählt das Management von wienerberger einen ganzheitlichen Ansatz, der die Bereiche Produktentwicklung, Fusionen und Übernahmen (Mergers and Acquisitions, M&A), Ausbau des Werksnetzes und Auswahl der Energieträger sowie eine breite Palette an Initiativen","...cheidungen. Geleitet werden sie dabei von der strategischen Vision von wienerberger , die im Nach- haltigkeitsprogramm 2026 dargelegt wird. Bei Minderung von Risiken und Nutzung von Chancen wählt das Management von wienerberger einen ganzheitlichen Ansatz, der die Bereiche Produktentwicklung, Fusionen und Übernahmen (Mergers and Acquisitions, M&A), Ausbau des Werksnetzes und Auswahl der Energieträger sowie eine breite Palette an Initiativen zur Reduktion von Scope-3-Emissionen umfasst. Dazu zählt auch die Berücksichtigung von Spannungsfeldern im Zusammen- hang mit diesen Auswirkungen, Risiken und Chancen. GOV-3 Einbeziehung der nachhaltig- keitsb...",korrekt,Aussage gibt schlüssig wieder
WIE-120,Wienerberger AG,71,hauptrisiken,Markt,Nachhaltigkeitsberichterstattung,exakt,"Physische Klimarisiken und klimabedingte Gefahren für Vermögenswerte und Geschäftsaktivitäten über kurz-, mittel- und langfristige Zeithorizonte","wienerberger hat eine Analyse der physischen Klimarisiken durchgeführt, um festzustellen, ob klimabedingte Gefahren Risiken für Vermögenswerte und Geschäftsaktivitäten über einen kurz- (bis 2030), mittel (bis 2040) und langfristigen Zeithorizont (bis 2050) darstellen könnten.","...gewährleisten diese eine umfassende Bewertung plausibler Unsicherheiten im Einklang mit den Zielen des Pariser Abkommens. Physische Risiken wienerberger hat eine Analyse der physischen Klimarisiken durchgeführt, um festzustellen, ob klimabedingte Gefahren Risiken für Vermögenswerte und Geschäftsaktivitäten über einen kurz- (bis 2030), mittel (bis 2040) und langfristigen Zeit- horizont (bis 2050) darstellen könnten. Diese Zeithorizonte ermöglichen es, sowohl unmittelbare als auch langfristige Risiken zu erfassen. Die erwartete betriebliche Nutzungsdauer unserer wienerberger-Standorte erstreckt sich in der Szenario- anal...",korrekt,Aussage gibt schlüssig wieder
WIE-121,Wienerberger AG,82,capex_ma_signale,,Nachhaltigkeitsberichterstattung,exakt,Rückgang des CapEx-Anteils nach der Terreal-Übernahme im Vorjahr und Ausbleiben vergleichbarer Zukäufe im Jahr 2025,"Der taxonomiekonforme Anteil der CapEx im Berichtszeitraum erreichte 50,8 % des gesamten CapEx (2024: 81,1 %). Der Betrag für 2024 ist aufgrund der Übernahme von T erreal, dessen Dachproduktion eine taxonomiekonforme Geschäftstätigkeit war , erhöht. Im Jahr 2025 erfolgte keine Akquisition. in diesem Ausmaß.","...ur Wirtschaftstätigkeiten im Umweltziel Klimaschutz identifiziert wurden, können Doppelzählungen zu mehreren Umweltzielen vermieden werden. Der taxonomiekonforme Anteil der CapEx im Berichtszeitraum erreichte 50,8 % des gesamten CapEx (2024: 81,1 %). Der Betrag für 2024 ist aufgrund der Übernahme von T erreal, dessen Dachproduktion eine taxonomiekonforme Geschäftstätigkeit war , erhöht. Im Jahr 2025 erfolgte keine Akquisition. in diesem Ausmaß. KPI-Bericht CapEx Geschäftsjahr 2025 Wirtschaftstätigkeiten N r. T axonomiefähiger KPI (Anteil des taxonomiefä- higen Umsatzes/CapEx/ OpEx) T axonomiekonformer KPI (Wert des taxonomiekonformen Umsatzes/CapEx/O...",korrekt,Aussage gibt schlüssig wieder
WIE-122,Wienerberger AG,83,strategische_prioritaeten,,Nachhaltigkeitsberichterstattung,exakt,Konzentration auf nachhaltige und klimafreundliche Produkte mit dem Ziel des Umsatzes aus Netto-Null-Gebäuden im Rahmen des Nachhaltigkeitsprogramms 2026,"Die Anpassungsmaßnahmen stehen im Zusammenhang mit der Strategie und dem Geschäftsmodell von wienerberger , sich auf nachhaltige und klimafreundliche Produkte zu konzentrieren. Dies ist im Nachhaltigkeitsprogramm 2026 in Form des Ziels „Umsatz aus Netto-Null-Gebäuden” verankert.","... Minde- rungsmaßnahmen und Reduktionsziele für Scope-1- , Scope- 2- und Scope-3-Emissionen sind im Nachhaltigkeitsprogramm 2026 festgelegt. Die Anpassungsmaßnahmen stehen im Zusammenhang mit der Strategie und dem Geschäftsmodell von wienerberger , sich auf nachhaltige und klimafreundliche Produkte zu konzentrie- ren. Dies ist im Nachhaltigkeitsprogramm 2026 in Form des Ziels „Umsatz aus Netto-Null-Gebäuden” verankert. 1) in Bezug auf den produktionsbezogenen Energieverbrauch Die wesentlichen Auswirkungen im Zusammenhang mit Ener- gie sind ebenfalls durch Scope-1- und Scope-2-Reduktions- maßnahmen und -ziele mit der Strate...",korrekt,KONTROLLE: zusaetzlich im PDF pruefen - geprüft
WIE-123,Wienerberger AG,84,hauptrisiken,Regulierung,Nachhaltigkeitsberichterstattung,exakt,Vorschriften und Maßnahmen zur Bekämpfung des Klimawandels wie CO2-Bepreisung oder Strafen bei unzureichenden Investitionen,"Regierungen setzen Vorschriften und Maßnahmen zur Bekämpfung des Klimawandels um, zum Beispiel Emissionsreduktionsziele; die Einführung zusätzlicher CO2-Bepreisungsmechanismen oder -Steuern kann zur Erhöhung der Produktionskosten führen, die Gesamtrentabilität bedrohen und Investitionszyklen beschleunigen","84 Derzeit in Konzepten, Maßnahmen und Zielen nicht berücksichtigte wesentliche Auswirkungen, Risiken, Chancen: Klimaschutz Risiko Regierungen setzen Vorschriften und Maßnahmen zur Bekämpfung des Klimawandels um, zum Beispiel Emissionsreduktionsziele; die Einführung zusätzlicher CO2-Bepreisungsme- chanismen oder -Steuern kann zur Erhöhung der Produktionskosten führen, die Gesamt- rentabilität bedrohen und Investitionszyklen beschleunigen, während verzögerte oder unzureichende Investitionen in Dekarbonisierung oder T echnologien zur Anpassung an den Klimawandel eine weitere Erhöhung der Kosten, potentielle Strafen und Marktanteilsver- luste...",beleg_stuetzt_nicht,"""CO2-Bepreisung oder Strafen bei unzureichenden Investitionen"" - nur aus Umgebungstext rauslesbar, nicht aus Zitat - geprüft korrekt"
WIE-124,Wienerberger AG,84,hauptrisiken,Markt,Nachhaltigkeitsberichterstattung,exakt,Veränderung von Verbraucherpräferenzen und Marktnachfrage weg von traditionellen Ziegeln hin zu energieeffizienten Baustoffen,"Das Bewusstsein für den Klimawandel und Überlegungen zur Nachhaltigkeit können die Verbraucherpräferenzen und die Marktnachfrage beeinflussen – es könnte zu einer Verlagerung hin zu umweltfreundlichen und energieeffizienten Baustoffen kommen, was die Nachfrage nach traditionellen Ziegeln möglicherweise beeinträchtigt.","...eitere Erhöhung der Kosten, potentielle Strafen und Marktanteilsver- luste zur Folge haben können Vorgelagerte Wert- schöpfungskette Risiko Das Bewusstsein für den Klimawandel und Überlegungen zur Nachhaltigkeit können die Verbraucherpräferenzen und die Marktnachfrage beeinflussen – es könnte zu einer Ver- lagerung hin zu umweltfreundlichen und energieeffizienten Baustoffen kommen, was die Nachfrage nach traditionellen Ziegeln möglicherweise beeinträchtigt. Eigenbetrieb Chance Kostenreduktion durch den Einsatz von Strom aus erneuerbaren Energien Eigenbetrieb Chance Bessere Reputation aufgrund der Einhaltung von Klimazielen Eigenbetrieb Anpassung an den Klimawan...",korrekt,KONTROLLE: zusaetzlich im PDF pruefen - geprüft
WIE-125,Wienerberger AG,84,hauptrisiken,Markt,Nachhaltigkeitsberichterstattung,exakt,Erhöhte Volatilität der Energiepreise infolge des Übergangs zu erneuerbaren Energien und CO2-Bepreisung,Der Übergang zu erneuerbaren Energiequellen und die CO2-Bepreisung können zu einer erhöhten Volatilität der Energiepreise führen; die Ziegelherstellung ist energieintensiv und unerwartete Schwankungen der Energiekosten können sich auf die Betriebsausgaben des Unternehmens auswirken,"...parmaßnahmen, unter anderem thermische Sanierung und nachhaltige Baupraktiken, verbessert werden Nachgelagerte Wertschöpfungs- kette Risiko Der Übergang zu erneuerbaren Energiequellen und die CO2-Bepreisung können zu einer erhöhten Volatilität der Energiepreise führen; die Ziegelherstellung ist energieintensiv und unerwartete Schwankungen der Energiekosten können sich auf die Betriebsausgaben des Unternehmens auswirken Eigenbetrieb Chance Neben der Einbindung von T echnologien für erneuerbare Energie, etwa von Solarpaneelen oder geothermischen Systemen, kann die Umsetzung energieeffizienter Planungs- und Bautechniken die Bet...",korrekt,KONTROLLE: zusaetzlich im PDF pruefen - geprüft
WIE-126,Wienerberger AG,85,hauptrisiken,Lieferkette,Nachhaltigkeitsberichterstattung,exakt,Begrenztes Angebot und erhöhte Kosten bei gesetzlich verpflichtender Verwendung von recyceltem Kunststoff,Änderung der Gesetzgebung in Richtung der verpflichtenden Verwendung von recyceltem Kunststoff EU/NA Erhöhte Kosten aufgrund eines begrenzten Angebots,...en aufgrund der Regulierung R R Verordnung für CO2-Bepreisung in der EU EU Erhöhte Betriebskosten aufgrund der Verordnung R R Markt/ Märkte Änderung der Gesetzgebung in Richtung der verpflichtenden Verwendung von recyceltem Kunststoff EU/NA Erhöhte Kosten aufgrund eines begrenzten Angebots R R Energiepreisrisiko – Übergang zu sauberer Energie EU/NA Erhöhte Betriebskosten aufgrund der Faktorenpreise R Klimabezogene Regulierung für den Bausektor EU/NA Erhöhte Produktnachfrage C C Solarenergiesyste...,korrekt,KONTROLLE: zusaetzlich im PDF pruefen - geprüft
WIE-127,Wienerberger AG,86,strategische_prioritaeten,,Nachhaltigkeitsberichterstattung,exakt_nach_normalisierung,Systematische Reduktion von Treibhausgasemissionen und Wandel hin zu erneuerbaren Energien,"Systematische Reduktion der T reibhausgasemissionen im gesamten Tätigkeitsbereich, bei allen Produkten und in der gesamten Lieferkette, um ein Netto-Null-Niveau zu erreichen Wandel der Energiesysteme von wienerberger von der Abhängigkeit von fossilen Brennstoffen zu nachhaltigen und erneuerbaren Energiequellen","...zu veröffentlichen. E1-2 Konzepte Klimaschutzkonzept Wichtigste Inhalte des Konzepts › Umfasst: Klimaschutz; erneuerbare Energien › Ziel: › Systematische Reduktion der T reibhausgasemissionen im gesamten Tätigkeitsbereich, bei allen Produkten und in der gesamten Lieferkette, um ein Netto-Null-Niveau zu erreichen › Wandel der Energiesysteme von wienerberger von der Abhängigkeit von fossilen Brennstoffen zu nachhaltigen und erneuerbaren Energiequellen › Effektives Management von kritischen klimabedingten Nachhaltigkeitsfragen › Governance zur Aufsicht über die Strategie zur Klimaschutz und deren Umsetzung. › Beschreibt, wie der Klimaschutz in die Strategi...",korrekt,KONTROLLE: zusaetzlich im PDF pruefen - geprüft
WIE-128,Wienerberger AG,122,strategische_prioritaeten,,Geschaeftsbericht,exakt,Gesundheit und Sicherheit als oberste Priorität durch strenge Konzepte und Präventivmaßnahmen,Gesundheit und Sicherheit haben bei wienerberger nach wie vor oberste Priorität. Strenge Konzepte und Präventivmaßnahmen sollen ein sicheres und unterstützendes Arbeitsumfeld für alle Mitarbeitenden schaffen.,"...ruppe ist die Einführung die- ser Maßnahmen schrittweise geplant, wobei der Schwerpunkt auf den lokalen Bedürfnissen und Prioritäten liegt. Gesundheit und Sicherheit haben bei wienerberger nach wie vor oberste Priorität. Strenge Konzepte und Präventivmaßnah- men sollen ein sicheres und unterstützendes Arbeitsumfeld für alle Mitarbeitenden schaffen. Durch die Verankerung umfas- sender Unternehmenskonzepte, kontinuierliche Überwachung und zielgerichtete Korrekturmaßnahmen setzen wir uns fort- laufend für die Einhaltung höchster Standards in den Bereichen...",korrekt,KONTROLLE: zusaetzlich im PDF pruefen - geprüft
WIE-129,Wienerberger AG,159,capex_ma_signale,,Geschaeftsbericht,exakt,Auszahlungen für Investitionen in Sachanlagen und immaterielle Vermögenswerte sowie Netto-Auszahlungen für Akquisitionen im Geschäftsjahr 2025,Auszahlungen für Investitionen in Sachanlagen und immaterielle Vermögenswerte 18 –281 –312 Auszahlungen für Investitionen in Finanzanlagen – –2 Dividendenzahlungen von assoziierten Unternehmen und Gemeinschaftsunternehmen 1 2 Veränderungen von Wertpapieren und sonstigen finanziellen Vermögenswerten 45 –10 Netto-Auszahlungen für Unternehmensakquisitionen,...tto-Umlaufvermögen 1 –14 Cashflow aus laufender Geschäftstätigkeit 630 606 Einzahlungen aus Anlagenabgängen (inklusive Finanzanlagen) 23 15 Auszahlungen für Investitionen in Sachanlagen und immaterielle Vermögenswerte 18 –281 –312 Auszahlungen für Investitionen in Finanzanlagen – –2 Dividendenzahlungen von assoziierten Unternehmen und Gemeinschaftsunternehmen 1 2 Veränderungen von Wertpapieren und sonstigen finanziellen Vermögenswerten 45 –10 Netto-Auszahlungen für Unternehmensakquisitionen 3 –24 –634 Netto-Einzahlungen aus Unternehmensveräußerungen – 12 Cashflow aus Investitionstätigkeit –235 –930 Einzahlungen aus der Aufnahme von Finanzverbindlichkeiten 27 254 1.117 Auszahlungen aus der Tilgung...,korrekt,KONTROLLE: zusaetzlich im PDF pruefen - geprüft
WIE-130,Wienerberger AG,184,capex_ma_signale,,Geschaeftsbericht,exakt,"Schrittweiser Ersatz von Produktionslinien, Maschinen und Anlagen zur Erreichung von Klimazielen durch nachhaltigere Alternativen","Um die Klimaziele zu erreichen, ersetzt wienerberger ausgewählte Produktionslinien, Maschinen und sonstigen Anlagen schrittweise durch effizientere und nachhaltigere Alternativen. Diese Erneuerungen erfolgen in der Regel gegen Ende der Nutzungsdauer einer Anlage.","...äudeinfrastruktur 4 - 40 Jahre Kundenstamm 5 - 15 Jahre Öfen und T rockner 5 - 30 Jahre Sonstiges immaterielles Anlagevermögen 4 - 10 Jahre Um die Klimaziele zu erreichen, ersetzt wienerberger ausgewählte Produktionslinien, Maschinen und sonstigen Anlagen schrittweise durch effizientere und nachhaltigere Alternativen. Diese Erneuerungen erfolgen in der Regel gegen Ende der Nutzungsdauer einer Anlage. Daher erwartet wienerberger keine wesentlichen Auswirkungen von klimabedingten Ersatzinvestitionen auf die Bewertung von Sachanlagen. Die Auswirkungen klimabezogener Faktoren auf die Nutzungsdauer werden weite...",korrekt,KONTROLLE: zusaetzlich im PDF pruefen - geprüft
WIE-131,Wienerberger AG,184,capex_ma_signale,,Geschaeftsbericht,exakt,Bestehende vertragliche Verpflichtungen zum Kauf von Sachanlagen zum Stichtag,Zum Abschlussstichtag bestanden Verpflichtungen zum Kauf von Sachanlagen in Höhe von EUR 45 Mio (2024: EUR 27 Mio).,...m Nettoverkaufserlös und dem Restbuchwert in den sonstigen betrieblichen Erträgen oder in den sonstigen betrieblichen Aufwendungen erfasst. Zum Abschlussstichtag bestanden Verpflichtungen zum Kauf von Sachanlagen in Höhe von EUR 45 Mio (2024: EUR 27 Mio). Corporate Governance Bericht | Konzernlagebericht | Konzernabschluss,korrekt,KONTROLLE: zusaetzlich im PDF pruefen - geprüft
WIE-132,Wienerberger AG,184,capex_ma_signale,,Geschaeftsbericht,exakt,Mittel- bis langfristige Veräußerungsabsicht für nicht betriebsnotwendige Liegenschaften und Gebäude,"wienerberger stuft Liegenschaften und Gebäude, die nicht im laufenden Geschäftsbetrieb eingesetzt werden, als Finanzinvestition gehaltene Immobilien ein und sieht diese mittel- bis langfristig zur Veräußerung vor .","...n von EUR 1.373 (2024: EUR 1.375) sind Grundwerte von EUR 577 Mio (2024: EUR 586 Mio) enthalten. Als Finanzinvestition gehaltene Immobilien wienerberger stuft Liegenschaften und Gebäude, die nicht im laufenden Geschäftsbetrieb eingesetzt werden, als Finanzinvestition gehaltene Immobilien ein und sieht diese mittel- bis langfristig zur Veräußerung vor . wienerberger bewertet als Finanzinvestition gehaltene Immobilien zu fortgeführten Anschaffungskosten unter Anwendung der linearen Abschreibung. Abschreibungen Sachanlagen werden planmäßig linear über die erwar...",korrekt,KONTROLLE: zusaetzlich im PDF pruefen - geprüft
WIE-133,Wienerberger AG,209,hauptrisiken,Finanzierung,Geschaeftsbericht,exakt,"Erhöhung des allgemeinen Zinsniveaus, Verschlechterung des Kreditratings oder Nichteinhaltung von Covenants mit Auswirkung auf Finanzierungskosten und Kreditfälligstellung","Sollte sich das allgemeine Zinsniveau erhöhen, das Rating der Gruppe verschlechtern oder Covenants nicht eingehalten werden, können die zu zahlenden Zinsen durch höhere Referenzzinssätze oder höhere Kreditrisikoaufschläge steigen und höhere Finanzierungskosten sowie einen geringeren Cashflow verursachen.","...tivem EBITDA 3,9x nicht überschreiten. Ein T eil des Ergebnisses wird für Zinsen verwendet und steht somit nicht anderweitig zur Verfügung. Sollte sich das allgemeine Zinsniveau erhöhen, das Rating der Gruppe verschlechtern oder Covenants nicht eingehalten werden, können die zu zahlenden Zinsen durch höhere Referenzzinssätze oder höhere Kreditrisiko- aufschläge steigen und höhere Finanzierungskosten sowie einen geringeren Cashflow verursachen. Nicht eingehaltene Covenants können auch zur Fälligstellung von Krediten führen. Aus dem operativen Geschäft ergeben sich für wienerberger neben dem Finanzierungsrisiko auch Zins- und Währungsrisiken. Zur Be...",korrekt,KONTROLLE: zusaetzlich im PDF pruefen - geprüft
WIE-134,Wienerberger AG,215,hauptrisiken,Regulierung,Geschaeftsbericht,exakt,Sammelklagen wegen Kartellrechtsverstößen und DOJ-Untersuchung gegen PipeLife Jet Stream,"Zusammen mit anderen, deutlich größeren Marktteilnehmern wurde PipeLife Jet Stream, Inc. in mehreren Sammelklagen vor dem United States District Court for the Northern District of Illinois als Beklagte benannt. In den Klagen werden Verstöße gegen Kartellgesetze geltend gemacht.","...Mio). Für diese Eventualverbindlichkeiten schätzt wienerberger die Möglichkeit eines Abflusses von Ressourcen als nicht wahrscheinlich ein. Zusammen mit anderen, deutlich größeren Marktteilnehmern wurde PipeLife Jet Stream, Inc. in mehreren Sammelklagen vor dem United States District Court for the Northern District of Illinois als Beklagte benannt. In den Klagen werden Verstöße gegen Kartell- gesetze geltend gemacht. Im Zusammenhang mit derselben Angelegenheit wurde zudem eine Untersuchung durch das Department of Justice (DOJ) eingeleitet. PipeLife Jet Stream bestreitet die Vorwürfe der Kläger und wird sich entsprechend ...",korrekt,KONTROLLE: zusaetzlich im PDF pruefen - geprüft
