unternehmen,schluessel,berichtsjahr,gruppe,feld,wert,region,kategorie,beleg_seite,treffertyp,quelle_abschnitt,weitere_fundstellen,zitat_gefunden,zitat
voestalpine AG,voestalpine,2025/26,Hersteller,strategische_prioritaeten,Klimafreundliche Stahlerzeugung durch das Transformationsprojekt greentec steel,,,72,exakt,Geschaeftsbericht,,True,An den österreichischen Stahlstandorten Linz und Donawitz lag der Fokus der Investitionstätigkeit auf der Umsetzung des Transformationsprojektes greentec steel.
voestalpine AG,voestalpine,2025/26,Hersteller,strategische_prioritaeten,Fokus auf Spitzenqualität und Service-Aktivitäten,,,60,exakt_nach_normalisierung,Geschaeftsbericht,,True,"Die Division legte ihren Fokus daher noch weiter verstärkt auf Produktsegmente im obersten Qualitätsspektrum sowie auf Wertschöpfungs- und Service-Aktivitäten, wie beispielsweise Wärme- und Oberflächenbehandlungen."
voestalpine AG,voestalpine,2025/26,Hersteller,strategische_prioritaeten,Regionale Diversifizierung im Bereich Nahtlosrohre,,,65,exakt,Geschaeftsbericht,,True,Diese Maßnahmen erforderten eine schrittweise Rücknahme der Produktionskapazitäten in Verbindung mit Einsparungsprogrammen sowie einer bereits längerfristig vorbereiteten regionalen Diversifizierung in Richtung MENA.
voestalpine AG,voestalpine,2025/26,Hersteller,strategische_prioritaeten,"Fokussiertes Wachstum in renditestarken Bereichen wie Schieneninfrastruktur, Luftfahrtindustrie, Spezialprofilen und Lagertechnik",,,122,exakt_nach_normalisierung,Nachhaltigkeitsberichterstattung,,True,"Entsprechend unserem übergeordneten strategischen Ziel der Wertsteigerung und damit der Erhöhung des Unternehmenswerts ist das fokussierte Wachstum in attraktiven, renditestarken Bereichen wie der Schieneninfrastruktur, der Luftfahrtindustrie sowie bei Spezialprofilen und in der Lagertechnik ein wesentlicher strategischer Pfeiler."
voestalpine AG,voestalpine,2025/26,Hersteller,strategische_prioritaeten,"Aktives Portfoliomanagement, Effizienzfokus und Reorganisation renditeschwacher Geschäftsbereiche",,,122,exakt,Nachhaltigkeitsberichterstattung,,True,Ein aktives und konsequentes Management unseres Portfolios mit Fokus auf Effizienz in allen Bereichen und Stärkung der Wettbewerbsfähigkeit unserer (Produktions-)Standorte sowie der Reorganisation renditeschwacher Geschäftsbereiche sichert zudem die Zukunftsfähigkeit und Resilienz des Unternehmens und bildet damit den zweiten wesentlichen Pfeiler unserer Strategie.
voestalpine AG,voestalpine,2025/26,Hersteller,strategische_prioritaeten,Wirtschaftlich erfolgreiche Dekarbonisierung der Stahlerzeugung mit dem Ziel Net-Zero bis 2050 und Ausbau der Kreislaufwirtschaft,,,122,exakt_nach_normalisierung,Nachhaltigkeitsberichterstattung,,True,Die wirtschaftlich erfolgreiche Dekarbonisierung der hochofenbasierten Stahlerzeugung mit dem klaren Ziel von Net-Zero-Emissionen bis 2050 und dem weiteren Auf- und Ausbau der Kreislaufwirtschaft bildet den dritten wesentlichen Pfeiler unserer Strategie.
voestalpine AG,voestalpine,2025/26,Hersteller,strategische_prioritaeten,Schrittweise Dekarbonisierung der Stahlerzeugung im Rahmen des Klimaschutzprogramms greentec steel bis 2050,,,124,exakt_nach_normalisierung,Nachhaltigkeitsberichterstattung,,True,"Um der Herausforderung dieser Dekarbonisierung der Stahlerzeugung unter Erhalt der Wirtschaftlichkeit und Wettbewerbsfähigkeit zu begegnen und das Net-Zero-Ziel bis 2050 zu erreichen, hat die voestalpine das ambitionierte Klimaschutzprogramm greentec steel als ein Kernelement in der Konzern- und Nachhaltigkeitsstrategie entwickelt."
voestalpine AG,voestalpine,2025/26,Hersteller,strategische_prioritaeten,Ausbau der Kreislaufwirtschaft und Erhöhung des Schrotteinsatzes bis 2030,,,124,exakt_nach_normalisierung,Nachhaltigkeitsberichterstattung,,True,"Um diese Herausforderungen zu adressieren, hat sich die voestalpine die strategischen Ziele gesetzt, die Versorgung der Produktionsstandorte mit den benötigten Rohstoffen und Energien langfristig und wirtschaftlich abzusichern sowie die Kreislaufwirtschaft weiter auszubauen und den Einsatz von Schrott als Sekundärrohstoff in der Stahlerzeugung bis 2030 um 50 % zu erhöhen."
voestalpine AG,voestalpine,2025/26,Hersteller,strategische_prioritaeten,Senkung der Unfallhäufigkeitsquote bis 2030,,,124,exakt_nach_normalisierung,Nachhaltigkeitsberichterstattung,,True,"Daher wird kontinuierlich an der weiteren Reduktion der Unfallhäufigkeit sowie der Erhöhung der Gesundheitsquote gearbeitet, um sich der Vision von „Zero Accidents“ anzunähern. Strategisch soll die Unfallhäufigkeitsquote bis 2030 auf 5,5 gesenkt werden."
voestalpine AG,voestalpine,2025/26,Hersteller,strategische_prioritaeten,Umfassende Reduktion der Treibhausgasemissionen und Transformation zu einer emissionsaermeren Stahlproduktion,,,183,exakt,Nachhaltigkeitsberichterstattung,,True,"Die voestalpine verfolgt eine umfassende Reduktion der Treibhausgasemissionen entlang der gesamten Wertschöpfungskette und hat sich im Rahmen der Science Based Targets initiative (SBTi) verpflichtet, ihre Emissionen entsprechend dem wissenschaftlich fundierten 2-Grad-Reduktionspfad zu senken."
voestalpine AG,voestalpine,2025/26,Hersteller,strategische_prioritaeten,Stufenweise Dekarbonisierung der Stahlproduktion (greentec steel) und Reduktion von Emissionen bis Net-Zero 2049/50,,,186,exakt_nach_normalisierung,Nachhaltigkeitsberichterstattung,,True,"Die Umsetzung des greentec steel-Programms – die stufenweise Transformation der Prozesse zur Rohstahlherstellung – im Rahmen des Klimaübergangsplans ermöglicht eine nachhaltige Weiterentwicklung des Kerngeschäfts, indem emissionsarme Technologien schrittweise eingeführt und bestehende Prozesse optimiert werden."
voestalpine AG,voestalpine,2025/26,Hersteller,strategische_prioritaeten,Steigerung des Schrotteinsatzes in der Rohstahlherstellung im Rahmen der Kreislaufwirtschaft,,,217,exakt_nach_normalisierung,Geschaeftsbericht,,True,"Die voestalpine setzt auf eine effiziente Ressourcennutzung, indem Schrott und andere metallhaltige Rückstände wieder in den Produktionsprozess zurückgeführt werden. Bis 2030 soll der Einsatz von Sekundärrohstoffen weiter gesteigert werden, indem der Schrotteinsatz in der Rohstahlherstellung um 50 % erhöht wird."
voestalpine AG,voestalpine,2025/26,Hersteller,strategische_prioritaeten,Implementierung der F&E- und Innovationsstrategie 2030+,,,229,exakt_nach_normalisierung,Geschaeftsbericht,,True,"Im Geschäftsjahr 2025/26 wurde ausgehend von der Konzernstrategie 2030+ die F&E- und Innovationsstrategie 2030+ konzeptioniert, deren Implementierung ab dem Geschäftsjahr 2026/27 geplant ist. Die Strategie zielt darauf ab, den wirtschaftlichen Erfolg des Unternehmens langfristig durch innovative Prozesse und nachhaltige Produkte zu sichern."
voestalpine AG,voestalpine,2025/26,Hersteller,strategische_prioritaeten,Steigerung des Anteils weiblicher Führungskräfte auf 18 % bis 2030,,,245,exakt,Geschaeftsbericht,,True,"Die Konzernstrategie sieht vor, den Anteil weiblicher Führungskräfte bis 2030 von 14 % auf 18 % zu erhöhen. Im Fokus stehen dabei auch die Aktivitäten auf den drei Ebenen Positionierung, Halten sowie Begleiten/Fordern/Fördern."
voestalpine AG,voestalpine,2025/26,Hersteller,strategische_prioritaeten,Konzernweite Umsetzung von acht strategischen Handlungsfeldern der HR-Strategie,,,245,exakt_nach_normalisierung,Geschaeftsbericht,,True,"Zur Umsetzung der Strategie arbeitet die voestalpine konzernweit an acht strategischen Handlungsfeldern, die zentrale Hebel zur Erreichung der HR-Ziele darstellen: 1. Werte und Kulturmanagement: Aktives Management der Unternehmenswerte zur Begleitung von Technologiewandel und gesellschaftlichem Wandel"
voestalpine AG,voestalpine,2025/26,Hersteller,strategische_prioritaeten,Schrittweise Ausdehnung des Due-Diligence-Prozesses auf den gesamten Konzern,,,306,exakt_nach_normalisierung,Geschaeftsbericht,,True,"Zur Weiterentwicklung des Lieferkettenmanagements schafft die voestalpine derzeit die organisatorischen und prozessualen Voraussetzungen, um den bestehenden Due-Diligence-Prozess – der bislang auf Gesellschaften mit Verpflichtung nach dem Lieferkettensorgfaltspflichtengesetz (LkSG) beschränkt ist – schrittweise auf den gesamten Konzern auszudehnen."
voestalpine AG,voestalpine,2025/26,Hersteller,strategische_prioritaeten,"Weiterer Ausbau von Servicedienstleistungen, Digital Sales und Optimierungsprogrammen in der CGU Value Added Services",,,388,exakt_nach_normalisierung,Geschaeftsbericht,,True,Der weitere Ausbau der Servicedienstleistungen im Planungszeitraum führt zu einer engeren Kundenbindung und einer Vertiefung der Wertschöpfung. Das konsequente Weitertreiben bereits bewährter Einsparungs- und Optimierungsprogramme sowie Vertriebsaktivitäten in margenstarken Subsegmenten wie auch Initiativen im Bereich Global Supply Chain Management und Digital Sales
voestalpine AG,voestalpine,2025/26,Hersteller,strategische_prioritaeten,Fortführung der Ausrichtung als Komplettanbieter im Geschäftsbereich Welding,,,389,exakt,Geschaeftsbericht,,True,Die strategische Ausrichtung des Geschäftsbereichs als Komplettanbieter der „Perfekten Schweißnaht“ („The Perfect Weld Seam“) wird im Planungszeitraum unverändert weiterverfolgt. Bereits eingeleitete sowie laufende Optimierungs- und Effizienzprogramme werden konsequent fortgeführt
voestalpine AG,voestalpine,2025/26,Hersteller,wachstumsmaerkte,Die Rollforming Corporation baut am Standort Jeffersonville die Produktionskapazitäten aus und plant eine Verdoppelung des Leistungspotenzials.,Nordamerika,,74,exakt,Geschaeftsbericht,,True,"Am Standort Jeffersonville, USA, trieb die nordamerikanische Gesellschaft Rollforming Corporation die Erweiterung der Produktionskapazitäten weiter voran."
voestalpine AG,voestalpine,2025/26,Hersteller,wachstumsmaerkte,Indien bietet aus Sicht des Unternehmens großes Wachstumspotenzial.,Indien,,388,exakt,Geschaeftsbericht,,True,"In Asien wird von einer stetigen Erholung in China ausgegangen, wobei der Rest Asiens sich langsam wieder von dem derzeit schwachen Wachstum erholen wird. Indien hat großes Wachstumspotenzial."
voestalpine AG,voestalpine,2025/26,Hersteller,wachstumsmaerkte,In China wird von einer stetigen Erholung ausgegangen.,China,,388,exakt,Geschaeftsbericht,,True,"In Asien wird von einer stetigen Erholung in China ausgegangen, wobei der Rest Asiens sich langsam wieder von dem derzeit schwachen Wachstum erholen wird. Indien hat großes Wachstumspotenzial."
voestalpine AG,voestalpine,2025/26,Hersteller,wachstumsmaerkte,In Europa wird eine leichte Erholung und mittelfristig ein gedämpftes Wachstum prognostiziert.,Europa uebrig,,388,exakt,Geschaeftsbericht,,True,Die internen Prognosen und Einschätzungen – die Entwicklung dieser Regionen betreffend – stützen sich auf externe Informationsquellen. 1 In Europa wird eine leichte Erholung und mittelfristig ein gedämpftes Wachstum erwartet.
voestalpine AG,voestalpine,2025/26,Hersteller,hauptrisiken,US-Handelszölle und regulatorische Handelsmaßnahmen,,Regulierung,65,exakt,Geschaeftsbericht,,True,Seit Juni 2025 erschweren erhöhte Importzölle auf Stahlprodukte die Absatzmöglichkeiten in den USA erheblich.
voestalpine AG,voestalpine,2025/26,Hersteller,hauptrisiken,Intensiver globaler Wettbewerb und Preisdruck,,Markt,60,exakt,Geschaeftsbericht,,True,Dieser Bereich verzeichnete über das gesamte Geschäftsjahr 2025/26 hinweg einen intensiven globalen Wettbewerb und damit einhergehenden Preisdruck.
voestalpine AG,voestalpine,2025/26,Hersteller,hauptrisiken,"Handelspolitisch motivierte Markteingriffe, insbesondere US-Zölle auf Stahlprodukte",,Markt,86,exakt,Nachhaltigkeitsberichterstattung,,True,Neben geopolitischen Konflikten beeinflussen auch handelspolitisch motivierte Eingriffe in Märkte – etwa in Form von Zöllen und Gegenzöllen bzw. Sanktionen – das Wirtschaftswachstum. So war der voestalpine-Konzern von US-Zöllen auf Stahlimporte beim Export aus dem EU-Raum in die USA betroffen
voestalpine AG,voestalpine,2025/26,Hersteller,hauptrisiken,"Belastung des Standorts Europa durch politische Spannungen, hohe Kosten und regulatorische Hürden",,Regulierung,93,exakt_nach_normalisierung,Geschaeftsbericht,,True,"Politische Spannungen auf europäischer Ebene, hohe Energie- und Arbeitskosten, strenge Umweltanforderungen, bürokratische Hürden sowie regulatorische Unsicherheiten belasten den Standort Europa weiterhin und können z. B. zu einer zunehmenden Abwanderung der Produktion und von Investitionen, zu einem Anstieg bei Insolvenzen und zu deutlichen Wettbewerbsnachteilen infolge einseitiger Regulierungen führen."
voestalpine AG,voestalpine,2025/26,Hersteller,hauptrisiken,Mehraufwand und Haftungsrisiken durch Lieferkettensorgfaltspflichtengesetze,,Regulierung,93,exakt,Geschaeftsbericht,,True,Die erforderlichen Aktivitäten zur Erfüllung des deutschen Lieferkettensorgfaltspflichtengesetzes wurden initiiert. Prozessvorgaben an betroffenen Standorten sind ausgerollt und werden laufend abgearbeitet. Zur Vorbereitung auf das europäische Lieferkettensorgfaltspflichtengesetz wurden erste Umsetzungsmaßnahmen gestartet.
voestalpine AG,voestalpine,2025/26,Hersteller,hauptrisiken,Liquiditätsrisiko und Nichterfüllung finanzieller Verpflichtungen,,Finanzierung,93,exakt,Geschaeftsbericht,,True,"Liquiditätsrisiken bestehen im Allgemeinen darin, dass ein Unternehmen möglicherweise nicht in der Lage ist, den finanziellen Verpflichtungen nachzukommen. Die bestehenden Liquiditätsreserven versetzen die Gesellschaft in die Lage, auch in Krisenzeiten ihre Verpflichtungen fristgerecht zu erfüllen."
voestalpine AG,voestalpine,2025/26,Hersteller,hauptrisiken,Bonitätsrisiko und Ausfall von Forderungen gegenüber Geschäftspartnern,,Finanzierung,94,exakt,Geschaeftsbericht,,True,"Das Bonitätsrisiko bezeichnet Vermögensverluste, die aus der Nichterfüllung von Vertragsverpflichtungen einzelner Geschäftspartner:innen entstehen können. Das Bonitätsrisiko der Grundgeschäfte ist durch einen hohen Anteil an Kreditversicherungen und bankmäßigen Sicherheiten (Garantien, Akkreditive) weitestgehend abgesichert."
voestalpine AG,voestalpine,2025/26,Hersteller,hauptrisiken,Währungs- und Zinsrisiken im Finanzbereich,,Finanzierung,95,exakt,Geschaeftsbericht,,True,"Die Zinsrisikobeurteilung erfolgt für den gesamten Konzern zentral in der voestalpine AG. Hier wird insbesondere das Cashflow-Risiko (Risiko, dass sich der Zinsaufwand bzw. Zinsertrag zum Nachteil verändert) gemanagt."
voestalpine AG,voestalpine,2025/26,Hersteller,hauptrisiken,"Projektrisiken, insbesondere Hochlauf- und Kostensteigerungsrisiken bei Großprojekten",,Technologie,92,exakt,Geschaeftsbericht,,True,"Etwaigen Risiken aus Projekten (wie z. B. aus Großprojekten, aus Investitionen) wird durch den Einsatz unterschiedlichster Projektmanagement-Tools sowie durch ein entsprechendes Projekt-Monitoring – und je nach Größe des Projektes auch durch regelmäßige Projektaufsichtssitzungen unter Einbindung des Top-Managements – entgegengewirkt."
voestalpine AG,voestalpine,2025/26,Hersteller,hauptrisiken,Höhere Kosten durch CO2-Bepreisung und Wettbewerbsnachteile,,Regulierung,135,exakt,Nachhaltigkeitsberichterstattung,,True,"CO2e-Bepreisungsmechanismen wie das EU-Emissionshandelssystem (ETS) und der CO2 -Grenzausgleichsmechanismus (CBAM) führen zu steigenden finanziellen Belastungen, die potenziell Wettbewerbsnachteile gegenüber Nicht-EU-Wettbewerber:innen verursachen und einen strukturellen Wandel, wie Abwanderung von Abnehmerindustrien und einen höheren Preiswettbewerb, in der Industrie auslösen können."
voestalpine AG,voestalpine,2025/26,Hersteller,hauptrisiken,Engpässe in der Energieversorgung und höhere Beschaffungskosten,,Lieferkette,135,exakt,Nachhaltigkeitsberichterstattung,,True,"Gleichzeitig können damit verbundene transitorische Risiken entstehen – insbesondere in Bezug auf Lieferengpässe für Energie, wichtige Rohstoffe und damit einhergehende höhere Kosten und sich verändernden Wettbewerb –, denen mit laufenden Maßnahmen entgegengewirkt wird (siehe E1-3)."
voestalpine AG,voestalpine,2025/26,Hersteller,hauptrisiken,Sicherstellung der Produktqualität bei vermehrtem Schrotteinsatz,,Technologie,134,exakt,Nachhaltigkeitsberichterstattung,,True,"Dem Risiko der „Sicherstellung der Produktqualität bei vermehrtem Schrotteinsatz“ begegnet die voestalpine mit einem breiten Maßnahmenbündel. Kern dieser Maßnahmen ist der verstärkte Forschungsfokus, um nach Umstellung von der Hochofen- auf die Elektrolichtbogenofenroute weiterhin Stahlgüten in höchster Qualität herstellen zu können (siehe Kapitel I, F&E)."
voestalpine AG,voestalpine,2025/26,Hersteller,hauptrisiken,Lieferkettenprobleme durch klimabedingte Pegelschwankungen,,Lieferkette,145,exakt_nach_normalisierung,Nachhaltigkeitsberichterstattung,,True,"Ein chronisches Klimarisiko sind beispielsweise klimabedingte Pegelschwankungen von Flüssen, die die Schiffbarkeit beeinträchtigen (z. B. auf der Donau) und dadurch Lieferkettenprobleme verursachen können."
voestalpine AG,voestalpine,2025/26,Hersteller,hauptrisiken,Risiken bei der technischen Umstellung auf emissionsarme Technologien im Rahmen von greentec steel,,Technologie,181,exakt_nach_normalisierung,Nachhaltigkeitsberichterstattung,,True,"Die Transformation hin zu einer emissionsarmen Stahlproduktion im Rahmen von greentec steel erfordert von der voestalpine erhebliche Investitionen in neue Technologien und Anlagen, die unter teils unsicheren gesetzlichen Rahmenbedingungen getätigt werden, z. B."
voestalpine AG,voestalpine,2025/26,Hersteller,hauptrisiken,Kostenbelastungen und Wettbewerbsnachteile durch CO2e-Bepreisungsmechanismen,,Regulierung,181,exakt,Nachhaltigkeitsberichterstattung,,True,"CO2e-Bepreisungsmechanismen wie das EU-Emissionshandelssystem (ETS) und der CO2-Grenzausgleichsmechanismus (CBAM) führen zu steigenden finanziellen Belastungen, die potenziell Wettbewerbsnachteile gegenüber Nicht-EU-Wettbewerber:innen verursachen und einen strukturellen Wandel, wie Abwanderung von Abnehmerindustrien und einen höheren Preiswettbewerb, in der Industrie auslösen können."
voestalpine AG,voestalpine,2025/26,Hersteller,hauptrisiken,Lieferengpaesse und hoehere Kosten fuer wichtige Materialien und Rohstoffe,,Lieferkette,182,exakt_nach_normalisierung,Nachhaltigkeitsberichterstattung,,True,"Im Zuge der Transformation steigt die Nachfrage nach kritischen Rohstoffen wie Stahlschrott sowie speziellen Metallen und Legierungen, wodurch das Risiko von Versorgungsengpässen zunimmt. Die voestalpine sieht sich mit einem wachsenden Bedarf konfrontiert, der potenziell zu Produktionsverzögerungen oder Qualitätsrisiken führen kann."
voestalpine AG,voestalpine,2025/26,Hersteller,hauptrisiken,Versorgungsengpaesse und steigende Beschaffungskosten im Energiebereich,,Markt,182,exakt_nach_normalisierung,Nachhaltigkeitsberichterstattung,,True,Das transitorische Risiko für die voestalpine umfasst mögliche Versorgungsengpässe an großen Produktionsstandorten (insbesondere Linz und Donawitz) sowie steigende Energiebeschaffungskosten (erneuerbare und nicht erneuerbare Quellen) vor dem Hintergrund der europäischen Energiewende.
voestalpine AG,voestalpine,2025/26,Hersteller,hauptrisiken,Transitorisches Risiko durch Kosten aufgrund von CO2e-Bepreisung,,Regulierung,191,exakt,Nachhaltigkeitsberichterstattung,,True,"Die voestalpine begegnet diesem Risiko durch gezielte Investitionen im Rahmen einer schrittweisen Transformation der Produktionsprozesse. Ergänzend setzt der Konzern auf verstärkte Differenzierung in Produktqualität, Flexibilität und Service."
voestalpine AG,voestalpine,2025/26,Hersteller,hauptrisiken,Lieferengpässe bzw. höhere Kosten für wichtige Materialien und Rohstoffe,,Lieferkette,190,exakt,Nachhaltigkeitsberichterstattung,,True,"Zur Reduktion der indirekten Treibhausgasemissionen entlang Scope 3 bis zum Geschäftsjahr 2029/30 konzentriert sich die voestalpine auf gezielte Maßnahmen innerhalb ihrer Wertschöpfungskette. Ein zentraler Dekarbonisierungshebel ist dabei das Supplier Engagement, eine Dekarbonisierung wesentlicher bestehender Rohstoffe."
voestalpine AG,voestalpine,2025/26,Hersteller,hauptrisiken,Sinkende Produktqualität bei vermehrtem Schrotteinsatz,,Technologie,228,exakt,Geschaeftsbericht,,True,"Der erhöhte Einsatz von Schrott im Zuge der Umstellung von primär kohlebasierten Hochöfen auf Elektrolichtbogenöfen birgt das Risiko sinkender Produktqualität. Wesentlich ist dieses Risiko aufgrund potenzieller Qualitätseinbußen bei verändertem Rohstoffeinsatz (Schrott, Feinerz) sowie aufgrund hoher Qualitätsanforderungen der Abnehmerbranchen."
voestalpine AG,voestalpine,2025/26,Hersteller,hauptrisiken,"Berufliche Gefahren, Risiken für Arbeitsunfälle, Verletzungen und Erkrankungen",,Technologie,242,exakt_mehrdeutig,Geschaeftsbericht,249,True,"Die Mitarbeiter:innen der voestalpine sind aufgrund der Branche, der Art ihrer Arbeit oder der Umgebung, in der sie arbeiten, beruflichen Gefahren und Risiken ausgesetzt, die zu Unfällen, Verletzungen, Krankheiten oder Erkrankungen führen können."
voestalpine AG,voestalpine,2025/26,Hersteller,hauptrisiken,Nachhaltigkeitsrisiken und Verletzungen von Menschen- und Arbeitsrechten in der Lieferkette,,Lieferkette,306,exakt_nach_normalisierung,Geschaeftsbericht,,True,"Als Nachhaltigkeitsrisiken gelten hier mögliche Verletzungen von Gesetzen und Richtlinien in den Bereichen Menschenrechte und Umweltschutz (siehe nachfolgende Tabelle). Dazu zählt auch das Risiko möglicher Verletzungen von Menschen- und Arbeitsrechten, von dem die Arbeitskräfte in der Lieferkette betroffen sein können."
voestalpine AG,voestalpine,2025/26,Hersteller,hauptrisiken,Unsicherheiten und protektionistische Maßnahmen auf dem nordamerikanischen Markt,,Markt,388,exakt,Geschaeftsbericht,,True,Der nordamerikanische Markt ist aufgrund der aktuellen politischen Kräfte und der protektionistischen Maßnahmen von Unsicherheiten geprägt. In Asien wird von einer stetigen Erholung in China ausgegangen
voestalpine AG,voestalpine,2025/26,Hersteller,hauptrisiken,Risiko der Nichterfüllung von Zahlungsverpflichtungen (Liquiditätsrisiko),,Finanzierung,414,exakt,Geschaeftsbericht,,True,"Das Liquiditätsrisiko bezeichnet das Risiko, Zahlungsverpflichtungen nicht durch Lieferung von Zahlungsmitteln erfüllen zu können. Ziel des Konzerns in der Steuerung der Liquidität ist es, sicherzustellen, dass stets ausreichend liquide Mittel verfügbar sind"
voestalpine AG,voestalpine,2025/26,Hersteller,hauptrisiken,Ausfall von Forderungen bzw. Bonitätsrisiko von Geschäftspartnern,,Finanzierung,418,exakt,Geschaeftsbericht,,True,"Das Bonitätsrisiko bezeichnet Vermögensverluste, die aus der Nichterfüllung von Vertragsverpflichtungen einzelner Geschäftspartner:innen entstehen können. Das Management des Bonitätsrisikos von Veranlagungs- und Derivatgeschäften wird in internen Richtlinien reglementiert."
voestalpine AG,voestalpine,2025/26,Hersteller,hauptrisiken,Währungsrisiko durch Rohstoffeinkäufe in USD und weltweite Fremdwährungsexposures,,Finanzierung,421,exakt_nach_normalisierung,Geschaeftsbericht,,True,"Die größte Währungsposition im Konzern entsteht durch Einkäufe von Rohstoffen in US-Dollar, durch die weltweite Geschäftstätigkeit des voestalpine-Konzerns ergeben sich jedoch auch Währungs-exposures in diversen anderen Währungen."
voestalpine AG,voestalpine,2025/26,Hersteller,hauptrisiken,Zinsänderungs- bzw. Cashflow-Risiko bei variabel verzinsten Finanzinstrumenten,,Finanzierung,422,exakt,Geschaeftsbericht,,True,"Die voestalpine AG unterliegt primär einem Cashflow-Risiko (Risiko, dass sich der Zinsaufwand bzw. Zinsertrag zum Nachteil verändert) bei variabel verzinsten Finanzinstrumenten."
voestalpine AG,voestalpine,2025/26,Hersteller,capex_ma_signale,Akquisition von 100 % der Anteile an HIRD Rail Services Limited im Bereich Railway Systems.,,,75,exakt,Geschaeftsbericht,,True,"Im Juli 2025 erwarb der Geschäftsbereich Railway Systems 100 % der Anteile an der Gesellschaft HIRD Rail Services Limited mit Sitz in Doncaster, Großbritannien."
voestalpine AG,voestalpine,2025/26,Hersteller,capex_ma_signale,Verkauf von voestalpine BÖHLER Profil an Kadant Inc.,,,75,exakt,Geschaeftsbericht,,True,Im Rahmen der Neuorganisation der High Performance Metals Division beschloss das Management der Division aus strategischen Gründen den Verkauf von voestalpine BÖHLER Profil.
voestalpine AG,voestalpine,2025/26,Hersteller,capex_ma_signale,Verkauf der voestalpine Camtec Gruppe durch die Steel Division.,,,75,exakt,Geschaeftsbericht,,True,Im August 2025 veräußerte die Steel Division die voestalpine Camtec Gruppe.
voestalpine AG,voestalpine,2025/26,Hersteller,capex_ma_signale,Investitionen in Höhe von rund 70 Mio. EUR zur Kapazitätserweiterung am Standort Jeffersonville.,,,74,exakt,Geschaeftsbericht,,True,Das Investitionsvolumen für die zusätzlichen Profilier- und Weiterverarbeitungsanlagen beläuft sich auf rund 70 Mio. EUR.
voestalpine AG,voestalpine,2025/26,Hersteller,capex_ma_signale,"Investition von 1,5 Mrd. EUR in zwei grünstrombetriebene Elektrolichtbogenöfen an den Standorten Linz und Donawitz",,,124,exakt_nach_normalisierung,Nachhaltigkeitsberichterstattung,,True,"In der ersten Phase werden bereits 1,5 Mrd. EUR in einen grünstrombetriebenen Elektrolichtbogenofen in Linz und in eine grünstrombetriebene Elektrolichtbogenofenanlage in Donawitz investiert, die jeweils einen Hochofen ersetzen sollen."
voestalpine AG,voestalpine,2025/26,Hersteller,capex_ma_signale,Investitionen in zukunftsweisende und wasserstoffbasierte Technologien,,,123,exakt,Nachhaltigkeitsberichterstattung,,True,"Die voestalpine investiert in wasserstoffbasierte und zukunftsweisende Technologien, um eine emissionsarme Produktion zu ermöglichen."
voestalpine AG,voestalpine,2025/26,Hersteller,capex_ma_signale,"Investitionsbudget von 1,5 Mrd. EUR fuer die erste Phase des Projekts greentec steel bis zum Geschaeftsjahr 2027/28",,,176,exakt_nach_normalisierung,Nachhaltigkeitsberichterstattung,,True,"Der CapEx-Plan umfasst ein Gesamtvolumen von 1,5 Mrd. EUR und wird aller Voraussicht nach im Geschäftsjahr 2027/28 abgeschlossen werden. Im abgelaufenen Geschäftsjahr wurden 292,7 Mio. EUR (2024/25: 134,4 Mio. EUR) im Zuge des CapEx-Plans als taxonomiekonform unter der Wirtschaftstätigkeit 3.9 Herstellung von Eisen und Stahl klassifiziert."
voestalpine AG,voestalpine,2025/26,Hersteller,capex_ma_signale,Gezielte Investitionen der naechsten Jahre in emissionsarme Technologien und energieeffiziente Anlagen,,,184,exakt,Nachhaltigkeitsberichterstattung,,True,Die finanziellen Mittel zur Umsetzung von Phase 1 dieser Transformation sind in der Mittelfristplanung berücksichtigt. Die voestalpine investiert in den nächsten Jahren gezielt in emissionsarme Technologien und energieeffiziente Anlagen.
voestalpine AG,voestalpine,2025/26,Hersteller,capex_ma_signale,"Aufsichtsrat genehmigte rund 1,5 Mrd. EUR CapEx für Elektrolichtbogenöfen in Linz und Donawitz (Phase 1 greentec steel), wovon bis Ende 2025/26 rund 0,9 Mrd. EUR investiert wurden.",,,185,exakt_nach_normalisierung,Nachhaltigkeitsberichterstattung,,True,"Rund 1,5 Mrd. EUR wurden für die Elektrolichtbogenöfen in Linz und Donawitz im Zuge der Phase 1 des Klimaschutzprogramms greentec steel vom Aufsichtsrat bereits genehmigt, was einen zentralen Bestandteil des Klimaübergangsplans des Unternehmens bildet. Davon wurden bereits rund 0,9 Mrd. EUR bis zum Ende des Geschäftsjahres 2025/26"
voestalpine AG,voestalpine,2025/26,Hersteller,capex_ma_signale,"Im Geschäftsjahr wurden 381,8 Mio. EUR als taxonomiekonformer CapEx ausgewiesen, wovon 292,7 Mio. EUR auf greentec steel entfallen.",,,185,exakt_nach_normalisierung,Nachhaltigkeitsberichterstattung,,True,"Im aktuellen Geschäftsjahr wurden insgesamt 381,8 Mio. EUR CapEx als taxonomiekonform ausgewiesen (siehe auch Kapitel Angaben nach der EU-Taxonomie-Verordnung), wobei 303,3 Mio. EUR auf die Wirtschaftstätigkeit 3.9 Herstellung von Eisen und Stahl entfallen, wovon wiederum 292,7 Mio. EUR Investitionen in Zusammenhang mit greentec steel darstellen."
voestalpine AG,voestalpine,2025/26,Hersteller,capex_ma_signale,Fördermittel in Höhe von rund 90 Mio. EUR für Elektrolichtbogenofentechnologie und Forschung erhalten.,,,185,exakt_nach_normalisierung,Nachhaltigkeitsberichterstattung,,True,Darüber hinaus hat die voestalpine Förderzusagen in Höhe von rund 90 Mio. EUR für die Investition in die Elektrolichtbogenofentechnologie und weitere Forschungsaktivitäten erhalten. Diese Mittel stammen aus dem Programm „Transformation der Industrie“ der österreichischen Bundesregierung und unterstützen die Umsetzung zentraler Dekarbonisierungshebel.
voestalpine AG,voestalpine,2025/26,Hersteller,capex_ma_signale,Investitionen in greentec steel durch den Ersatz von Hochöfen durch Elektrolichtbogenöfen ab 2027 und 2032 sowie in CO2-Abscheidetechnologien,,,387,exakt,Geschaeftsbericht,,True,In dieser sind die Investitionen in Richtung greentec steel – Ersatz von zwei der drei Hochöfen durch Elektrolichtbogenöfen mit geplanten Inbetriebnahmen ab dem Jahr 2027 und 2032 – sowie Investitionen für CO2 -Abscheidetechnologien (CCUS) enthalten.
voestalpine AG,voestalpine,2025/26,Hersteller,capex_ma_signale,Weitgehender Abschluss der Portfoliobereinigung der HPM Division durch Unternehmensverkäufe und Standortkonsolidierungen,,,387,exakt_nach_normalisierung,Geschaeftsbericht,,True,"Die Portfoliobereinigung der HPM Division ist mit den Unternehmensverkäufen (Buderus Edelstahl und BÖHLER Profil), den Kapazitätsanpassungen bei der voestalpine BÖHLER Bleche und den weltweiten Standortkonsolidierungen weitgehend abgeschlossen."
voestalpine AG,voestalpine,2025/26,Hersteller,capex_ma_signale,Investitionen in eine Elektrolichtbogenofen-Anlage im Rahmen von greentec steel im Geschäftsbereich Railway Systems,,,389,exakt,Geschaeftsbericht,,True,Ebenso sind die Investitionen in Richtung greentec steel in der 5-Jahres-Mittelfristplanung sowie in der Grobplanungsphase für eine Elektrolichtbogenofen-Anlage und deren Erweiterung in der Vorproduktionsstufe enthalten.
voestalpine AG,voestalpine,2025/26,Hersteller,capex_ma_signale,Auszahlungen für Unternehmenserwerbe im Berichtsjahr,,,435,exakt,Geschaeftsbericht,,True,"Im Cashflow aus der Investitionstätigkeit sind aus Unternehmenserwerben Zugänge an Zahlungsmitteln und Zahlungsmitteläquivalenten in Höhe von 0,6 Mio. EUR (2024/25: 0,0 Mio. EUR) enthalten und ein Kaufpreis in Höhe von 30,7 Mio. EUR"
voestalpine AG,voestalpine,2025/26,Hersteller,capex_ma_signale,Abgang von Tochtergesellschaften und Veräußerungsgruppen mit entsprechenden Cashflows,,,435,exakt,Geschaeftsbericht,,True,"Aufgrund des Abganges von Tochtergesellschaften im laufenden Geschäftsjahr sind 1,5 Mio. EUR (2024/25: 0,0 Mio. EUR) Zahlungsmittel und Zahlungsmitteläquivalente abgeflossen und es ist ein Verkaufserlös in der Höhe von 4,7 Mio. EUR zugeflossen."
Lenzing AG,lenzing,2025,Hersteller,strategische_prioritaeten,Fokus auf margenstarke Marktsegmente und nachhaltige Premiumfasern sowie Rueckzug aus margenschwachen Commodity-Segmenten,,,8,exakt,Geschaeftsbericht,,True,"Lenzing wird sich zukünftig auf margenstarke Marktsegmente und Premiumfasern fokussieren, während man sich schrittweise aus margenschwachen Commodity-Segmenten zurückziehen wird."
Lenzing AG,lenzing,2025,Hersteller,strategische_prioritaeten,"Fokus auf die Kernsaeulen Premiumisierung, Exzellenz, Innovation und Nachhaltigkeit",,,7,exakt,Geschaeftsbericht,,True,"Um dies zu erreichen, setzen wir verstärkt auf die strategischen Kernsäulen Premiumisierung und Exzellenz, und bleiben führend bei Innovation und Nachhaltigkeit."
Lenzing AG,lenzing,2025,Hersteller,strategische_prioritaeten,Vollstaendige Klimaneutralitaet und Reduktion von Treibhausgasemissionen bis 2050,,,15,exakt_nach_normalisierung,Geschaeftsbericht,,True,"Lenzing verfolgt wissenschaft- lich fundierte Ziele zur Reduktion von Treibhausgas emissionen und strebt an, bis 2050 klimaneutral zu werden."
Lenzing AG,lenzing,2025,Hersteller,strategische_prioritaeten,Fokus auf Exzellenz und Premiumisierung,,,20,exakt_nach_normalisierung,Geschaeftsbericht,,True,"Um auf das weiterhin heraus fordernde Marktumfeld gezielt zu reagieren, wird der Fokus noch stärker auf Exzellenz und Premiumisierung als zen - trale Prioritäten gelegt."
Lenzing AG,lenzing,2025,Hersteller,strategische_prioritaeten,Fokus auf margenstarke Marktsegmente und Premiumfasern,,,19,teilweise,Geschaeftsbericht,,True,"Zu den Eckpfeilern der angepassten Strategie zählt der Fokus auf margenstarke Marktsegmente und Premiumfasern, die Steige - rung der operativen Effizienz und Agilität sowie die Optimierung der Produktionsstandorte."
Lenzing AG,lenzing,2025,Hersteller,strategische_prioritaeten,Schrittweiser Rückzug aus Commodity-Segmenten,,,19,exakt_nach_normalisierung,Geschaeftsbericht,,True,"In diesem Kontext fokussiert sich Lenzing noch stärker auf Premium fasern mit höheren Margen, vermarktet unter den Produktmarken TENCEL ™ und VEOCEL ™ sowie LENZING™ für technische und industrielle Anwendungen. Parallel dazu wird sich das Unternehmen aus margenschwachen Commodity-Segmen - ten schrittweise zurückziehen."
Lenzing AG,lenzing,2025,Hersteller,strategische_prioritaeten,Effizienzsteigerung und Kostenreduktion,,,20,exakt_nach_normalisierung,Geschaeftsbericht,,True,"Der Kernbereich Exzellenz zielt darauf ab, das Unternehmen agiler, effizienter und strukturell schlanker aufzustellen, um dadurch resilienter und profitabler zu werden. Die Maßnahmen umfassen alle operativen, kaufmännischen und globalen Funk - tionseinheiten."
Lenzing AG,lenzing,2025,Hersteller,strategische_prioritaeten,Monetarisierung von Nachhaltigkeit durch Spezialfasern,,,62,exakt,Nachhaltigkeitsberichterstattung,,True,"Lenzing konzentriert sich in erster Linie auf die Wertschöpfung durch die Monetarisierung von Nachhaltigkeit durch Spezialfasern, welche einen geringeren ökologischen Fußabdruck, verbesserte T ransparenz und reduzierte Risiken in der Lieferkette bieten."
Lenzing AG,lenzing,2025,Hersteller,strategische_prioritaeten,Systemischen Wandel in der Branche vorantreiben,,,63,exakt_nach_normalisierung,Nachhaltigkeitsberichterstattung,,True,"Durch aktive Beiträge zu branchenweiten Me- thoden, Standards und Benchmarking-T ools trägt Lenzing dazu bei, die Nachhaltigkeitsleistung in der gesamten Branche zu beschleu- nigen."
Lenzing AG,lenzing,2025,Hersteller,strategische_prioritaeten,Förderung der Kreislaufwirtschaft und Schließung von Kreisläufen,,,63,exakt_nach_normalisierung,Nachhaltigkeitsberichterstattung,,True,"Lenzing ist bestrebt, die Wertschöpfung bei minimalem Einsatz neuer Rohstoffe zu maximieren und den Einsatz von fossilen Roh- stoffen sowohl im eigenen Betrieb als auch entlang der gesamten Wertschöpfungskette zu reduzieren."
Lenzing AG,lenzing,2025,Hersteller,strategische_prioritaeten,Ökologisierung der Wertschöpfungskette,,,63,exakt_nach_normalisierung,Nachhaltigkeitsberichterstattung,,True,"Eine verantwortungsbewusste Beschaffung, der verantwortungsbe- wusste Umgang mit Wasser, Dekarbonisierung und nachhaltige In- novationen prägen den Beitrag von Lenzing zu einer grüneren Wertschöpfungskette."
Lenzing AG,lenzing,2025,Hersteller,strategische_prioritaeten,Fokus auf die Mitarbeiter als strategischer Schwerpunkt und Umsetzung des People Plans,,,73,exakt,Nachhaltigkeitsberichterstattung,,True,"In Übereinstimmung mit ihrer Unternehmenskultur räumt die Lenzing Gruppe den Menschen als strategischem Schwerpunkt oberste Priorität ein, da sie ein integraler Bestandteil ihres ganzheitlichen Nachhaltigkeitsansatzes sind."
Lenzing AG,lenzing,2025,Hersteller,strategische_prioritaeten,Klimaaktionsplan bis 2030 zur Reduktion von THG-Emissionen und Erreichung von Netto-Null bis 2050,,,99,exakt,Nachhaltigkeitsberichterstattung,,True,Bis 2030 will das Unternehmen die absoluten THG-Emissionen in Scope 1 und 2 um 42 Prozent und in Scope 3 um 25 Prozent reduzieren (Bezugsjahr 2021).
Lenzing AG,lenzing,2025,Hersteller,strategische_prioritaeten,Erfuellung der formalen Anforderungen eines ESRS-Uebergangsplans bis 2028,,,99,exakt,Nachhaltigkeitsberichterstattung,,True,"Lenzing arbeitet aktuell daran, den Plan zu stärken, um die formalen Anforderungen eines Übergangsplans gemäß den Europäischen Standards für die Nachhaltigkeitsberichterstattung (ESRS) bis 2028 zu erfüllen."
Lenzing AG,lenzing,2025,Hersteller,strategische_prioritaeten,Erhebliche Verringerung der Treibhausgasemissionen und Netto-Null bis 2050,,,104,exakt,Nachhaltigkeitsberichterstattung,,True,Lenzing wird seine Treibhausgasemissionen in den kommenden Jahren durch eine Reihe von Maßnahmen im Rahmen seiner Dekarbonisierungsstrategie und seiner SBTs erheblich reduzieren. Darüber hinaus strebt Lenzing bis 2050 eine Netto-Null-Treibhausgasemissionen an.
Lenzing AG,lenzing,2025,Hersteller,strategische_prioritaeten,Erhöhung des Anteils und der Arten alternativer Rohstoffe bis 2030,,,148,exakt,Geschaeftsbericht,,True,"Die Ziele sind auf die Beschaffung aus erneuerbaren Quellen und den Einsatz von recycelter Cellulose aus T extilabfällen sowie von landwirtschaftlichen Reststoffen ausgerichtet, um den Anteil und die Vielfalt alternativer Rohstoffe zu erhöhen."
Lenzing AG,lenzing,2025,Hersteller,strategische_prioritaeten,Moderne Arbeitsbedingungen mit Fokus auf die Vereinbarkeit von Beruf und Familie,,,209,exakt,Geschaeftsbericht,,True,"In der strategischen HR-Ausrichtung sind „Moderne Arbeitsbedingungen“ als Schwerpunkt definiert. Ein zentrales Thema in diesem Zusammenhang ist die Vereinbarkeit von Beruf und Familie, das je nach Standort und landesspezifischen Bedürfnissen umgesetzt wird."
Lenzing AG,lenzing,2025,Hersteller,hauptrisiken,Spannungen durch wechselnde Handelszoelle und globaler Zollkonflikt mit negativen Auswirkungen auf die Nachfrage,,Markt,6,exakt_nach_normalisierung,Geschaeftsbericht,,True,"Die Rahmen - bedingungen für die globale Textil- und Vliesstoffindustrie blieben herausfordernd: geopolitische Spannungen mit wechselnden Handelszöllen, ein volatiles Marktumfeld sowie anhaltender Kosten- und Wettbewerbsdruck entlang der Wertschöpfungs - ketten belasten Nachfrage und Preise."
Lenzing AG,lenzing,2025,Hersteller,hauptrisiken,Marktverwerfungen und Belastung der textilen Wertschoepfungskette durch US-Zoelle und globale Handelskonflikte,,Markt,8,exakt,Geschaeftsbericht,,True,"Auf die Ankündigung hoher internationaler US-Zölle und den darauffolgenden globalen Zoll- und Handelskonflikt erfolgte allerdings erneut eine deutliche Marktverwerfung, mit negativen Implikationen auf Konsumentenvertrauen und die globale Textilwertkette."
Lenzing AG,lenzing,2025,Hersteller,hauptrisiken,Anhaltend schwache Nachfrage und asiatische Konkurrenz,,Markt,39,teilweise,Geschaeftsbericht,,True,Ergebnisrisiken für Lenzing resultieren insbesondere aus der anhal- tend schwachen Nachfrage nach regenerierten Cellulosefasern. Diese ist auf eine Verschiebung des Marktgleichgewichts aufgrund verstärkter asiatischer Konkurrenz und der daraus folgenden nied- rigen Faserpreise sowie auf die volatile Preisentwicklung zentraler Rohstoffe und Energie zurückzuführen.
Lenzing AG,lenzing,2025,Hersteller,hauptrisiken,Handelskonflikte und Lieferkettenbeeinträchtigungen,,Lieferkette,39,exakt_nach_normalisierung,Geschaeftsbericht,,True,Angesichts der geopolitischen Spannungen führen globale Han- delskonflikte zu einem erhöhten Risiko zusätzlicher Handelsbe- schränkungen mit potenziellen negativen Auswirkungen auf für Lenzing relevante Lieferketten und Absatzmärkte.
Lenzing AG,lenzing,2025,Hersteller,hauptrisiken,Liquiditäts- und Zinsänderungsrisiken,,Finanzierung,39,exakt_nach_normalisierung,Geschaeftsbericht,,True,Ein deutlich ansteigendes Zinsniveau oder eine unerwartet negative Entwick- lung des operativen Geschäfts und des dadurch generierten Free Cashflows würde ein Risiko für die verfügbare Liquidität darstellen.
Lenzing AG,lenzing,2025,Hersteller,hauptrisiken,Covenant-Bruch bei Finanzierungsverträgen,,Finanzierung,39,exakt_nach_normalisierung,Geschaeftsbericht,,True,Eine Nichteinhaltung der in Finanzierungsverträgen vorhandenen Financial Covenants würde zu einer Rückzahlungspflicht der Fi- nanzverbindlichkeiten führen und damit ein Risiko für die verfü g- bare Liquidität darstellen.
Lenzing AG,lenzing,2025,Hersteller,hauptrisiken,Zyklische Preis- und Mengenentwicklung bei Fasern sowie Konkurrenz durch alternative Fasern,,Markt,40,exakt,Geschaeftsbericht,,True,"Die Preis - und Mengenentwicklung ist bei Fasern für T extilien und in geringerem Maße auch bei Fasern für Vliesstoffe zyklisch, da sie von globalen und regionalen Konjunkturlagen abhängig ist."
Lenzing AG,lenzing,2025,Hersteller,hauptrisiken,Kundenkonzentration und möglicher Ausfall von Großkunden,,Markt,40,exakt,Geschaeftsbericht,,True,"Abnahmeausfälle bei dieser Kundengruppe oder der gänzliche Verlust eines oder mehrerer Großkunden, ohne zeitgleich Ersatz zu finden, stellen gewisse Risiken dar, denen das Unternehmen durch seine globale Präsenz und die laufende Erweiterung des Kundenspektrums bzw."
Lenzing AG,lenzing,2025,Hersteller,hauptrisiken,Verlust von Marktpositionen durch steigenden Wettbewerb oder neue Technologien,,Technologie,41,exakt,Geschaeftsbericht,,True,"Die Lenzing Gruppe ist dem Risiko ausgesetzt, ihre Position auf dem Fasermarkt durch einen steigenden Wettbewerb oder neue T echnologien von Mitbewerbern zu verlieren."
Lenzing AG,lenzing,2025,Hersteller,hauptrisiken,"Striktere Gesetze, Verordnungen und Handelsbarrieren",,Regulierung,41,exakt,Geschaeftsbericht,,True,"Eine Änderung von Gesetzen oder sonstigen Bestimmungen wie Importzölle, Produktklassifizierungen, Umweltauflagen etc., sowie die strengere Auslegung von Verordnungen und Gesetzen können zu erheblichen Mehrkosten und zu Wettbewerbsnachteilen führen."
Lenzing AG,lenzing,2025,Hersteller,hauptrisiken,Zunehmende Regulierung bei Treibhausgasen und Bepreisung von Kohlenstoff,,Regulierung,41,exakt,Geschaeftsbericht,,True,"Die zunehmende Regulierung, insbesondere in Bezug auf die Besteuerung von T reibhausgasen und die Bepreisung von Kohlenstoff, stellt für Lenzing ein erhebliches Risiko dar."
Lenzing AG,lenzing,2025,Hersteller,hauptrisiken,Verfügbarkeit und Preisentwicklung von Rohstoffen sowie Störungen der Lieferkette,,Lieferkette,41,exakt,Geschaeftsbericht,,True,"Die Faserproduktion und deren Margen sind Risiken der Verfügbarkeit und der Preisentwicklung dieser Rohstoffe unterworfen, die zum Nachteil der Lenzing Gruppe schwanken und durch den Klimawandel weiter verstärkt werden können."
Lenzing AG,lenzing,2025,Hersteller,hauptrisiken,Alterung von Anlagen und Bedarf an laufenden Investitionen,,Technologie,42,exakt,Geschaeftsbericht,,True,"Lenzing ist ein anlagenintensives Unternehmen, das dem Risiko der Alterung von Anlagen oder Anlagenteilen ausgesetzt ist. Es bedarf laufender Investitionen, um diese Anlagen oder Anlagenteile auf dem neuesten Stand der T echnik zu halten."
Lenzing AG,lenzing,2025,Hersteller,hauptrisiken,Cyberangriffe und IT-/OT-Systemstörungen,,Technologie,42,exakt,Geschaeftsbericht,,True,"IT-Systeme sind anfällig für eine Reihe von Problemen, wie Software- oder Hardware-Fehlfunktionen, böswilliges Hacken oder Cyberangriffe, physische Schäden an wichtigen IT -Zentren und das Auftreten von Computerviren."
Lenzing AG,lenzing,2025,Hersteller,hauptrisiken,Eingeschränkte Verfügbarkeit und Zugänglichkeit von netzbasiertem Strom aus erneuerbaren Energien,,Markt,63,exakt_nach_normalisierung,Nachhaltigkeitsberichterstattung,,True,Die größte künftige Herausforderung ist die Umsetzung von Lenzings Klimaaktionsplan. Der Fortschritt wird durch mehrere ex- terne Faktoren beeinträchtigt. Dazu zählen die eingeschränkte Ver- fügbarkeit und Zugänglichkeit von netzbasiertem Strom aus erneu-
Lenzing AG,lenzing,2025,Hersteller,hauptrisiken,Risiko für Geschäftstätigkeit und Lieferkette durch zunehmende chronische physische Klimagefahren,,Lieferkette,74,exakt,Nachhaltigkeitsberichterstattung,,True,"Klimamodelle zeigen, dass steigende globale Durchschnittstemperaturen zu einer Zunahme chronischer physischer Klimagefahren führen werden. Der Betrieb und die Lieferkette von Lenzing könnten zunehmend von extremen Wetterereignissen, Wasserknappheit und and eren physikalischen Gefahren unterschiedlichen Ausmaßes betroffen sein."
Lenzing AG,lenzing,2025,Hersteller,hauptrisiken,Risiko der Holzknappheit durch Waldschäden infolge steigender Temperaturen,,Lieferkette,74,exakt_mehrdeutig,Nachhaltigkeitsberichterstattung,96,True,"Da Holz einer der wichtigsten Rohstoffe für Lenzing ist, kann das Risiko der Nichtverfügbarkeit von Holz aufgrund von Waldschäden (Krankheiten, Schädlinge usw.) als direkte Folge höherer Durchschnittstemperaturen das Kerngeschäft beeinträchtigen."
Lenzing AG,lenzing,2025,Hersteller,hauptrisiken,Risiko steigender Holzpreise durch Klimawandel und Biomasse-Konkurrenz,,Markt,74,exakt,Nachhaltigkeitsberichterstattung,,True,"Trotz der nachhaltigen Beschaffungspolitik von Lenzing und der rückwärtsintegrierten Produktion besteht die Gefahr, dass die Holzpreise aufgrund des Klimawandels und des zunehmenden Wettbewerbs um Biomasse und Landnutzung steigen."
Lenzing AG,lenzing,2025,Hersteller,hauptrisiken,Kostenanstieg durch Vorschriften zur Kohlenstoffbepreisung und Umweltsteuern,,Regulierung,75,exakt_mehrdeutig,Nachhaltigkeitsberichterstattung,97,True,"Die zunehmende Regulierung, insbesondere in Bezug auf Umweltsteuern und Kohlenstoffbepreisung, stellt ein relevantes Risiko für Lenzing dar. In den Ländern, in denen Lenzing kohlenstoffintensive Prozesse durchführt, wurden bereits Vorschriften für Treibhausgasemissionen eingeführt"
Lenzing AG,lenzing,2025,Hersteller,hauptrisiken,Risiko der Nichteinhaltung der Europäischen Lieferkettenrichtlinie (CSDDD),,Regulierung,79,exakt_mehrdeutig,Nachhaltigkeitsberichterstattung,181,True,"Es besteht das Risiko der Nichteinhaltung der Europäischen Lieferkettenrichtlinie (CSDDD), wenn die internen Prozesse nicht umgesetzt werden."
Lenzing AG,lenzing,2025,Hersteller,hauptrisiken,Finanzielles Risiko durch unvorhergesehene Energieengpässe und Stromausfälle,,Markt,75,exakt_mehrdeutig,Nachhaltigkeitsberichterstattung,98,True,"Unvorhergesehene Energieengpässe könnten die Geschäftstätigkeit von Lenzing beeinträchtigen, was ein finanzielles Risiko darstellen kann."
Lenzing AG,lenzing,2025,Hersteller,hauptrisiken,Chronische physische Klimagefahren und Lieferkettenbeeintraechtigung,,Lieferkette,96,exakt,Nachhaltigkeitsberichterstattung,,True,"Der Betrieb und die Lieferkette von Lenzing könnten zunehmend von extremen Wetterereignissen, Wasserknappheit und anderen physikalischen Gefahren unterschiedlichen Ausmaßes betroffen sein."
Lenzing AG,lenzing,2025,Hersteller,hauptrisiken,Nichtverfuegbarkeit von Holz aufgrund von Waldschaeden,,Lieferkette,74,exakt_mehrdeutig,Nachhaltigkeitsberichterstattung,96,True,"Da Holz einer der wichtigsten Rohstoffe für Lenzing ist, kann das Risiko der Nichtverfügbarkeit von Holz aufgrund von Waldschäden (Krankheiten, Schädlinge usw.) als direkte Folge höherer Durchschnittstemperaturen das Kerngeschäft beeinträchtigen."
Lenzing AG,lenzing,2025,Hersteller,hauptrisiken,Steigende Holzpreise durch Klimawandel und Biomasse-Wettbewerb,,Markt,74,exakt,Nachhaltigkeitsberichterstattung,,True,"Trotz der nachhaltigen Beschaffungspolitik von Lenzing und der rückwärtsintegrierten Produktion besteht die Gefahr, dass die Holzpreise aufgrund des Klimawandels und des zunehmenden Wettbewerbs um Biomasse und Landnutzung steigen."
Lenzing AG,lenzing,2025,Hersteller,hauptrisiken,Regulatorische Neueinstufung von Biomasse unter RED II/III,,Regulierung,75,exakt_mehrdeutig,Nachhaltigkeitsberichterstattung,98,True,Mit der Richtlinie über erneuerbare Energien (RED II /III) könnte Biomasse neu eingestuft werden und nicht mehr als erneuerbar gelten.
Lenzing AG,lenzing,2025,Hersteller,hauptrisiken,Unvorhergesehene Energieengpaesse mit finanziellen Folgen,,Lieferkette,75,exakt_mehrdeutig,Nachhaltigkeitsberichterstattung,98,True,"Unvorhergesehene Energieengpässe könnten die Geschäftstätigkeit von Lenzing beeinträchtigen, was ein finanzielles Risiko darstellen kann."
Lenzing AG,lenzing,2025,Hersteller,hauptrisiken,Strengere Kohlenstoffvorschriften und Kohlenstoffbepreisung,,Regulierung,101,exakt,Nachhaltigkeitsberichterstattung,,True,"In einem Netto-Null-Szenario bis 2050 würde der Übergang zu einer kohlenstoffarmen Wirtschaft strengere Kohlenstoffvorschriften erfordern, die sich weltweit in den Kohlenstoffpreisen widerspiegeln, um die Temperaturen unter 1,5 °C zu halten."
Lenzing AG,lenzing,2025,Hersteller,hauptrisiken,Technologische Wertminderung bestehender Anlagen,,Technologie,101,exakt,Nachhaltigkeitsberichterstattung,,True,"In einem Netto-Null-Szenario bis 2050 muss der Übergang zu umweltfreundlichen Anlagen weltweit schneller erfolgen, um die Temperaturen unter 1,5 °C zu halten, was für Lenzing kurzfristig ein größeres Risiko für eine technologische Wertminderung bedeutet."
Lenzing AG,lenzing,2025,Hersteller,hauptrisiken,Rueckgang des Kundenstamms und der Gesamtnachfrage,,Markt,102,exakt,Nachhaltigkeitsberichterstattung,,True,"In einem Netto-Null-Szenario bis 2050 würde der Übergang zu einer kohlenstoffarmen Wirtschaft zu einem Rückgang in einigen der von Lenzing bedienten Sektoren führen, wodurch sich der Kundenstamm von Lenzing und damit die Gesamtnachfrage verringern würde."
Lenzing AG,lenzing,2025,Hersteller,hauptrisiken,Künftige Regelungen zum Kohlenstoffpreis und Umweltsteuern,,Regulierung,103,exakt,Nachhaltigkeitsberichterstattung,,True,"Neu entstehende Vorschriften, vor allem in Bezug auf Umweltsteuern und Kohlenstoffpreise, stellen für Lenzing ein relevantes Risiko dar. In den Ländern, in denen Lenzing Prozesse mit hohen Emissionen betreibt, wurden bereits Vorschriften zu THG-Emissionen eingeführt"
Lenzing AG,lenzing,2025,Hersteller,hauptrisiken,Erhöhte Kosten für Biomasse und Holz,,Lieferkette,103,exakt,Nachhaltigkeitsberichterstattung,,True,"Trotz der nachhaltigen Beschaffungspolitik von Lenzing und der rückwärtsintegrierten Produktion besteht die Gefahr, dass die Holzpreise aufgrund des Klimawandels, der weltweit steigenden Nachfrage nach Biomasse und alternative Formen der Landnutzung steigen."
Lenzing AG,lenzing,2025,Hersteller,hauptrisiken,Reputationsrisiko in der Textilindustrie,,Markt,103,exakt,Nachhaltigkeitsberichterstattung,,True,"Die Textilindustrie, in der die Produkte von Lenzing gewöhnlich verwendet werden, wird wegen ihrer teilweise nicht nachhaltigen und ressourcenintensiven Wirtschaftsweise und ihrer Produktionsprozesse kritisch beäugt. Dies könnte zu negativer Medienberichterstattung und einer weiteren Stigmatisierung der Branche führen"
Lenzing AG,lenzing,2025,Hersteller,hauptrisiken,Chronische physische Klimarisiken beeinträchtigen Betrieb und Lieferkette,,Lieferkette,104,exakt,Nachhaltigkeitsberichterstattung,,True,"Die Geschäftstätigkeit und die Lieferkette der Lenzing Gruppe könnten zunehmend von extremen Wetterereignissen, Wasserknappheit oder anderen physischen Gefahren unterschiedlichen Ausmaßes betroffen sein. Aus Sicht der Lieferkette könnten beispielsweise klimawandelbedingte Auswirkungen wie starke Niederschläge"
Lenzing AG,lenzing,2025,Hersteller,hauptrisiken,"Finanzielle Risiken aus Finanzinstrumenten (Ausfalls-, Liquiditäts-, Fremdwährungs-, Rohstoffpreis- und Zinsrisiko)",,Finanzierung,275,exakt,Geschaeftsbericht,,True,"Die finanziellen Risiken aus Finanzinstrumenten – Ausfallsrisiko, Liquiditätsrisiko, Fremdwährungsrisiko (insbesondere BRL, CNY, CZK, HKD, IDR, THB und USD), Rohstoffpreisrisiko und Zinsrisiko – werden als für die Lenzing Gruppe relevante Risiken eingestuft."
Lenzing AG,lenzing,2025,Hersteller,hauptrisiken,Ausfallsrisiko aus der Nichterfüllung von Vertragsverpflichtungen durch Geschäftspartner,,Markt,275,teilweise,Geschaeftsbericht,,True,"Das Ausfallsrisiko bezeichnet das Risiko von Vermögensverlusten, die aus der Nichterfüllung von Vertragsverpflichtungen einzelner Geschäftspartner entstehen können. Das dem Grundgeschäft immanente Bonitätsrisiko ist bei Liefergeschäften (insbesondere Forderungen aus Lieferungen und Leistungen) zum T eil durch namhafte Kreditversicherungen"
Lenzing AG,lenzing,2025,Hersteller,hauptrisiken,"Fremdwährungsrisiko aus Investitionen, operativem Geschäft, Veranlagungen und Finanzierungen",,Finanzierung,280,exakt,Geschaeftsbericht,,True,Aufgrund von Zahlungsflüssen aus Investitionen und aus dem operativen Geschäft sowie aus Veranlagungen und Finanzierungen in Fremdwährungen sind die Konzerngesellschaften der Lenzing Gruppe Fremdwährungsrisiken ausgesetzt.
Lenzing AG,lenzing,2025,Hersteller,hauptrisiken,Gaspreisrisiken,,Markt,280,exakt,Geschaeftsbericht,,True,"Aufgrund der Gasswaps ist die Lenzing Gruppe bilanziellen Preisrisiken ausgesetzt. Diese Risiken bestehen insbesondere darin, dass die Bewertung der Gasswaps zum beizulegenden Marktwert bei einer nachteiligen Veränderung der Marktpreise zu Belastungen des sonstigen Ergebnisses bzw. des Eigenkapitals führen kann."
Lenzing AG,lenzing,2025,Hersteller,hauptrisiken,Marktpreisrisiken bei Rohstoffen und Energie,,Markt,280,exakt,Geschaeftsbericht,,True,"Die Lenzing Gruppe unterliegt mi t ihrer Geschäftstätigkeit branchenüblichen Marktpreisrisiken (insbesondere bei Holz, Chemikalien, Zellstoff und Energie), die nicht über Derivate bzw. Finanzinstrumente, sondern über andere Sicherungsmaßnahmen (insbesondere lang- und kurzfristige Bezugsverträge bei verschiedenen Lieferanten) abgesichert werden."
Lenzing AG,lenzing,2025,Hersteller,hauptrisiken,Zinsrisiken,,Finanzierung,281,exakt,Geschaeftsbericht,,True,Die Lenzing Gruppe ist aufgrund von geschäftsbedingten Finanzierungs- bzw. Veranlagungsaktivitäten einem Zinsrisiko ausgesetzt. Zinsrisiken bestehen aufgrund potenzieller Änderungen des Marktzinses und können bei fix verz insten Finanzinstrumenten zu einer Änderung des beizulegenden Zeitwerts
Lenzing AG,lenzing,2025,Hersteller,capex_ma_signale,Investition in den Ausbau der Produktion von VEOCEL Viscostar-Fasern im Tampon-Geschaeft,,,15,exakt,Geschaeftsbericht,,True,"Lenzing investiert EUR 15 Mio. in den Ausbau der Produktion von VEOCEL™ Viscostar-Fasern, um seine Marktstellung im Bereich Damenhygieneprodukte zu stärken und eine umweltfreundliche Alternative zu synthetischen Fasern zu bieten."
Lenzing AG,lenzing,2025,Hersteller,capex_ma_signale,Strategische Pruefung und moeglicher Verkauf des Produktionsstandortes in Indonesien,,,6,exakt,Geschaeftsbericht,,True,"Im dritten Quartal 2025 wurde eine strategische Überprüfung des Produktionsstandortes in Indonesien eingeleitet, um verschiedene Optionen einschließlich eines möglichen Verkaufs zu evaluieren."
Lenzing AG,lenzing,2025,Hersteller,capex_ma_signale,Investitionsprogramm von insgesamt 100 Mio. EUR für österreichische Produktionsstandorte inklusive Erweiterung der Vliesstoffkapazitäten,,,20,exakt_nach_normalisierung,Geschaeftsbericht,,True,Dazu zählt unter anderem die beschlossene Investition von EUR 15 Mio. in die Erweiterung der Vliesstoffkapazitäten am Standort Lenzing. Diese Investition ist Teil des geplanten Investitons - programms von insgesamt EUR 100 Mio. für die österreichischen Produktionsstandorte.
Lenzing AG,lenzing,2025,Hersteller,capex_ma_signale,Übernahme der kontrollierenden Mehrheit an TreeToTextile AB zur Skalierung neuer Technologien,,,37,exakt_mehrdeutig,Geschaeftsbericht,147,True,"Im Februar 2026 erhöhte die Lenzing Gruppe ihre bestehende Be- teiligung an T ree T o T extile AB und übernahm damit die kontrollie- rende Mehrheit. Mit der Mehrheitsübernahme unterstreicht Lenzing ihren Anspruch, die Premiumisierungsstrategie konse- quent voranzutreiben"
Lenzing AG,lenzing,2025,Hersteller,capex_ma_signale,Investition von über 100 Mio. EUR in die Standorte Lenzing und Heiligenkreuz,,,20,exakt_nach_normalisierung,Geschaeftsbericht,,True,"Wir treiben gezielt die Entwicklung neuer Produkte, Anwendungen, Prozesse und Techniken zur Marktreife an und schaffen so Mehrwert für unsere Kunden und Nachhaltig - keitsagenda. Lenzing plant Investitionen von über EUR 100 Mio. für die Standorte Lenzing und Heiligenkreuz, um deren Wett - bewerbsfähigkeit zu sichern."
Lenzing AG,lenzing,2025,Hersteller,capex_ma_signale,"Investitionen in immaterielle Anlagen, Sachanlagen und biologische Vermögenswerte (CAPEX) beliefen sich 2025 auf 141,1 Mio. EUR.",,,49,exakt,Geschaeftsbericht,,True,"Der CAPEX wird in der Lenzing Gruppe als Maßstab für die Höhe von Investitionen in immaterielle Anlagen, Sachanlagen und biologische Vermögenswerte verwendet. Er wird in der Konzern-Kapitalflussrechnung dargestellt."
Lenzing AG,lenzing,2025,Hersteller,capex_ma_signale,Fertigstellung einer Reinigungsanlage für Extraktionsmittel am Standort Lenzing im Jahr 2025,,,80,exakt,Nachhaltigkeitsberichterstattung,,True,Eine Reinigungsanlage für Extraktionsmittel wurde 2025 in Lenzing (Österreich) fertiggestellt
Lenzing AG,lenzing,2025,Hersteller,capex_ma_signale,"Investition in Erdgaspipeline, Gaskessel und Turbine am Standort Nanjing",,,80,exakt,Nachhaltigkeitsberichterstattung,,True,"Erdgaspipeline, Gaskessel und T urbine am Standort Nanjing (China), als Ersatz für kohlebasierten Dampf, in Betrieb seit 2025"
Lenzing AG,lenzing,2025,Hersteller,capex_ma_signale,Austausch von Gaskesseln durch effizientere Modelle am Standort Mobile,,,80,exakt,Nachhaltigkeitsberichterstattung,,True,Austausch von Gaskesseln an Lenzings Standort in Mobile (USA) im Jahr 2025 durch effizientere Modelle
Lenzing AG,lenzing,2025,Hersteller,capex_ma_signale,"Investitionsausgaben (CapEx) beliefen sich im Geschaeftsjahr 2025 auf 144,7 Millionen Euro",,,95,exakt,Nachhaltigkeitsberichterstattung,,True,"Die gesamten Investitionsausgaben (CapEx) erstrecken sich auf buchmäßige (nicht zahlungswirksame) Zugänge zu Sachanlagen, immateriellen Vermögenswerten, biologischen Vermögenswerten und Nutzungsrechten."
Lenzing AG,lenzing,2025,Hersteller,capex_ma_signale,Lenzing investierte rund 30 Millionen Euro in Nanjing fuer die Umstellung von Kohle auf Erdgas,,,99,exakt,Nachhaltigkeitsberichterstattung,,True,"Lenzing hat an ihrem Viscosestandort in Nanjing (China) rund EUR 30 Mio. investiert, um von Kohle auf Erdgas umzustellen."
Lenzing AG,lenzing,2025,Hersteller,capex_ma_signale,Pruefung einer Investition am Standort Heiligenkreuz zur Reduzierung von Treibhausgasen,,,100,exakt_nach_normalisierung,Nachhaltigkeitsberichterstattung,,True,"So erwägt Lenzing beispielsweise eine Investition an ihrem Standort Heiligenkreuz (Österreich) in ein Projekt, das den Verbrauch fossiler Brennstoffe und die Treibhausgasemissionen erheblich reduzieren würde."
Lenzing AG,lenzing,2025,Hersteller,capex_ma_signale,"Investitionen in immaterielle Anlagen, Sachanlagen und biologische Vermögenswerte beliefen sich 2025 auf 141,083 Mio. Euro (Vorjahr: 153,761 Mio. Euro).",,,217,exakt,Geschaeftsbericht,,True,"Erwerb von immateriellen Anlagen, Sachanlagen und biologischen Vermögenswerten –141.083 –153.761 – Erwerb/Auszahlung von Finanzanlagen und Beteiligungen, die nach der Equity-Methode bilanziert werden –26.061 –37.024"
Lenzing AG,lenzing,2025,Hersteller,capex_ma_signale,Im Geschäftsjahr 2025 wurde das schwedische Cellulosefaserunternehmen TreeToTextile AB nach dem Closing im Februar at-equity in den Konsolidierungskreis aufgenommen.,,,223,exakt,Geschaeftsbericht,,True,"Im Oktober 2024 wurde eine Minderheitsbeteiligung am schwedischen Cellulosefaserunternehmen T ree T o T extile AB (TTT), Stockholm, Schweden erworben. Mit dem Closing im Februar 2025 wurde das assoziierte Unternehmen TTT at-equity in den Konsolidierungskreis aufgenommen."
Lenzing AG,lenzing,2025,Hersteller,capex_ma_signale,"Die Lenzing Gruppe hielt zum 31. Dezember 2025 eine Beteiligung von 22,6 Prozent an der TreeToTextile AB.",,,241,exakt,Geschaeftsbericht,,True,"Die Lenzing Gruppe hält per 31. Dezember 2025 22,6 Prozent am Kapital und an den Stimmrechten der TTT (31. Dezember 2024: 0,0 Prozent)."
Lenzing AG,lenzing,2025,Hersteller,capex_ma_signale,Im Geschäftsjahr 2025 investierte die Lenzing Gruppe Zugänge bei den Sachanlagen in Höhe von 123.123 TEUR.,,,236,exakt_nach_normalisierung,Geschaeftsbericht,,True,"Die Sachanlagen haben sich wie folgt entwickelt: Entwicklung der Sachanlagen TEUR 2025 Grundstücke und Bauten Technische Anlagen und Maschinen, Betriebs- und Geschäftsausstattung Geleistete Anzahlungen und Anlagen in Bau Summe Anschaffungs- und Herstellungskosten Stand zum 01.01.2025"
Lenzing AG,lenzing,2025,Hersteller,capex_ma_signale,"Lenzing hält 40 Prozent am Kapital und an den Stimmrechten der LPP, deren Haupttätigkeit die Erzeugung zellulosebasierter Produkte ist.",,,242,exakt_nach_normalisierung,Geschaeftsbericht,,True,Die Lenzing Gruppe hält per 31. Dezember 2025 40 Prozent am Ka- pital und an den Stimmrechten der LPP (31. Dezember 2024: 40 Pro- zent). Die Haupttätigkeit der nicht börsennotierten LPP besteht in der
Lenzing AG,lenzing,2025,Hersteller,capex_ma_signale,"Lenzing hält 20 Prozent am Kapital und den Stimmrechten der EFB, deren Tochtergesellschaft KFG den Geschäftsbetrieb insolvenzbedingt einstellt.",,,242,exakt_nach_normalisierung,Geschaeftsbericht,,True,Die Lenzing Gruppe hält per 31. Dezember 2025 20 Prozent am Kapital und an den Stimmrechten der nicht börsennotierten Equi- Fibres Beteiligungsgesellschaft mbH (EFB) (31. Dezember 2024: 20 Prozent).
Lenzing AG,lenzing,2025,Hersteller,capex_ma_signale,Lenzing hält zum Bilanzstichtag eine Beteiligung von 50 Prozent an der LDF.,,,242,exakt_nach_normalisierung,Geschaeftsbericht,,True,Die Lenzing Gruppe hält per 31. Dezember 2025 50 Prozent am Ka- pital und an den Stimmrechten der LDF (31. Dezember 2024: 50 Pro- zent). Die Haupttätigkeit der nicht börsennotierten LDF besteht in
Andritz AG,andritz,2025,Hersteller,strategische_prioritaeten,Erreichen der Position eines Komplettanbieters in allen Geschäftsbereichen durch organisches Wachstum und komplementäre Zukäufe,,,26,exakt,Geschaeftsbericht,,True,"Eines der wesentlichen strategischen Ziele der ANDRITZ -Gruppe besteht darin, durch organisches Wachstum und komplementäre Akquisitionen in allen Geschäftsbereichen zum Komplettanbieter zu werden."
Andritz AG,andritz,2025,Hersteller,strategische_prioritaeten,"Fokus auf Entwicklung digitaler Produkte und Lösungen mit Schwerpunkt Cybersicherheit, KI und neue Technologien",,,27,exakt,Geschaeftsbericht,,True,"ANDRITZ sieht in der Digitalisierung ein wesentliches Wachstumsfeld für die Zukunft und wird daher weiterhin stark auf die Entwicklung digitaler Produkte und Lösungen fokussiert sein. Das Hauptaugenmerk liegt dabei auf Cybersicherheit, der Verwendung von Künstlicher Intelligenz"
Andritz AG,andritz,2025,Hersteller,strategische_prioritaeten,"Ausrichtung der F&E auf Netzstabilität, Systemflexibilität und Dekarbonisierung",,,37,exakt,Geschaeftsbericht,,True,"Die Forschungs - und Entwicklungsaktivitäten richten sich konsequent auf die zukünftigen Anforderungen an Netzstabilität und Systemflexibilität aus. Die Entwicklungen orientieren sich nicht nur am heutigen Markt, sondern antizipieren die technischen Herausforderungen einer vollständig dekarbonisierten Energieversorgung."
Andritz AG,andritz,2025,Hersteller,strategische_prioritaeten,Steigerung des Anteils nachhaltiger Technologien am Gesamtumsatz durch neue Produkte wie Green Hydrogen und Carbon Storage,,,90,exakt,Geschaeftsbericht,,True,"Dieser Anteil soll künftig durch neue Produkte (zB Green Hydrogen und Carb on Storage) noch gesteigert werden. Aktuell sehen wir auf der Produktseite keine wesentlichen Risiken, da unsere Produkte unseren Kunden helfen ihre Klimaziele zu erreichen."
Andritz AG,andritz,2025,Hersteller,wachstumsmaerkte,Wiederbelebung und Initiierung von neuen Greenfield-Projekten im Wasserkraft- und Speicherbereich,Lateinamerika,,8,exakt,Geschaeftsbericht,,True,"Während in westlichen Märkten wie Nordamerika und Europa weiterhin Sanierungs - und Modernisierungsprojekte dominierten, wurden in Schwellen regionen wie Afrika, Asien und Lateinamerika wieder vermehrt neue Greenfield -Projekte (bspw. Pumpspeicher) initiiert."
Andritz AG,andritz,2025,Hersteller,wachstumsmaerkte,Starke Nachfrage und Wachstumstreiber bei Neuanlagen und Modernisierungen im Bereich Clean Air Technologies,Nordamerika,,9,exakt,Geschaeftsbericht,,True,"Demgegenüber entwickelten sich die Märkte für Clean Air Technologies sehr positiv. Die größten Treiber dieser Entwicklung waren die steigende Nachfrage nach Neuanlagen sowie nach Modernisierungen bestehender Anlagen, insbesondere in etablierten Industrieregionen wie den USA."
Andritz AG,andritz,2025,Hersteller,wachstumsmaerkte,Im Bereich Metals Forming werden strukturelle Herausforderungen im Automobilsektor unter anderem durch Wachstum in China abgefedert.,China,,40,exakt,Geschaeftsbericht,,True,Im Bereich Metals Forming werden strukturelle Herausforderungen im Automobilsektor durch relativ stabile Nachfrage nach Nicht‑Automobil ‑Anwendungen sowie durch Wachstum in China abgefedert.
Andritz AG,andritz,2025,Hersteller,hauptrisiken,Nachträgliche Steuer- und Zollbelastungen durch Gesetzesänderungen oder veränderte Auslegungen,,Regulierung,24,exakt,Geschaeftsbericht,,True,Eine Änderung von Gesetzen oder sonstigen Bestimmungen – darunter fallen auch Regelungen zu Importzöllen etc. – sowie unterschiedliche Auslegungen der jeweils geltenden Bestimmungen können zu nachträglichen Steuer - und Zollbelastungen führen.
Andritz AG,andritz,2025,Hersteller,hauptrisiken,Intensive Wettbewerbssituation und Preiskampf um wenige Großaufträge mit Auswirkungen auf Margen,,Markt,25,exakt,Geschaeftsbericht,,True,"Die ANDRITZ -Gruppe agiert in sehr wettbewerbsintensiven Märkten, in denen einige wenige große Anbieter um einige wenige Großaufträge bieten. Darüber hinaus gibt es lokal eine Vielzahl kleiner konkurrierenden Unternehmen, die über eine vergleichsweise niedrige Kostenbasis verfügen."
Andritz AG,andritz,2025,Hersteller,hauptrisiken,Volatilität des Auftragseingangs durch konjunkturelle Schwankungen und Abhängigkeit von der Endproduktnachfrage,,Markt,25,exakt,Geschaeftsbericht,,True,Mögliche Preisschwankungen können daher einen direkten Einfluss auf die Investitionsentscheidungen von Kunden und in weiterer Folge auf den Auftragseingang der Gruppe haben. Dies könnte daher zu einer Volatilität in der Entwicklung des Auftragseingangs führen.
Andritz AG,andritz,2025,Hersteller,hauptrisiken,Fehlende Verfügbarkeit geeigneter Akquisitionsziele oder mangelnde Finanzierungsmittel für M&A-Vorhaben,,Finanzierung,26,exakt,Geschaeftsbericht,,True,"Es kann jedoch nicht garantiert werden, dass die Gruppe auch künftig in der Lage sein wird, geeignete Akquisitionsziele zu identifizieren und zu erwerben, dass überhaupt geeignete Unternehmen zur Verfügung stehen und ausreichend Finanzmittel für große Akquisitionen aufgebracht werden können."
Andritz AG,andritz,2025,Hersteller,hauptrisiken,Risiko langsamer Produktentwicklung im Bereich Digitalisierung sowie Cyberangriffe,,Technologie,27,exakt,Geschaeftsbericht,,True,"Die rasanten Entwicklungen im Bereich der Digitalisierung stellen jedoch auch ein Risiko dar, falls es ANDRITZ nicht gelingen sollte, die am Markt nachgefragten Produkte und Lösungen in der gebotenen Geschwindigkeit zu entwickeln und anzubieten."
Andritz AG,andritz,2025,Hersteller,hauptrisiken,"Ausfälle von Lieferanten aufgrund geopolitischer Krisen, Konflikte oder Naturkatastrophen",,Lieferkette,28,exakt,Geschaeftsbericht,,True,"Globale und regionale Krisen, politische bzw. wirtschaftliche Konflikte oder Naturkatastrophen können dazu führen, dass Lieferanten nicht in der Lage sind, von ANDRITZ bestellte Produkte rechtzeitig zu fertigen und zu liefern"
Andritz AG,andritz,2025,Hersteller,hauptrisiken,Währungs- und Wechselkursrisiken durch Auftragsabwicklung in Fremdwährungen,,Finanzierung,30,exakt,Geschaeftsbericht,,True,"Obwohl die Gruppe bestrebt ist, die Nettowährungsposition von nicht in der jeweiligen funktionalen Währung der Konzerngesellschaft abgeschlossenen Aufträge durch den Abschluss von Termingeschäften abzusichern, können sich Währungsschwankungen mit Wechselkursverlusten im Konzernabschluss niederschlagen."
Andritz AG,andritz,2025,Hersteller,hauptrisiken,Verschlechterung des makroökonomischen und geopolitischen Umfelds sowie Zunahme globaler Handelsbarrieren,,Markt,41,exakt,Geschaeftsbericht,,True,"Sollte sich das makroökonomische und geopolitische Umfeld deutlich verschlechtern, globale Handelsbarrieren weiter zunehmen oder der Euro weiter deutlich aufwerten, könnten sich negative Auswirkungen auf die Abwicklung und den Eingang von Aufträgen ergeben"
Andritz AG,andritz,2025,Hersteller,hauptrisiken,Risiken des Klimawandels (physische Risiken sowie Übergangsrisiken),,Regulierung,90,exakt,Geschaeftsbericht,,True,Zu den Risiken des Klimawandels für die ANDRITZ -Gruppe zählen einerseits physische Risiken sowie auch Übergangsrisiken. Diesen Risiken begegnet ANDRITZ durch ein breites Produktportfolio im Bereich der „nachhaltigen Technologien“.
Andritz AG,andritz,2025,Hersteller,hauptrisiken,Risiken aus Finanzinstrumenten sowie strategische und operative Risiken,,Finanzierung,129,exakt,Geschaeftsbericht,,True,"Als global tätiges Unternehmen, das verschiedenste Märkte und Kunden bedient, ist die Gruppe Risiken in Verbindung mit Finanzinstrumenten sowie strategischen und operativen Risiken ausgesetzt."
Andritz AG,andritz,2025,Hersteller,hauptrisiken,Kredit- und Ausfallrisiko einzelner Kontrahenten,,Finanzierung,131,exakt,Geschaeftsbericht,,True,Das Risiko eines möglichen Ausfalls (Insolvenz) einzelner oder mehrerer Kontrahenten wird durch ein internes Kontrahentenlimitsystem minimiert.
Andritz AG,andritz,2025,Hersteller,hauptrisiken,Marktrisiken durch Zins- und Währungsschwankungen,,Markt,136,exakt,Geschaeftsbericht,,True,"Das Marktrisiko umfasst das Risiko, dass sich die Marktpreise, zum Beispiel Währungskurse, Zinssätze oder Aktienkurse, ändern und dadurch die Erträge des Konzerns oder der Wert der gehaltenen Finanzinstrumente beeinflusst werden."
Andritz AG,andritz,2025,Hersteller,hauptrisiken,Zahlungsausfallrisiken bei Kundenprojekten,,Finanzierung,135,exakt,Geschaeftsbericht,,True,"Es kann jedoch nicht ausgeschlossen werden, dass es einzelne Zahlungsausfälle gibt, die im Eintrittsfall einen wesentlichen negativen Einfluss auf die Ergebnis - und Liquiditätsentwicklung der Gruppe haben."
Andritz AG,andritz,2025,Hersteller,capex_ma_signale,Fokus der Investitionen auf Modernisierungen und gezielte Kapazitätserweiterungen in Kernregionen,,,20,exakt_nach_normalisierung,Geschaeftsbericht,,True,"Die Investitionsschwerpunkte betrafen – wie in den Vorjahren – insbesondere Modernisierungen von Fertigungs - stätten sowie vereinzelte Erweiterungsinvestitionen zur Unterstützung des Wachstums im Wesentlichen in Nordamerika, Europa und China."
Andritz AG,andritz,2025,Hersteller,capex_ma_signale,Übernahme der LDX-Gruppe zur Stärkung des Angebots zur Emissionsreduktion,,,22,exakt,Geschaeftsbericht,,True,"ANDRITZ hat im Februar 2025 die in den USA ansässige Dustex LLC samt Tochtergesellschaft Western Pneumatics, LLC (gemeinsam LDX -Gruppe) erworben. LDX zählt zu den führenden Anbietern von Technologien und Dienstleistungen zur Emissionsreduktion"
Andritz AG,andritz,2025,Hersteller,capex_ma_signale,Akquisition von A.Celli Paper zur Erweiterung der Papier- und Kartonsparte,,,22,exakt,Geschaeftsbericht,,True,"ANDRITZ erwarb im Juli 2025 die A.Celli Paper S.P.A. mit Sitz in Italien, samt weiteren Tochtergesellschaften in Italien und China. A.Celli verfügt über jahrzehntelange Erfahrung in der Lieferung von Maschinen"
Andritz AG,andritz,2025,Hersteller,capex_ma_signale,Erwerb der Salico-Gruppe zur Abrundung des Angebots bei Endbearbeitungsanlagen,,,22,exakt,Geschaeftsbericht,,True,"Des weiteren hat ANDRITZ im Juli 2025 die Salico -Gruppe, mit Hauptsitz in Italien und Spanien erworben. Der Erwerb umfasst auch Tochtergesellschaften in Großbrita nnien, den USA und Indien."
Andritz AG,andritz,2025,Hersteller,capex_ma_signale,Mehrheitserwerb an Baoding Sanzheng Electrical Equipment zur Stärkung bei Induktionserwärmung,,,22,exakt,Geschaeftsbericht,,True,"ANDRITZ hat im Dezember 2025 51% der Anteile an Boading Sanzheng Electrical Equipment Co., Ltd. mit dem Hauptsitz in China unterzeichnet. Die Integration von Sanzheng bringt ANDRITZ ein vollständiges Portfolio von Induktionserwärmungstechnologien"
Andritz AG,andritz,2025,Hersteller,capex_ma_signale,Investitionen in eine neue Dry Molded Fiber (DMF) Pilotanlage am Standort Montbonnot in Frankreich,,,34,exakt,Geschaeftsbericht,,True,ANDRITZ forciert seinen Eintritt in die Dry Molded Fiber (DMF) Technologie durch Investitionen in eine neue DMF Pilotanlage am Standort in Montbonnot in Frankreich.
Andritz AG,andritz,2025,Hersteller,capex_ma_signale,"Im Geschäftsjahr 2025 betrugen die Auszahlungen für Sachanlagen und immaterielle Vermögenswerte 198,1 MEUR und der Netto-Cashflow aus Unternehmenserwerben 328,6 MEUR.",,,46,teilweise,Geschaeftsbericht,,True,"Auszahlungen für Sachanlagen und immaterielle Vermögenswerte -198,1 -179,5 Einzahlungen aus dem Verkauf von Sachanlagen und immateriellen Vermögenswerten 27,4 16,5 Auszahlungen für lang- und kurzfristige finanzielle Vermögenswerte -562,4 -362,3 Einzahlungen aus dem Verkauf von lang- und kurzfristigen finanziellen Vermögenswerten 520,1 354,7 Netto-Cashflow aus Unternehmenserwerben -328,6 -36,9"
Andritz AG,andritz,2025,Hersteller,capex_ma_signale,"Die vertraglichen Verpflichtungen für den Erwerb von Sachanlagen beliefen sich zum 31. Dezember 2025 auf 53,0 MEUR.",,,82,exakt,Geschaeftsbericht,,True,"Vertragliche Verpflichtungen für den Kauf von Sachanlagen sind nur im gewöhnlichen Geschäftsumfang vorhanden. Zum 31. Dezember 2025 betrugen diese Verpflichtungen 53,0 MEUR (31. Dezember 2024: 22,1 MEUR)."
Andritz AG,andritz,2025,Hersteller,capex_ma_signale,Closing der Akquisition von Sanzheng im Dezember 2025,,,89,exakt_nach_normalisierung,Geschaeftsbericht,,True,Das Closing der Akquisition Sanzheng fand im Dezember 2025 nach dem jährlichen Werthaltigkeitstest zum 30. September 2025 statt. Diese ZGE wurde zum 31. Dezember 2025 getestet.
Andritz AG,andritz,2025,Hersteller,capex_ma_signale,Erhöhte Auszahlungen für Unternehmenserwerbe im Geschäftsjahr 2025.,,,21,exakt_mehrdeutig,Geschaeftsbericht,140,True,"Die Veränderung resultiert vor allem aus dem höheren Netto -Cashflow aus Unternehmenserwerben von -328,6 MEUR (2024: -36,9 MEUR) sowie den höheren Auszahlungen für den Kauf von lang- und kurzfristigen finanziellen Vermögenswerten."
Andritz AG,andritz,2025,Hersteller,capex_ma_signale,"Im Geschäftsbereich Metals leitete Andritz 2025 den Verkauf von Sachanlagen in Deutschland mit einem Buchwert von 4,0 MEUR ein, dessen Abschluss für 2026 erwartet wird.",,,142,exakt,Geschaeftsbericht,,True,"Im Geschäftsbereich Metals wurde 2025 der Verkauf von Sachanlagen (Grundstücke, Gebäude und technische n Anlagen) in Deutschland eingeleitet. Es wurden 2025 Vermögenswerte von 4,0 MEUR als zur Veräußerung gehalten angesetzt"
Andritz AG,andritz,2025,Hersteller,capex_ma_signale,"Ein Ende 2024 im Geschäftsbereich Metals eingeleiteter Verkauf von Sachanlagen in Deutschland wurde 2025 mit einem Veräußerungsgewinn von 2,8 MEUR vollzogen.",,,143,exakt,Geschaeftsbericht,,True,"Es wurden 2024 Vermögenswerte von 7,7 MEUR als zur Veräußerung gehalten angesetzt und keine Wertminderungsaufwendungen erfasst. Der Verkauf der Sachanlagen wurde 2025 mit einem Veräußerungsgewinn von 2,8 MEUR abgeschlossen ."
Andritz AG,andritz,2025,Hersteller,capex_ma_signale,"Im Geschäftsbereich Pulp & Paper wurden 2025 Sachanlagen in Kanada mit einem Veräußerungsgewinn von 0,8 MEUR veräußert.",,,143,exakt,Geschaeftsbericht,,True,"Im Geschäftsbereich Pulp & Paper w urden Ende 2024 Sachanlagen in Kanada in der Höhe von 0,5 MEUR als zur Veräußerung gehalten ausgewiesen. Aus der vorgelagerten Bewertung wurde keine Wertminderung erfasst."
PALFINGER AG,palfinger,2025,Hersteller,strategische_prioritaeten,Reach Higher – Strategie 2030+ mit drei Kernausrichtungen,,,16,exakt,Geschaeftsbericht,,True,"Ziel der PALFINGER-Wachstumsstrategie ist es, den langfristigen Unternehmenserfolg durch konsequente Kundenorientierung, nachhaltiges und profitables Wachstum sowie gesteigerte Effizienz zu sichern."
PALFINGER AG,palfinger,2025,Hersteller,strategische_prioritaeten,Erweiterung des Service- und Ersatzteilgeschäfts,,,17,exakt,Geschaeftsbericht,,True,"Ein hochqualifiziertes Service- und Partnernetzwerk gewährleistet maximale Verfügbarkeit, sichert die Versorgung mit Original-Ersatzteilen und bietet umfassende Servicepakete, Verträge und digitale Features. Dieser Bereich wird kontinuierlich ausgebaut – zu Land und zu Wasser."
PALFINGER AG,palfinger,2025,Hersteller,strategische_prioritaeten,Hubarbeitsbühnen als wesentliche Säule,,,17,exakt,Geschaeftsbericht,,True,"PALFINGER nutzt jahrzehntelange Expertise und das globale Netzwerk gezielt, um passgenau auf regionale Kundenbedürfnisse einzugehen und sowohl bestehende als auch neue Märkte konsequent auszubauen. Damit werden Hubarbeitsbühnen zu einer weiteren tragenden Säule des Produktportfolios von PALFINGER."
PALFINGER AG,palfinger,2025,Hersteller,strategische_prioritaeten,Optimierung der globalen Supply Chain,,,18,exakt,Geschaeftsbericht,,True,"Die Supply-Chain-Organisation von PALFINGER fokussiert sich daher auf die Weiterentwicklung des Fertigungs- und Montage-Setups, Bestandsoptimierung, integrierte End-to-End-Planungsprozesse, Reduktion der Portfolio-Komplexität und optimierte Logistik."
PALFINGER AG,palfinger,2025,Hersteller,strategische_prioritaeten,"Optimierung der Prozess-, System- und Datenlandschaft",,,18,exakt,Geschaeftsbericht,,True,"Durch die Harmonisierung und Optimierung von Prozessen, Systemen und Daten erhöht PALFINGER die Effizienz und die Transparenz und ermöglicht so noch fundiertere Entscheidungen. Damit legt PALFINGER den Grundstein für den Einsatz von Künstlicher Intelligenz"
PALFINGER AG,palfinger,2025,Hersteller,strategische_prioritaeten,Ausweitung des After-Sales-Geschäfts und Ausbau der Service-Infrastruktur,,,28,exakt,Geschaeftsbericht,,True,"Die strategische Initiative zur kontinuierlichen Ausweitung des After-Sales-Geschäfts wird konsequent umgesetzt. Neue Service-Standorte stärken die Kundennähe und Verfügbarkeit von Produkten, Ersatzteilen und Reparaturmöglichkeiten"
PALFINGER AG,palfinger,2025,Hersteller,strategische_prioritaeten,Aufbau einer resilienten und flexiblen End-to-End Supply Chain,,,31,exakt,Geschaeftsbericht,,True,"Im Rahmen des Programms „Supply Chain Transformation“ wird der Aufbau einer kostenoptimierten, kundenorientierten, resilienten und flexiblen „End-to-End“ Supply Chain weiter vorangetrieben. Das Programm besteht aus mehreren aufeinander abgestimmten Einzelprojekten"
PALFINGER AG,palfinger,2025,Hersteller,strategische_prioritaeten,Fokus auf Digital Solutions und Tech-Cluster in F&E,,,34,exakt,Geschaeftsbericht,,True,"Strategische Schwerpunkte bilden PALFINGER CONNECTED, Data Analytics und produktorientierte Künstliche Intelligenz sowie Anwendungen aus dem Bereich der erweiterten Realität (XR) und 3D-Technologien."
PALFINGER AG,palfinger,2025,Hersteller,strategische_prioritaeten,Rasche Umsetzung der Strategie 2030+,,,51,exakt,Geschaeftsbericht,,True,"Die PALFINGER AG fokussiert 2026 auf die rasche Umsetzung seiner strategischen Programme, wie sie in der Strategie 2030+ definiert sind."
PALFINGER AG,palfinger,2025,Hersteller,strategische_prioritaeten,Erreichung der neuen Finanzziele 2030,,,51,exakt,Geschaeftsbericht,,True,"Auf den Finanzzielen 2027 aufbauend, hat PALFINGER im Rahmen der neuen Strategie die Finanzziele 2030 definiert: Angestrebt wird ein Umsatz von mehr als 3 Mrd. EUR, eine EBIT-Marge von 12 Prozent und eine Rendite auf das eingesetzte Kapital (ROCE) von 15 Prozent."
PALFINGER AG,palfinger,2025,Hersteller,strategische_prioritaeten,Reduktion der Treibhausgasemissionen (Scope 1 und 2),,,61,exakt,Nachhaltigkeitsberichterstattung,,True,"Ziel ist es, die eigenen Emissionen Scope 1 und 2 bis 2030 um jährlich ein Prozent bezogen auf das Referenzjahr 2022 zu reduzieren. Ein Ziel in Bezug auf Mitarbeitende ist, die Unfallrate TRIR bis 2028 auf einen Wert von 8,5 zu senken."
PALFINGER AG,palfinger,2025,Hersteller,strategische_prioritaeten,Transformation zu einer Kreislaufwirtschaft und zirkulären Produktstrategie,,,62,exakt,Nachhaltigkeitsberichterstattung,,True,"Die Transformation hin zu einer Kreislaufwirtschaft ist eine zentrale strategische Aufgabe. Ein kontinuierlich reduzierter Ressourcenverbrauch steht dabei im Fokus. Ergänzend wird der Übergang zu einer zirkulären Produktstrategie vorangetrieben, die auf eine höhere Materialeffizienz und langfristige Wertsteigerung der Produkte abzielt."
PALFINGER AG,palfinger,2025,Hersteller,strategische_prioritaeten,Vertiefung des Verständnisses der Auswirkungen auf Beschäftigte in der Wertschöpfungskette und stärkere Ausrichtung an ethischen Arbeitspraktiken,,,150,exakt,Geschaeftsbericht,,True,"In Zukunft will PALFINGER das Verständnis der tatsächlichen und potenziellen Auswirkungen auf die Beschäftigten in der Wertschöpfungskette vertiefen und diese Erkenntnisse nutzen, um die Strategie anzupassen"
PALFINGER AG,palfinger,2025,Hersteller,wachstumsmaerkte,PALFINGER treibt seine Asien- und Indienstrategie durch den Aufbau eines neuen Werks und Engineering Centers voran.,Indien,,20,exakt,Geschaeftsbericht,,True,Im Frühling 2025 wurde vom Aufsichtsrat die Freigabe für ein neues Montagewerk in Indien erteilt. Die Übernahme eines geeigneten Grundstücks in Pune steht kurz vor dem Abschluss.
PALFINGER AG,palfinger,2025,Hersteller,wachstumsmaerkte,Großes Potenzial für Wachstum bei Hubarbeitsbühnen in Europa.,Europa uebrig,,17,exakt,Geschaeftsbericht,,True,"Die Produktlinie Hubarbeitsbühnen bietet dank einer weltweit steigenden Nachfrage – insbesondere in Europa, Nordamerika und weiteren aufstrebenden Märkten – besonders großes Potenzial für Wachstum und Wertschöpfung."
PALFINGER AG,palfinger,2025,Hersteller,wachstumsmaerkte,Großes Potenzial für Wachstum bei Hubarbeitsbühnen in Nordamerika.,Nordamerika,,17,exakt,Geschaeftsbericht,,True,"Die Produktlinie Hubarbeitsbühnen bietet dank einer weltweit steigenden Nachfrage – insbesondere in Europa, Nordamerika und weiteren aufstrebenden Märkten – besonders großes Potenzial für Wachstum und Wertschöpfung."
PALFINGER AG,palfinger,2025,Hersteller,wachstumsmaerkte,Südeuropa zählt innerhalb von EMEA zu den wesentlichen Wachstumsmärkten.,Europa uebrig,,28,exakt,Geschaeftsbericht,,True,"Im 3. Quartal setzte eine erneut positive Trendwende ein, insbesondere in Südeuropa und im Mittleren Osten, die innerhalb von EMEA zu den wesentlichen Wachstumsmärkten zählen."
PALFINGER AG,palfinger,2025,Hersteller,wachstumsmaerkte,Der Mittlere Osten zählt innerhalb von EMEA zu den wesentlichen Wachstumsmärkten.,Naher Osten,,28,exakt,Geschaeftsbericht,,True,"Im 3. Quartal setzte eine erneut positive Trendwende ein, insbesondere in Südeuropa und im Mittleren Osten, die innerhalb von EMEA zu den wesentlichen Wachstumsmärkten zählen."
PALFINGER AG,palfinger,2025,Hersteller,wachstumsmaerkte,Indien bildet eine treibende Kraft und einen langfristigen Zukunftsmarkt mit wachsender Bedeutung.,Indien,,29,exakt,Geschaeftsbericht,,True,"Als treibende Kraft und langfristiger Zukunftsmarkt kristallisierte sich Indien heraus. Um die Potenziale dieses Marktes bestmöglich zu nutzen, startete PALFINGER die Suche nach einem geeigneten Produktionsstandort in Indien."
PALFINGER AG,palfinger,2025,Hersteller,wachstumsmaerkte,"EMEA bleibt neben Nordamerika ein zentraler Wachstumstreiber, wenngleich eine spürbare Erholung noch ausbleibt.",Europa uebrig,,51,exakt,Geschaeftsbericht,,True,"EMEA und NAM bleiben weiterhin die zentralen Wachstumstreiber für PALFINGER. Die Entwicklung beider Regionen ist jedoch maßgeblich von externen Faktoren abhängig: In EMEA bleibt eine spürbare Markterholung bislang aus, während in Nordamerika (NAM) die Zollpolitik der USA weiterhin Mehrbelastungen mit sich bringt."
PALFINGER AG,palfinger,2025,Hersteller,wachstumsmaerkte,"Nordamerika bleibt ein zentraler Wachstumstreiber, obwohl die US-Zollpolitik Mehrbelastungen verursacht.",Nordamerika,,51,exakt,Geschaeftsbericht,,True,"EMEA und NAM bleiben weiterhin die zentralen Wachstumstreiber für PALFINGER. Die Entwicklung beider Regionen ist jedoch maßgeblich von externen Faktoren abhängig: In EMEA bleibt eine spürbare Markterholung bislang aus, während in Nordamerika (NAM) die Zollpolitik der USA weiterhin Mehrbelastungen mit sich bringt."
PALFINGER AG,palfinger,2025,Hersteller,wachstumsmaerkte,"In Lateinamerika wird mit der Fortsetzung der positiven wirtschaftlichen Entwicklung gerechnet, getrieben durch Brasilien.",Lateinamerika,,51,exakt,Geschaeftsbericht,,True,"In LATAM ist mit der Fortsetzung der positiven wirtschaftlichen Entwicklung, die vor allem von Brasilien getragen wird, zu rechnen. In APAC entwickelt sich Indien als zukünftiger wichtiger Wachstumsmarkt für PALFINGER."
PALFINGER AG,palfinger,2025,Hersteller,wachstumsmaerkte,Indien entwickelt sich zu einem künftigen wichtigen Wachstumsmarkt.,Indien,,51,exakt,Geschaeftsbericht,,True,"In LATAM ist mit der Fortsetzung der positiven wirtschaftlichen Entwicklung, die vor allem von Brasilien getragen wird, zu rechnen. In APAC entwickelt sich Indien als zukünftiger wichtiger Wachstumsmarkt für PALFINGER."
PALFINGER AG,palfinger,2025,Hersteller,wachstumsmaerkte,Die Region APAC bietet das hoechste Wachstumspotenzial bei moderaten Risiken.,Asien-Pazifik uebrig,,78,exakt,Nachhaltigkeitsberichterstattung,,True,In den Regionen zeigen sich deutliche Unterschiede. Die Region APAC bietet das höchste Wachstumspotenzial mit moderaten Risiken. Die Region NAM zeigt eine hohe Resilienz begründet durch niedrige CO₂-Preise.
PALFINGER AG,palfinger,2025,Hersteller,hauptrisiken,US-Zollpolitik und Handelshemmnisse,,Regulierung,27,exakt,Geschaeftsbericht,,True,"Die Unsicherheit blieb jedoch hoch, da die US-Zollpolitik zunehmend unvorhersehbar wurde und Investitionen, den internationalen Handel sowie globale Lieferketten belastete."
PALFINGER AG,palfinger,2025,Hersteller,hauptrisiken,Geopolitische Spannungen und konjunkturelle Eintrübung,,Markt,26,exakt,Geschaeftsbericht,,True,"Eine volatile Zollpolitik in den USA, der anhaltende russische Angriffskrieg auf die Ukraine sowie weitere geopolitische Spannungen haben die globalen Wachstumsaussichten gedämpft."
PALFINGER AG,palfinger,2025,Hersteller,hauptrisiken,Eskalation zwischen China und Taiwan und deren Auswirkungen auf Elektronik-Lieferketten,,Lieferkette,46,exakt,Geschaeftsbericht,,True,"Eine mögliche Eskalation der Situation zwischen China und Taiwan könnte zu Sanktionen, einer Blockade oder einem Krieg führen. Dies würde besonders internationale Lieferketten in der Elektronikindustrie betreffen"
PALFINGER AG,palfinger,2025,Hersteller,hauptrisiken,US-Zölle und Handelsbeschränkungen,,Regulierung,46,exakt,Geschaeftsbericht,,True,Die Einführung von zusätzlichen Zöllen seitens der US-Regierung seit März 2025 betrifft PALFINGER aufgrund des Imports von Materialien und Waren in die USA. Die Zolltarife können auch im Jahr 2026 Auswirkungen auf Lieferketten sowie Absatzmöglichkeiten haben.
PALFINGER AG,palfinger,2025,Hersteller,hauptrisiken,Konjunkturelle Schwankungen auf den Absatzmärkten,,Markt,47,exakt,Geschaeftsbericht,,True,"Mittel- bis langfristig bringt der Konjunkturzyklus in allen wesentlichen Märkten, in denen PALFINGER aktiv ist, signifikante Unsicherheit (positiv sowie negativ) hinsichtlich der Zielerreichung mit sich."
PALFINGER AG,palfinger,2025,Hersteller,hauptrisiken,Verlust der Wettbewerbsfähigkeit des Produktportfolios,,Technologie,47,exakt,Geschaeftsbericht,,True,Der Verlust der Wettbewerbsfähigkeit in einzelnen Produktlinien könnte zu einem strategischen Nachteil führen und die Marke PALFINGER schädigen.
PALFINGER AG,palfinger,2025,Hersteller,hauptrisiken,Illiquidität und rechtliche Unsicherheiten im Russlandgeschäft,,Finanzierung,46,exakt,Geschaeftsbericht,,True,"In der Folge erhöht sich das Risiko von Liquiditätsengpässen, was zu einer möglichen Illiquidität von Tochtergesellschaften führen könnte. Weiters besteht in Russland das Risiko, dass die russischen Gesellschaften infolge gesetzlicher Regelungen vom russischen Staat übernommen werden könnten."
PALFINGER AG,palfinger,2025,Hersteller,hauptrisiken,Cyberkriminalität und Verlust sensibler Informationen durch Spionage,,Technologie,48,exakt,Geschaeftsbericht,,True,Das Risiko von Cyberkriminalität bleibt durch die zunehmende Digitalisierung auf einem hohen Niveau und wird von seiner Bedeutung her mittelfristig weiter steigen. Als international tätiges Unternehmen ist PALFINGER ein potenziell interessantes Ziel.
PALFINGER AG,palfinger,2025,Hersteller,hauptrisiken,Produktmängel und Gewährleistungskosten durch Outsourcing und Reifegrad der Qualitätssicherung,,Lieferkette,48,exakt_nach_normalisierung,Geschaeftsbericht,,True,Ein unterschiedlicher Reifegrad bei der Umsetzung von Qualitätssicherungsstandards und -prozessen stellt ein wesentliches Risiko in Bezug auf Gewährleistung und Garantiekosten dar. Längerfristig führt zudem die Outsourcing-Strategie zu steigenden Mengen und höherer Abhängigkeit von externen Lieferanten.
PALFINGER AG,palfinger,2025,Hersteller,hauptrisiken,Anforderungen an CO2-Fußabdruck und Pariser Klimaziele,,Regulierung,48,exakt,Geschaeftsbericht,,True,"Sowohl durch regulatorische Vorgaben (v.a. in der EU) als auch steigende Anforderungen bestimmter Stakeholder-Gruppen (z.B. Investmentfonds, Banken und bestimmte Kundengruppen) steigt der Druck, den CO₂-Fußabdruck in der eigenen Produktion sowie der gesamten Wertschöpfungskette zu reduzieren."
PALFINGER AG,palfinger,2025,Hersteller,hauptrisiken,Zunehmende Rechtsstreitigkeiten weltweit,,Regulierung,49,exakt,Geschaeftsbericht,,True,"Die Konfliktbereitschaft zwischen Wirtschaftsteilnehmern nimmt weltweit zu, insbesondere in den Regionen NAM und EMEA, darüber hinaus bspw. auch in China und Indien. Diese Entwicklung könnte langfristig zu erheblichen finanziellen und reputationsbezogenen Risiken führen und die Zielerreichung beeinträchtigen."
PALFINGER AG,palfinger,2025,Hersteller,hauptrisiken,Impairment Firmenwerte bei Verschlechterung der Marktsituation,,Markt,49,exakt,Geschaeftsbericht,,True,"Bei Verschlechterung der Marktsituation besteht das Risiko, dass einzelne Wirtschaftsgüter aus rechtlichen Gründen an eine geänderte Bewertung angepasst werden müssen oder Investitionen sich nicht amortisieren."
PALFINGER AG,palfinger,2025,Hersteller,hauptrisiken,"Klimabedingte Uebergangsrisiken durch ploetzlichen Wandel, strengere Vorgaben und steigende CO2-Preise",,Regulierung,77,exakt,Nachhaltigkeitsberichterstattung,,True,"Unternehmen und Märkte müssen sich kurzfristig auf strengere Vorgaben, steigende CO₂-Preise und tiefgreifende Umstellungen einstellen. Dieses Szenario gilt als wahrscheinlicher Fall, da es die gegenwärtigen Verzögerungen in der globalen Klimapolitik realistisch widerspiegelt."
PALFINGER AG,palfinger,2025,Hersteller,hauptrisiken,Steigende Kosten aufgrund der Erhöhung der CO2-Bepreisung,,Regulierung,95,exakt,Nachhaltigkeitsberichterstattung,,True,PALFINGER hat ein wesentliches klimabezogenes Risiko im Zuge seiner Wesentlichkeitsanalyse identifiziert: Steigende Kosten aufgrund der Erhöhung der CO2-Bepreisung. Hierbei handelt es sich um ein Übergangsrisiko.
PALFINGER AG,palfinger,2025,Hersteller,hauptrisiken,Mangelnde Verfügbarkeit qualifizierter Mitarbeitender,,Markt,115,exakt,Nachhaltigkeitsberichterstattung,,True,"Das Risiko der mangelnden Verfügbarkeit qualifizierter Mitarbeitender hat wesentlichen Einfluss auf die Strategie von PALFINGER. Mehrere langfristige Trends wirken sich auf dieses strategische Risiko aus - Wettbewerb um Talente,"
PALFINGER AG,palfinger,2025,Hersteller,hauptrisiken,Risiken in Bezug auf Menschenrechte und ethische Beschaffung durch Konfliktmineralien in globalen Lieferketten,,Lieferkette,150,exakt,Geschaeftsbericht,,True,"Der Abbau und Handel dieser Mineralien birgt für Unternehmen mit komplexen globalen Lieferketten, darunter auch PALFINGER, Risiken in Bezug auf Menschenrechte und ethische Beschaffung."
PALFINGER AG,palfinger,2025,Hersteller,hauptrisiken,Zinsrisiko durch Wertänderungs- und Zinsergebnisrisiken,,Finanzierung,251,exakt,Geschaeftsbericht,,True,"Sich ändernde Zinssätze haben Einfluss auf den Wert von Finanzinstrumenten (vor allem bei langfristiger Zinsbindung) und auf das Zinsergebnis (Aufwendungen oder Ertrag), das aus den Finanzinstrumenten resultiert."
PALFINGER AG,palfinger,2025,Hersteller,hauptrisiken,"Fremdwährungsrisiken aus Forderungen, Verbindlichkeiten und internationalem Projektgeschäft",,Finanzierung,251,exakt,Geschaeftsbericht,,True,Die Fremdwährungsrisiken der PALFINGER AG resultieren primär aus Forderungen und Verbindlichkeiten in Fremdwährung gegenüber Konzerngesellschaften und aus dem internationalen Projektgeschäft.
PALFINGER AG,palfinger,2025,Hersteller,capex_ma_signale,Ausbau der Produktionsanlagen in Ormož und Pune bis 2027 geplant.,,,21,exakt,Geschaeftsbericht,,True,"Ausbau der Produktionsanlagen in Ormož, Slowenien (EMEA) und Pune, Indien (APAC) sowie Stärkung der Lieferkette und des Lieferantennetzwerks (Schwerpunkte Indien, China, USA und Mexiko)"
PALFINGER AG,palfinger,2025,Hersteller,capex_ma_signale,Minderheitsbeteiligung am norwegischen Marinekran-Hersteller Storm.,,,20,exakt,Geschaeftsbericht,,True,"Im Dezember erwarb PALFINGER einen Minderheitsanteil am norwegischen Hersteller von Marinekranen Storm. Ziel dieser strategischen Partnerschaft ist es, das Portfolio an Marinekranen zu erweitern und die Position im maritimen Bereich weiter zu stärken."
PALFINGER AG,palfinger,2025,Hersteller,capex_ma_signale,Veräußerung des Megarme-Geschäfts in Dubai und Hereinnahme eines Partners bei StrucInspect.,,,21,exakt,Geschaeftsbericht,,True,Schritte zu einer Verbesserung der Bilanzstruktur und Fokussierung der Ressourcenallokation wurden mit der Hereinnahme eines strategischen Mehrheitseigentümers an StrucInspect sowie der Veräußerung des Megarme-Geschäfts in Dubai erreicht.
PALFINGER AG,palfinger,2025,Hersteller,capex_ma_signale,"Grundstückskauf und Neubau eines Lackier- und Logistikzentrums in Ormož, Slowenien.",,,32,exakt,Geschaeftsbericht,,True,"Für das neue Lackier- und Logistikzentrum in Ormož, Slowenien (EMEA), wurde ein Grundstück erworben, die Gemeinde hat die ersten Bodenarbeiten bereits abgeschlossen. Der Baubeginn ist im 1. Quartal 2026 geplant."
PALFINGER AG,palfinger,2025,Hersteller,capex_ma_signale,"Geplanter Erwerb eines Grundstücks und Bau eines Montagewerks in Pune, Indien.",,,32,exakt,Geschaeftsbericht,,True,"In Indien (APAC) ist ein neues Montagewerk geplant. Die Übernahme eines dafür geeigneten Grundstücks in Pune steht kurz vor Abschluss. Die Planungsarbeiten für das Werk haben begonnen, ebenso wie die Vorbereitung für die Einholung der erforderlichen Genehmigungen für die Fabrik."
PALFINGER AG,palfinger,2025,Hersteller,capex_ma_signale,Investition in einen neuen Standort in München mit Baustart im 1. Quartal 2026.,,,28,exakt,Geschaeftsbericht,,True,"Die Eröffnung des Sales- und Service-Hub in Madrid, Spanien (EMEA), soll im 2. Quartal 2026 folgen. In München, Deutschland (EMEA), ist der Baustart für einen neuen Standort im 1. Quartal 2026 vorgesehen."
PALFINGER AG,palfinger,2025,Hersteller,capex_ma_signale,Veräußerung aller per Ende 2024 gehaltenen eigenen Aktien via beschleunigtes Privatplatzierungsverfahren im Juli 2025.,,,50,exakt,Geschaeftsbericht,,True,Sämtliche per 31.12.2024 gehaltenen eigenen Aktien wurden von der PALFINGER AG mittels beschleunigtem Privatplatzierungsverfahrens im Juli 2025 veräußert. PALFINGER hält zum 31. Dezember 2025 folglich keine eigenen Aktien mehr.
PALFINGER AG,palfinger,2025,Hersteller,capex_ma_signale,Bei Partnerschaften und Akquisitionen wird zur Risikominimierung eine gründliche Due-Diligence-Prüfung vorgenommen.,,,49,exakt,Geschaeftsbericht,,True,Aktives Vertragsmanagement mit Geschäftspartnern auf Vertriebs- sowie Einkaufsseite mitigiert das Risiko in Abhängigkeit der jeweiligen Verhandlungsposition. Bei Partnerschaften und Akquisitionen erfolgt eine gründliche Due-Diligence-Prüfung.
PALFINGER AG,palfinger,2025,Hersteller,capex_ma_signale,"Im Umweltziel Klimaschutz wurden taxonomiefaehige CapEx-Einzelmassnahmen in Energieeffizienz, Ladestationen und erneuerbare Energien erfasst.",,,86,exakt,Nachhaltigkeitsberichterstattung,,True,"Für das Umweltziel (1) Klimaschutz erfolgte die Erhebung der taxonomiefähigen Investitionen mithilfe des konzernweiten Reporting Systems. Die taxonomiefähigen CapEx-Einzelmaßnahmen sind dabei den wirtschaftlichen Tätigkeiten „7 .3 Installation, Wartung und Reparatur von energieeffizienten Geräten”"
PALFINGER AG,palfinger,2025,Hersteller,capex_ma_signale,Investitionen in Sachanlagevermögen im Zusammenhang mit Photovoltaikanlagen,,,91,exakt,Nachhaltigkeitsberichterstattung,,True,"Im Berichtsjahr ergaben sich somit konforme Investitionen aus Einzelmaßnahmen ausschließlich in Sachanlagevermögen (IAS 16) in Höhe von 1.227 TEUR (2024: 1.330 TEUR), das entspricht einem Anteil von 0,9 Prozent"
PALFINGER AG,palfinger,2025,Hersteller,capex_ma_signale,Installation von Ladestationen für Elektrofahrzeuge in Österreich und Deutschland,,,87,exakt,Nachhaltigkeitsberichterstattung,,True,"Installation, Wartung und Reparatur von Ladestationen für Elektrofahrzeuge in Gebäuden (und auf zu Gebäuden gehörenden Parkplätzen). Aufwendungen für neu installierte Ladestationen in Österreich und Deutschland"
PALFINGER AG,palfinger,2025,Hersteller,capex_ma_signale,Installation von Photovoltaikanlagen in Deutschland und Serbien sowie KWK in Rumänien,,,87,exakt,Nachhaltigkeitsberichterstattung,,True,"Installation, Wartung und Reparatur von Technologien für erneuerbare Energien vor Ort. Installation neuer PV-Anlagen in Deutschland und Serbien, sowie Kraft-Wärme-Kopplungs Applikation in Rumänien"
PALFINGER AG,palfinger,2025,Hersteller,capex_ma_signale,Investitionen in den Ausbau von Produktionskapazitäten in mehreren Ländern und Erwerb eines Grundstücks im Geschäftsjahr 2025.,,,222,exakt,Geschaeftsbericht,,True,"Die Zugänge betreffen im Wesentlichen Investitionen in den Ausbau von Produktionskapazitäten in Österreich, Slowenien, den USA, Rumänien und Bulgarien sowie den Erwerb eines Grundstücks in Slowenien."
PALFINGER AG,palfinger,2025,Hersteller,capex_ma_signale,Tilgung einer bedingten Gegenleistung für eine Minderheitsakquisition in Portugal sowie bestehende gestundete Kaufpreisforderung.,,,236,exakt,Geschaeftsbericht,,True,"Die bedingte Gegenleistung für die Minderheitsakquisition von Palfinger Portugal (Palfinger comércio e aluguer de máquinas, S.A.) in Höhe von 1.100 TEUR wurde in 2025 getilgt."
PALFINGER AG,palfinger,2025,Hersteller,capex_ma_signale,Aktivierung von selbst erstellten Entwicklungskosten im Geschäftsjahr 2025.,,,219,exakt,Geschaeftsbericht,,True,Als selbst erstellte immaterielle Vermögenswerte wurden von PALFINGER im Geschäftsjahr 2025 Entwicklungskosten in Höhe von 28.601 TEUR (Vorjahr: 28.286 TEUR) aktiviert.
PALFINGER AG,palfinger,2025,Hersteller,capex_ma_signale,Investitionsvolumen wird am Konzernumsatz bemessen; Weiterführung von mehrjährigen Großprojekten in der Mehrjahresplanung.,,,217,exakt,Geschaeftsbericht,,True,"Das Investitionsvolumen wird im Verhältnis zum Konzernumsatz geplant. Im Budget ist das Investitionsvolumen mit einzelnen Projekten hinterlegt, in den Folgejahren werden die mehrjährigen Großprojekte in der Planung fortgeführt."
Wienerberger AG,wienerberger,2025,Bau,strategische_prioritaeten,Positionierung als führender Komplettanbieter von Lösungen für die Gebäudehülle sowie für Energie- und Wassermanagement in der Infrastruktur,,,30,exakt,Geschaeftsbericht,,True,Unser Ziel ist die konsequente Steigerung der Wertschöpfung sowie unsere Positionierung als führender Komplettanbieter von Lösungen für die Gebäudehülle sowie für Energie- und Wassermanagement in der Infrastruktur .
Wienerberger AG,wienerberger,2025,Bau,strategische_prioritaeten,"Fokus auf Forschung und Entwicklung für Energieeffizienz, smarte Funktionalitäten und Nachhaltigkeitsziele",,,30,exakt,Geschaeftsbericht,,True,"Unser Ziel ist die Entwicklung von Lösungen, die einen umweltfreundlichen, schnellen und einfachen Einbau auf der Baustelle ermöglichen, zum Klimaschutz und zur Energieeffizienz von Gebäuden beitragen und spürbaren Mehrwert für unsere Kunden schaffen."
Wienerberger AG,wienerberger,2025,Bau,strategische_prioritaeten,Erreichung der Netto-Null-Emissionen bis 2050 und Umsetzung des Nachhaltigkeitsprogramms 2023–2026,,,56,exakt,Nachhaltigkeitsberichterstattung,,True,"Um dieses Ziel zu verwirklichen, setzen wir uns für den Klimaschutz ein und tragen dazu bei, die Vorgaben des europäischen Green Deal umzusetzen, mit dem klaren Ziel der Netto-Null-Emissionen bis 2050."
Wienerberger AG,wienerberger,2025,Bau,strategische_prioritaeten,Konzentration auf nachhaltige und klimafreundliche Produkte mit dem Ziel des Umsatzes aus Netto-Null-Gebäuden im Rahmen des Nachhaltigkeitsprogramms 2026,,,83,exakt,Nachhaltigkeitsberichterstattung,,True,"Die Anpassungsmaßnahmen stehen im Zusammenhang mit der Strategie und dem Geschäftsmodell von wienerberger , sich auf nachhaltige und klimafreundliche Produkte zu konzentrieren. Dies ist im Nachhaltigkeitsprogramm 2026 in Form des Ziels „Umsatz aus Netto-Null-Gebäuden” verankert."
Wienerberger AG,wienerberger,2025,Bau,strategische_prioritaeten,Systematische Reduktion von Treibhausgasemissionen und Wandel hin zu erneuerbaren Energien,,,86,exakt_nach_normalisierung,Nachhaltigkeitsberichterstattung,,True,"Systematische Reduktion der T reibhausgasemissionen im gesamten Tätigkeitsbereich, bei allen Produkten und in der gesamten Lieferkette, um ein Netto-Null-Niveau zu erreichen Wandel der Energiesysteme von wienerberger von der Abhängigkeit von fossilen Brennstoffen zu nachhaltigen und erneuerbaren Energiequellen"
Wienerberger AG,wienerberger,2025,Bau,strategische_prioritaeten,Gesundheit und Sicherheit als oberste Priorität durch strenge Konzepte und Präventivmaßnahmen,,,122,exakt,Geschaeftsbericht,,True,Gesundheit und Sicherheit haben bei wienerberger nach wie vor oberste Priorität. Strenge Konzepte und Präventivmaßnahmen sollen ein sicheres und unterstützendes Arbeitsumfeld für alle Mitarbeitenden schaffen.
Wienerberger AG,wienerberger,2025,Bau,wachstumsmaerkte,Zentral- und osteuropaeische Maerkte gelten wegen Nachholbedarfs langfristig als Wachstummaerkte,Europa uebrig,,52,exakt,Nachhaltigkeitsberichterstattung,,True,Die zentral- und osteuropäischen Märkte betrachtet wienerberger auch aufgrund des Nachholbedarfs im Wohnungsneubau und in der Infrastruktur langfristig als Wachstumsmärkte. Diese Märkte zeigen erfahrungsgemäß eine höhere Volatilität
Wienerberger AG,wienerberger,2025,Bau,hauptrisiken,Störungen der Lieferketten und Logistikströme sowie Versorgungsengpässe infolge geopolitischer Konflikte,,Lieferkette,47,exakt,Geschaeftsbericht,,True,Dieser Konflikt hat Auswirkungen auf wichtige Verkehrs- und Handelsströme. Seither ist neben Störungen entlang von Lieferketten und Logistikströmen eine erhöhte Volatilität an den globalen Rohstoff- und Energiemärkten zu beobachten.
Wienerberger AG,wienerberger,2025,Bau,hauptrisiken,"Preisanstiege bei Energie, Rohstoffen und Logistik durch geopolitische Konflikte",,Markt,47,exakt,Geschaeftsbericht,,True,"Für wienerberger kann dies zu deutlichen Preissteigerungen insbesondere in den Bereichen Energie, Rohstoffe und Logistik führen und in Versorgungsengpässen resultieren. wienerberger überwacht die Situation kontinuierlich und ergreift Maßnahmen, um die Versorgungssicherheit sicherzustellen."
Wienerberger AG,wienerberger,2025,Bau,hauptrisiken,Übergangsrisiken und physische Risiken infolge des Klimawandels und der Wende zu einer kohlenstoffarmen Wirtschaft,,Regulierung,48,exakt,Nachhaltigkeitsberichterstattung,,True,"Seit 2020 unterstützen wir daher die Empfehlungen der T ask Force on Climate-related Financial Disclosures (TCFD) in Bezug auf die Identifizierung, Analyse und Bewertung von physischen Risiken und Übergangsrisiken im Zusammenhang mit der Auswirkung der Wende zu einer kohlenstoffarmen Wirtschaft"
Wienerberger AG,wienerberger,2025,Bau,hauptrisiken,Abhaengigkeit von den Konjunkturzyklen der Bauindustrie und Nachfrageschwankungen,,Markt,52,exakt,Nachhaltigkeitsberichterstattung,,True,"Unvorteilhafte Entwicklungen einiger oder all dieser Einflussgrößen können einen negativen Einfluss auf die Nachfrage nach Produkten und Systemlösungen von wienerberger , die abgesetzten Mengen und das Preisniveau haben."
Wienerberger AG,wienerberger,2025,Bau,hauptrisiken,Preis- und Verfuegbarkeitsrisiken bei Rohstoffen und Zusatzstoffen,,Lieferkette,53,exakt_mehrdeutig,Nachhaltigkeitsberichterstattung,182,True,Neben dem Preisrisiko besteht auch ein Risiko aus der Versorgungssicherheit mit ausreichenden Rohstoffen. Eine Unterbrechung der Versorgung zieht unweigerlich einen Ausfall der Produktion nach sich.
Wienerberger AG,wienerberger,2025,Bau,hauptrisiken,Risiken aus geopolitischen Spannungen und Lieferkettenstoerungen,,Lieferkette,55,exakt_nach_normalisierung,Nachhaltigkeitsberichterstattung,,True,"Mögliche Risiken ergeben sich insbesondere aus Störungen internationaler Lieferketten, steigenden Energie- und Rohstoffpreisen, Handelsbeschränkungen oder erhöhten politischen Unsicherheiten in einzelnen Märkten."
Wienerberger AG,wienerberger,2025,Bau,hauptrisiken,Verschaerfte Vorschriften und politische Massnahmen zur Bekaempfung des Klimawandels,,Regulierung,55,exakt,Nachhaltigkeitsberichterstattung,,True,"Zu den zentralen Risiken zählt, dass Regierungen Vorschriften und politische Maßnahmen zur Bekämpfung des Klimawandels, wie z. B. Emissionsreduktionsziele, verabschieden könnten."
Wienerberger AG,wienerberger,2025,Bau,hauptrisiken,Risiken im Zusammenhang mit Cybersicherheit und IT-Ausfaellen,,Technologie,55,exakt,Nachhaltigkeitsberichterstattung,,True,Risiken eines Ausfalls unserer zentral geführten konzernweiten Datenverarbeitung aufgrund von Elementarereignissen oder Cyberangriffen werden durch parallele Installation der Systeme in räumlich getrennten Rechenzentren und Cloud-Lösungen vermindert.
Wienerberger AG,wienerberger,2025,Bau,hauptrisiken,Risiken bei M&A-Transaktionen durch kartellrechtliche Genehmigungsverfahren,,Regulierung,54,exakt_nach_normalisierung,Nachhaltigkeitsberichterstattung,,True,Abhängig von der Marktstellung in einzelnen Ländern sowie der Größe von beabsichtigten Akquisitionen unterliegen Transaktionen wettbewerbsrechtlichen Genehmigungsverfahren. Dadurch könnten sich bei Akquisitionen bzw. Zusammenschlüssen Verzögerungen bzw.
Wienerberger AG,wienerberger,2025,Bau,hauptrisiken,"Physische Klimarisiken und klimabedingte Gefahren für Vermögenswerte und Geschäftsaktivitäten über kurz-, mittel- und langfristige Zeithorizonte",,Markt,71,exakt,Nachhaltigkeitsberichterstattung,,True,"wienerberger hat eine Analyse der physischen Klimarisiken durchgeführt, um festzustellen, ob klimabedingte Gefahren Risiken für Vermögenswerte und Geschäftsaktivitäten über einen kurz- (bis 2030), mittel (bis 2040) und langfristigen Zeithorizont (bis 2050) darstellen könnten."
Wienerberger AG,wienerberger,2025,Bau,hauptrisiken,Vorschriften und Maßnahmen zur Bekämpfung des Klimawandels wie CO2-Bepreisung oder Strafen bei unzureichenden Investitionen,,Regulierung,84,exakt,Nachhaltigkeitsberichterstattung,,True,"Regierungen setzen Vorschriften und Maßnahmen zur Bekämpfung des Klimawandels um, zum Beispiel Emissionsreduktionsziele; die Einführung zusätzlicher CO2-Bepreisungsmechanismen oder -Steuern kann zur Erhöhung der Produktionskosten führen, die Gesamtrentabilität bedrohen und Investitionszyklen beschleunigen"
Wienerberger AG,wienerberger,2025,Bau,hauptrisiken,Veränderung von Verbraucherpräferenzen und Marktnachfrage weg von traditionellen Ziegeln hin zu energieeffizienten Baustoffen,,Markt,84,exakt,Nachhaltigkeitsberichterstattung,,True,"Das Bewusstsein für den Klimawandel und Überlegungen zur Nachhaltigkeit können die Verbraucherpräferenzen und die Marktnachfrage beeinflussen – es könnte zu einer Verlagerung hin zu umweltfreundlichen und energieeffizienten Baustoffen kommen, was die Nachfrage nach traditionellen Ziegeln möglicherweise beeinträchtigt."
Wienerberger AG,wienerberger,2025,Bau,hauptrisiken,Erhöhte Volatilität der Energiepreise infolge des Übergangs zu erneuerbaren Energien und CO2-Bepreisung,,Markt,84,exakt,Nachhaltigkeitsberichterstattung,,True,Der Übergang zu erneuerbaren Energiequellen und die CO2-Bepreisung können zu einer erhöhten Volatilität der Energiepreise führen; die Ziegelherstellung ist energieintensiv und unerwartete Schwankungen der Energiekosten können sich auf die Betriebsausgaben des Unternehmens auswirken
Wienerberger AG,wienerberger,2025,Bau,hauptrisiken,Begrenztes Angebot und erhöhte Kosten bei gesetzlich verpflichtender Verwendung von recyceltem Kunststoff,,Lieferkette,85,exakt,Nachhaltigkeitsberichterstattung,,True,Änderung der Gesetzgebung in Richtung der verpflichtenden Verwendung von recyceltem Kunststoff EU/NA Erhöhte Kosten aufgrund eines begrenzten Angebots
Wienerberger AG,wienerberger,2025,Bau,hauptrisiken,"Erhöhung des allgemeinen Zinsniveaus, Verschlechterung des Kreditratings oder Nichteinhaltung von Covenants mit Auswirkung auf Finanzierungskosten und Kreditfälligstellung",,Finanzierung,209,exakt,Geschaeftsbericht,,True,"Sollte sich das allgemeine Zinsniveau erhöhen, das Rating der Gruppe verschlechtern oder Covenants nicht eingehalten werden, können die zu zahlenden Zinsen durch höhere Referenzzinssätze oder höhere Kreditrisikoaufschläge steigen und höhere Finanzierungskosten sowie einen geringeren Cashflow verursachen."
Wienerberger AG,wienerberger,2025,Bau,hauptrisiken,Sammelklagen wegen Kartellrechtsverstößen und DOJ-Untersuchung gegen PipeLife Jet Stream,,Regulierung,215,exakt,Geschaeftsbericht,,True,"Zusammen mit anderen, deutlich größeren Marktteilnehmern wurde PipeLife Jet Stream, Inc. in mehreren Sammelklagen vor dem United States District Court for the Northern District of Illinois als Beklagte benannt. In den Klagen werden Verstöße gegen Kartellgesetze geltend gemacht."
Wienerberger AG,wienerberger,2025,Bau,capex_ma_signale,Investitionen in moderne Rohrproduktionsstätten zur Stärkung der technologischen Führerschaft,,,7,exakt,Geschaeftsbericht,,True,Investitionen in unseren modernen industriellen Footprint – darunter unsere hochinnovative Rohrproduktionsstätte in Schweden – unterstreichen unser Bekenntnis zu technologischer Führerschaft und nachhaltigen Infrastrukturlösungen.
Wienerberger AG,wienerberger,2025,Bau,capex_ma_signale,Evaluierung der Italcer-Gruppe als potenzielles Akquisitionsziel,,,8,exakt_nach_normalisierung,Geschaeftsbericht,,True,Im Dezember 2025 fanden zudem strategische Beratungen mit dem Management im Hinblick auf die Evaluierung der Italcer- Gruppe als mögliches Akquisitionsziel statt.
Wienerberger AG,wienerberger,2025,Bau,capex_ma_signale,Übernahme der Italcer Group im Jahr 2026 vereinbart,,,47,exakt,Geschaeftsbericht,,True,"Am 24. Februar 2026 hat wienerberger eine verbindliche Vereinbarung zum Erwerb von Italcer unterzeichnet, einem führenden Hersteller hochwertiger keramischer Lösungen mit Produktionsstandorten in Italien und Spanien. Der Abschluss der T ransaktion wird – vorbehaltlich der behördlichen Genehmigungen – im zweiten Quartal 2026 erwartet."
Wienerberger AG,wienerberger,2025,Bau,capex_ma_signale,Ausgaben für Unternehmensakquisitionen beliefen sich 2025 auf EUR 24 Mio,,,42,exakt,Geschaeftsbericht,,True,Im Geschäftsjahr 2025 beliefen sich die Ausgaben für Unternehmensakquisitionen auf EUR 24 Mio (2024: EUR 637 Mio). Alle T ransaktionen standen in vollem Einklang mit den strategischen und finanziellen Kriterien des Konzerns und konzentrierten sich auf wertsteigerndes Wachstum ohne Beeinträchtigung der Bilanzstärke.
Wienerberger AG,wienerberger,2025,Bau,capex_ma_signale,Übernahme von MFP Ltd. zur Stärkung der Rohrplattform,,,42,exakt_nach_normalisierung,Geschaeftsbericht,,True,"In Irland und Großbritannien wurde durch die Übernahme von MFP Ltd., einem Spezialisten für Entwässerungs-, Dachrinnen- und Kabelkanalsysteme, die Plattform für Rohrlösungen und die regionale Präsenz weiter gestärkt."
Wienerberger AG,wienerberger,2025,Bau,capex_ma_signale,Erwerb der verbleibenden Anteile an GSE Integration,,,42,exakt,Geschaeftsbericht,,True,"Darüber hinaus wurden EUR 24 Mio für den Erwerb von nicht beherrschenden Anteilen (2024: EUR 0 Mio) aufgewendet, die sich auf die verbleibende Beteiligung an GSE Integration (GSEi) beziehen."
Wienerberger AG,wienerberger,2025,Bau,capex_ma_signale,Rentabilitaetsabhaengigkeit bei Akquisitions- und Wachstumsinvestitionen,,,54,exakt,Nachhaltigkeitsberichterstattung,,True,Zur Steigerung des wienerberger Unternehmenswerts werden neben der laufenden Optimierung (Operational Excellence) Produktinnovationen sowie interne und externe Wachstumsprojekte durchgeführt. Die zukünftige Rentabilität dieser Projekte ist in hohem Maße von
Wienerberger AG,wienerberger,2025,Bau,capex_ma_signale,Ganzheitlicher Ansatz des Managements im Umgang mit Risiken und Chancen umfasst Fusionen und Übernahmen (M&A) sowie den Ausbau des Werksnetzes.,,,60,exakt,Nachhaltigkeitsberichterstattung,,True,"Bei Minderung von Risiken und Nutzung von Chancen wählt das Management von wienerberger einen ganzheitlichen Ansatz, der die Bereiche Produktentwicklung, Fusionen und Übernahmen (Mergers and Acquisitions, M&A), Ausbau des Werksnetzes und Auswahl der Energieträger sowie eine breite Palette an Initiativen"
Wienerberger AG,wienerberger,2025,Bau,capex_ma_signale,Rückgang des CapEx-Anteils nach der Terreal-Übernahme im Vorjahr und Ausbleiben vergleichbarer Zukäufe im Jahr 2025,,,82,exakt,Nachhaltigkeitsberichterstattung,,True,"Der taxonomiekonforme Anteil der CapEx im Berichtszeitraum erreichte 50,8 % des gesamten CapEx (2024: 81,1 %). Der Betrag für 2024 ist aufgrund der Übernahme von T erreal, dessen Dachproduktion eine taxonomiekonforme Geschäftstätigkeit war , erhöht. Im Jahr 2025 erfolgte keine Akquisition. in diesem Ausmaß."
Wienerberger AG,wienerberger,2025,Bau,capex_ma_signale,Auszahlungen für Investitionen in Sachanlagen und immaterielle Vermögenswerte sowie Netto-Auszahlungen für Akquisitionen im Geschäftsjahr 2025,,,159,exakt,Geschaeftsbericht,,True,Auszahlungen für Investitionen in Sachanlagen und immaterielle Vermögenswerte 18 –281 –312 Auszahlungen für Investitionen in Finanzanlagen – –2 Dividendenzahlungen von assoziierten Unternehmen und Gemeinschaftsunternehmen 1 2 Veränderungen von Wertpapieren und sonstigen finanziellen Vermögenswerten 45 –10 Netto-Auszahlungen für Unternehmensakquisitionen
Wienerberger AG,wienerberger,2025,Bau,capex_ma_signale,"Schrittweiser Ersatz von Produktionslinien, Maschinen und Anlagen zur Erreichung von Klimazielen durch nachhaltigere Alternativen",,,184,exakt,Geschaeftsbericht,,True,"Um die Klimaziele zu erreichen, ersetzt wienerberger ausgewählte Produktionslinien, Maschinen und sonstigen Anlagen schrittweise durch effizientere und nachhaltigere Alternativen. Diese Erneuerungen erfolgen in der Regel gegen Ende der Nutzungsdauer einer Anlage."
Wienerberger AG,wienerberger,2025,Bau,capex_ma_signale,Bestehende vertragliche Verpflichtungen zum Kauf von Sachanlagen zum Stichtag,,,184,exakt,Geschaeftsbericht,,True,Zum Abschlussstichtag bestanden Verpflichtungen zum Kauf von Sachanlagen in Höhe von EUR 45 Mio (2024: EUR 27 Mio).
Wienerberger AG,wienerberger,2025,Bau,capex_ma_signale,Mittel- bis langfristige Veräußerungsabsicht für nicht betriebsnotwendige Liegenschaften und Gebäude,,,184,exakt,Geschaeftsbericht,,True,"wienerberger stuft Liegenschaften und Gebäude, die nicht im laufenden Geschäftsbetrieb eingesetzt werden, als Finanzinvestition gehaltene Immobilien ein und sieht diese mittel- bis langfristig zur Veräußerung vor ."
Strabag SE,strabag,2025,Bau,strategische_prioritaeten,Steigerung der nachhaltigen EBIT-Marge auf 6 % bis 2030 im Rahmen der Strategie People. Planet. Progress.,,,21,exakt,Nachhaltigkeitsberichterstattung,,True,"Wir sind überzeugt, dass uns People. Planet. Progress. auch wirtschaftlich erfolgreicher macht: Bis zum Jahr 2030 streben wir daher eine EBIT-Marge von nachhaltig 6 % an."
Strabag SE,strabag,2025,Bau,strategische_prioritaeten,Dekarbonisierung des Konzerns und Reduktion der Treibhausgasemissionen bis 2030,,,25,exakt,Nachhaltigkeitsberichterstattung,,True,"Auf Basis der konzernweiten Energieverbräuche wurden bestimmte Handlungsfelder definiert, um unsere Emissionen bis 2030 deutlich zu senken. Konkret streben wir an: – Reduktion der Scope 1- und 2-Emissionen um 42 % – Reduktion der Scope 3-Emissionen um 25 %"
Strabag SE,strabag,2025,Bau,strategische_prioritaeten,Erhaltung der Kapitalkraft mit einer Mindesteigenkapitalquote von 25 %,,,34,exakt,Geschaeftsbericht,,True,Die Erhaltung unserer Kapitalkraft hat für uns daher strategische Priorität. Wir verfolgen eine Eigenkapitalquote von zumindest 25 %.
Strabag SE,strabag,2025,Bau,strategische_prioritaeten,Steigerung des Frauenanteils im Management um 6 % jährlich,,,77,exakt_nach_normalisierung,Geschaeftsbericht,,True,"Gemäß der EDI-Strategie soll der Anteil von Frauen in Management jährlich um 6 % gesteigert werden, insbesondere durch interne Beförderungen."
Strabag SE,strabag,2025,Bau,strategische_prioritaeten,Reduktion von Treibhausgasemissionen bis 2030 und Erreichung der Klimaneutralität bis 2040,,,105,exakt,Nachhaltigkeitsberichterstattung,,True,Bis zum Jahr 2030 sollen unsere Scope 1- und Scope 2-Emissionen um 42 % und unsere Scope 3-Emissionen um 25 % reduziert und bis 2040 Klimaneutralität erreicht werden.
Strabag SE,strabag,2025,Bau,strategische_prioritaeten,Kreislaufwirtschaft und Expertise im Energiesektor als strategische Geschäftsmodelle ausbauen,,,137,exakt,Nachhaltigkeitsberichterstattung,,True,Kreislauffähiges Bauen und Expertise im Energiesektor werden dabei eine zentrale Rolle spielen. Aus diesem Grund hat die STRABAG diese Bereiche als strategische Kernthemen definiert und wird betreffende Geschäftsmodelle weiter ausbauen.
Strabag SE,strabag,2025,Bau,strategische_prioritaeten,Konzernweite Implementierung des Social Compliance Management-Systems und Einhaltung von Sorgfaltspflichten,,,193,exakt,Nachhaltigkeitsberichterstattung,,True,"Für das Fokusthema „Menschenrechte entlang der Wertschöpfungskette“ sind die konzernweite Implementierung des Social Compliance Management-Systems (SCMS), die Einhaltung von Menschenrechten sowie die Erfüllung unserer unternehmerischen Sorgfaltspflichten als strategische Ziele festgehalten."
Strabag SE,strabag,2025,Bau,strategische_prioritaeten,Verstärktes Bauen im Energiesektor mit Schwerpunkt auf erneuerbarer Energie- bzw. Wärmeerzeugung und Speicherung,,,272,exakt,Geschaeftsbericht,,True,Im Rahmen der Konzernstrategie 2030 beabsichtigt STRABAG u. a. verstärkt im Energiesektor zu bauen. Erneuerbare Energie- bzw. Wärmeerzeugung sowie deren Speicherung stehen dabei im Vordergrund.
Strabag SE,strabag,2025,Bau,wachstumsmaerkte,Ausbaubedarf und Nachfrage nach Mobilitätsinfrastruktur in Zentral- und Osteuropa,Europa uebrig,,27,exakt,Geschaeftsbericht,,True,"Während die Verkehrsnetze in reifen Märkten zunehmend überaltern, besteht in Zentral- und Osteuropa noch erheblicher Ausbaubedarf. Die Nachfrage nach nachhaltiger, sicherer und intelligenter Mobilitätsinfrastruktur nimmt rasant zu."
Strabag SE,strabag,2025,Bau,wachstumsmaerkte,Öffentliche Investitionen treiben den Modernisierungsbedarf der Infrastruktur in Deutschland voran,DACH,,27,exakt_nach_normalisierung,Geschaeftsbericht,,True,"Substanzielle öffentliche Investitionen, wie Deutschlands € 500 Mrd.-Modernisierungsoffensive und Mittel aus dem EU- Kohäsionsfonds, kommen den Kernmärkten von STRABAG zugute."
Strabag SE,strabag,2025,Bau,wachstumsmaerkte,"Die STRABAG plant, ihre Präsenz im Markt Oman mit dem Bau eines neuen Headquarters in Maskat weiter zu stärken.",Naher Osten,,230,exakt,Geschaeftsbericht,,True,Mit dem geplanten Bau eines eigenen Headquarters im Westen Maskats soll die Präsenz im strategisch wichtigen Markt Oman weiter gestärkt werden.
Strabag SE,strabag,2025,Bau,wachstumsmaerkte,In Polen wird durch die Freigabe von EU-Mitteln eine spürbare Belebung und zusätzliche Großprojekte im Infrastrukturbereich erwartet.,Europa uebrig,,263,exakt,Geschaeftsbericht,,True,"In Polen hat die Freigabe der EU-Fördermittel zu einer spürbaren Belebung der staatlichen Investitionstätigkeit geführt, insbesondere im Bereich der Mobilitätsinfrastruktur."
Strabag SE,strabag,2025,Bau,wachstumsmaerkte,Rumänien gilt als vielversprechender Wachstumsmarkt mit erheblichem Infrastrukturbedarf.,Europa uebrig,,264,exakt,Geschaeftsbericht,,True,"Rumänien gilt weiterhin als vielversprechender Wachstumsmarkt mit erheblichem Infrastrukturbedarf, der teilweise durch EU-finanzierte Investitionen unterstützt wird. Belastend wirken derzeit vor allem fiskalpolitische Maßnahmen zur Reduzierung des Haushaltsdefizits."
Strabag SE,strabag,2025,Bau,wachstumsmaerkte,"Deutliches Wachstum der Ausschreibungsvolumina im tschechischen Verkehrswegebau, insbesondere im Bahnbau.",Europa uebrig,,264,exakt,Geschaeftsbericht,,True,"Im tschechischen Verkehrswegebau ist ein deutliches Wachstum der Ausschreibungsvolumina zu beobachten. Insbesondere im Bahnbau zeigt sich eine positive Marktdynamik, in der für 2026 weitere Ausschreibungen in Höhe von rund € 3,6 Mrd. vorgesehen sind."
Strabag SE,strabag,2025,Bau,hauptrisiken,Risiken durch angespannte Lieferketten und dynamische Baustoffpreisentwicklungen,,Lieferkette,34,teilweise,Geschaeftsbericht,,True,Denn in Zeiten angespannter Lieferketten sichert uns beispielsweise unser dichtes das die Verfügbarkeit benötigter Materialien und wirkt ausgleichend bei dynamischen Preisentwicklungen.
Strabag SE,strabag,2025,Bau,hauptrisiken,Erhöhtes Risikopotenzial durch die Einzigartigkeit von Bauprojekten,,Markt,34,exakt,Geschaeftsbericht,,True,"Denn die Vielzahl der – jedes für sich – einzigartigen Projekte bringt ein erhöhtes Risikopotenzial mit sich. Um dieses unter Kontrolle zu halten, bedarf es einer konsequent darauf ausgerichteten Organisationsstruktur"
Strabag SE,strabag,2025,Bau,hauptrisiken,Regulatorische Anforderungen und Mandate der EU,,Regulierung,114,exakt,Nachhaltigkeitsberichterstattung,,True,"Mandate der Europäischen Union (EU) wie der Circular Economy Action Plan, die europäische Entwaldungsverordnung (EUDR), die europäische Lieferkettenrichtlinie (CSDDD) oder produktspezifische Verordnungen wie die Baustoffverordnung, Ökodesign-Richtlinie und die EU-Gebäuderichtlinie (EPBD) bringen veränderte Anforderungen mit sich"
Strabag SE,strabag,2025,Bau,hauptrisiken,Steigende Rohstoff- und Energiekosten,,Markt,114,exakt_nach_normalisierung,Nachhaltigkeitsberichterstattung,,True,"Transitorische Auswirkungen für Bauunternehmen aufgrund steigender Rohstoff- und Energiepreise können stark variieren. Anhand der Szenarien der Internationalen Energieagentur (IEA) und des World Economic Outlook (WEO) lässt sich ableiten, dass bis 2050 bestimmte Rohstoffe nicht in ausreichender Menge verfügbar sein werden"
Strabag SE,strabag,2025,Bau,hauptrisiken,Verletzungen gegen das Verbot von Zwangsarbeit und daraus resultierende Lieferkettenstörungen,,Lieferkette,195,exakt,Nachhaltigkeitsberichterstattung,,True,"Verletzungen gegen das Verbot von Zwangsarbeit können ein finanzielles Risiko darstellen, etwa durch die Notwendigkeit, Geschäftsbeziehungen unmittelbar zu beenden, was zu Störungen in der Lieferkette führen kann."
Strabag SE,strabag,2025,Bau,hauptrisiken,Zyklische Schwankungen und konjunkturelle Risiken in der Bauindustrie,,Markt,270,exakt,Geschaeftsbericht,,True,"Die gesamte Bauindustrie ist zyklischen Schwankungen unterworfen und reagiert regional und nach Sektoren unterschiedlich stark. Die allgemeine wirtschaftliche Entwicklung, die Entwicklung der Baumärkte, die Wettbewerbssituation, aber auch die Verhältnisse auf den Kapitalmärkten und die technologischen Veränderungen"
Strabag SE,strabag,2025,Bau,hauptrisiken,"Zins-, Währungsänderungs-, Kredit- und Liquiditätsrisiken",,Finanzierung,271,exakt,Geschaeftsbericht,,True,"STRABAG unterliegt hinsichtlich ihrer Vermögenswerte, Verbindlichkeiten und geplanten Transaktionen Zins-, Währungsänderungs-, Kredit- und Liquiditätsrisiken. Ziel des finanziellen Risikomanagements ist es, diese Risiken durch laufende finanzorientierte Aktivitäten zu begrenzen."
Strabag SE,strabag,2025,Bau,hauptrisiken,Unterbrechungen der Bautätigkeit und Enteignungen durch politische Instabilität,,Regulierung,272,exakt,Geschaeftsbericht,,True,"Der Konzern ist u. a. in Ländern tätig, die Schauplätze politischer Instabilität sind. Unterbrechungen der Bautätigkeit sowie Restriktionen auf Eigentum ausländischer Investor:innen bis hin zur Enteignung könnten die Folge politischer Veränderungen sein"
Strabag SE,strabag,2025,Bau,hauptrisiken,Kredit- und Ausfallrisiken aus Zahlungsverpflichtungen von Vertragsparteien aus dem operativen Geschaeft,,Finanzierung,386,exakt,Geschaeftsbericht,,True,"Ausfallrisiken entstehen, wenn Vertragsparteien ihren Zahlungsverpflichtungen zum Fälligkeitszeitpunkt nicht nachkommen. Ein solches Risiko besteht in Bezug auf die Bezahlung von Forderungen aus dem operativen Geschäft."
Strabag SE,strabag,2025,Bau,hauptrisiken,"Finanzielle Kredit-, Markt- und Liquiditaetsrisiken bezueglich Vermoegenswerten und Verbindlichkeiten",,Markt,379,exakt,Geschaeftsbericht,,True,"Der STRABAG SE-Konzern unterliegt hinsichtlich seiner finanziellen Vermögenswerte, finanziellen Verbindlichkeiten und geplanten Transaktionen Kredit-, Markt- und Liquiditätsrisiken. Ziel des finanziellen Risikomanagements ist es, diese Risiken durch laufende finanzorientierte Aktivitäten zu begrenzen."
Strabag SE,strabag,2025,Bau,hauptrisiken,Branchenuebliche Marktpreisrisiken,,Markt,379,exakt,Geschaeftsbericht,,True,"Die Gruppe unterliegt mit ihrer Geschäftstätigkeit branchenüblichen Marktpreisrisiken, die nicht über Derivate oder Finanzinstrumente, sondern über andere Sicherungsmaßnahmen wie insbesondere vertragliche Vereinbarungen abgesichert werden."
Strabag SE,strabag,2025,Bau,hauptrisiken,Zinsrisiko durch sinkende Ertragszinsen bei aktivseitigen bzw. steigende Aufwandszinsen bei variabel verzinsten passivseitigen Instrumenten,,Finanzierung,380,exakt,Geschaeftsbericht,,True,Das Risiko der aktivseitigen Finanzinstrumente besteht in sinkenden Ertragszinsen. Die anhaltenden hohen Zinsen in den wesentlichen Konzernländern haben aufgrund der Net-Cash-Position des Konzerns einen positiven Effekt auf das Zinsergebnis.
Strabag SE,strabag,2025,Bau,capex_ma_signale,Verfolgung von Partnerschaften und Akquisitionen zur Etablierung neuer Technologien,,,24,exakt,Nachhaltigkeitsberichterstattung,,True,"Dafür entwickeln wir eigene Innovationen zur Marktreife, verfolgen Partnerschaften und Akquisitionen und stärken konzernweit Kompetenzen, vor allem im Bereich Daten."
Strabag SE,strabag,2025,Bau,capex_ma_signale,Finanzielle Stärke als Grundlage für Akquisitionen und Beteiligungen an Konzessionsprojekten,,,34,exakt,Geschaeftsbericht,,True,"Sie trägt auch entscheidend dazu bei, Geschäftschancen flexibel wahrnehmen zu können, etwa die oder die Umsetzung von Akquisitionen. Die Erhaltung unserer Kapitalkraft hat für uns daher strategische Priorität."
Strabag SE,strabag,2025,Bau,capex_ma_signale,Verstärkte Investitionen in emissionsarme Technologien und Ausbau von partnerschaftlichen Wertschöpfungsketten geplant,,,105,exakt,Nachhaltigkeitsberichterstattung,,True,Geplant sind zudem verstärkte Investitionen in emissionsarme Technologien und der Ausbau von Partnerschaften zur Förderung nachhaltiger Wertschöpfungsketten
Strabag SE,strabag,2025,Bau,capex_ma_signale,Rückgang der taxonomiekonformen Investitionen im Wesentlichen bedingt durch geringere Ausgaben für Investment Property,,,133,exakt,Nachhaltigkeitsberichterstattung,,True,Der taxonomiekonforme CapEx betrifft im Wesentlichen den Erwerb von Investment Property. Der rückläufige taxonomiekonforme CapEx ist daher im Wesentlichen auf geringere Immobilieninvestitionen zurückzuführen.
Strabag SE,strabag,2025,Bau,capex_ma_signale,"Im Geschäftsjahr 2025 fielen die Netto-Investitionen wegen M&A-Verschiebungen mit 813,35 Mio. Euro geringer aus als die ursprünglich prognostizierten bis zu 1.400 Mio. Euro.",,,254,exakt,Geschaeftsbericht,,True,"STRABAG hatte für das Geschäftsjahr 2025 Netto-Investitionen (Cashflow aus der Investitionstätigkeit) in Höhe von bis zu € 1.400 Mio. prognostiziert. Letztendlich fielen diese aufgrund von zeitlichen Verschiebungen bei M&A-Projekten mit € 813,35 Mio. niedriger als erwartet aus."
Strabag SE,strabag,2025,Bau,capex_ma_signale,"Zusatzinvestitionen flossen schwerpunktmäßig in das Baustoffnetzwerk sowie den Bahn- und Spezialtiefbau, daneben gab es Ersatzinvestitionen in mehreren Kernmärkten.",,,254,exakt,Geschaeftsbericht,,True,"Bei den Investitionen fallen insbesondere Ersatzinvestitionen im Flächengeschäft in Deutschland, Tschechien, Österreich und Polen ins Gewicht. Der Schwerpunkt der Zusatzinvestitionen lag auf dem Baustoffnetzwerk, dem Bahnbau und dem Spezialtiefbau in unterschiedlichen Ländern."
Strabag SE,strabag,2025,Bau,capex_ma_signale,STRABAG übernahm in Polen das Unternehmen ZABERD zur Stärkung der Marktstellung in der Straßeninstandhaltung.,,,263,exakt,Geschaeftsbericht,,True,Mit der Übernahme von ZABERD konnte sich STRABAG zudem als führendes Unternehmen im Bereich der Straßeninstandhaltung positionieren.
Strabag SE,strabag,2025,Bau,capex_ma_signale,"Prognose von bis zu 1,4 Mrd. Euro Netto-Investitionen für Baumaschinen und geplante Akquisitionen im Jahr 2026.",,,278,exakt,Geschaeftsbericht,,True,Die Netto-Investitionen (Cashflow aus der Investitionstätigkeit) 2026 werden mit höchstens € 1.400 Mio. prognostiziert und spiegeln insbesondere den Erwerb von Baumaschinen sowie geplante Akquisitionen im Rahmen der Strategie 2030 wider.
Strabag SE,strabag,2025,Bau,capex_ma_signale,Erwerb der WTE Wassertechnik GmbH zur Erweiterung des Leistungsangebots im Bereich Wasserinfrastruktur.,,,307,exakt,Geschaeftsbericht,,True,"Mit Abtretungsvertrag vom 18.6.2025 hat STRABAG 100 % der Anteile der WTE Wassertechnik GmbH, Essen, erworben. Die WTE-Gruppe plant, finanziert, baut und betreibt Projekte in den Bereichen Abwassermanagement, Wasserversorgung, Klärschlammbehandlung und Energierückgewinnung"
Strabag SE,strabag,2025,Bau,capex_ma_signale,Mehrheitserwerb der indischen Gesellschaft Orbittal Electromech Engineering Projects Private Limited.,,,306,exakt,Geschaeftsbericht,,True,"Mit Abtretungsvertrag vom 24.12.2025 hat STRABAG die in Indien ansässige Orbittal Electromech Enigneering Projects Private Limited, Pune, erworben. Die Gesellschaft erbringt im TGA-Bereich mit eigener Produktion einen Jahresumsatz von rund € 45 Mio."
Strabag SE,strabag,2025,Bau,capex_ma_signale,Erwerb von 100 % der Anteile an der Gebr. Stumpp GmbH & Co. KG.,,,307,exakt,Geschaeftsbericht,,True,"Mit Abtretungsvertrag vom 17.7.2025 hat STRABAG 100 % der Anteile an der Gebr. Stumpp GmbH & Co. KG, Balingen, erworben. Die Stumpp-Gruppe ist auf Straßen- und Tiefbau spezialisiert, einschließlich Erdarbeiten, Kanal- und Leitungsbau."
Strabag SE,strabag,2025,Bau,capex_ma_signale,Investitionen in Sachanlagen und immaterielle Vermoegenswerte sowie Investment Property im Geschaeftsjahr 2025,,,391,exakt,Geschaeftsbericht,,True,Investitionen in Sachanlagen und immaterielle Vermögenswerte 0 0 0 738.349 0 738.349 Investitionen in Investment Property 0 0 113.774 0 0 113.774
Porr AG,porr,2025,Bau,strategische_prioritaeten,"Marktführerschaft bei ressourcenbewusstem, kreislauffähigem Bauen und nachhaltige Profitabilität",,,31,exakt_nach_normalisierung,Nachhaltigkeitsberichterstattung,,True,"Die PORR möchte Marktführerin bei ressourcenbewusstem, kreislauffähi gem Bauen sein. Dafür setzt sie auf partnerschaft- liche Zusammenarbeit, eine schlanke Organisation und effiziente Prozesse, um langfristige Profitabilität zu sichern und gleichzeitig einen nachhaltigen Mehrwert für alle Stakeholder und die Gesell- schaft zu schaffen."
Porr AG,porr,2025,Bau,strategische_prioritaeten,Intelligentes Wachstum und Top-3-Position in allen Heimmärkten mit Fokus auf Profitabilität,,,31,exakt,Nachhaltigkeitsberichterstattung,,True,"Durch innovative Produkte und neue Technologien will die PORR intelligent wachsen und ihre Marktanteile in allen Heimmärkten sichern. Das Ziel lautet, jeweils zu den Top 3 Bauunternehmen zu gehören. Der Fokus liegt dabei klar auf der Bottom-Line, um eine nachhaltige Profitabilität mit einer EBIT-Marge von über 3,5 % zu gewährleisten."
Porr AG,porr,2025,Bau,strategische_prioritaeten,Arbeit nach LEAN-Prinzipien und Vorantreiben von Digitalisierung und Automatisierung,,,31,exakt_nach_normalisierung,Nachhaltigkeitsberichterstattung,,True,"Die PORR arbeitet nach LEAN Prinzipien, wobei LEAN Construction auf der Bau - stelle mit LEAN Administration in der Organisation kombiniert wird, um schlanke, flexible und kosteneffiziente Strukturen zu gewährleisten."
Porr AG,porr,2025,Bau,strategische_prioritaeten,Reduktion von Treibhausgasemissionen und Ressourceneffizienz,,,34,exakt_nach_normalisierung,Nachhaltigkeitsberichterstattung,,True,"Dieses Handlungsfeld adressiert die Reduktion von Treibhaus - gasemissionen und den effizienten Einsatz von Energie und Ressourcen entlang der Wertschöpfungskette. Im Mittelpunkt stehen die schrittweise Dekarbonisierung emissionsintensiver Prozesse und Materialien, der Ausbau erneuerbarer Energien sowie eine effiziente Energie- und Ressourcennutzung."
Porr AG,porr,2025,Bau,strategische_prioritaeten,Deutliche Erhöhung des Frauenanteils bis 2030,,,49,exakt_nach_normalisierung,Nachhaltigkeitsberichterstattung,,True,Im Zuge ihrer Nachhaltigkeitsstrategie hat die PORR für 2030 mehrere Ziele zu den erwähnten Dimensionen formuliert. Eines davon ist die deutliche Erhöhung des Frauenanteils im Unter - nehmen und auf den Führungsebenen.
Porr AG,porr,2025,Bau,strategische_prioritaeten,Dekarbonisierung bis 2030 über sieben strategische Hebel,,,81,exakt,Nachhaltigkeitsberichterstattung,,True,"Für die Umsetzung des Dekarbonisierungsplans bilden sieben strategische Hebel den strukturellen Rahmen, über den die identifizierten Emissionsquellen systematisch adressiert und die priorisierten Maßnahmen gruppenweit umgesetzt werden."
Porr AG,porr,2025,Bau,strategische_prioritaeten,Klimaanpassung und Resilienz als strategisches Handlungsfeld,,,94,exakt_nach_normalisierung,Nachhaltigkeitsberichterstattung,,True,"Zur Umsetzung dieses Anspruchs wurden folgende strategische Handlungsfelder definiert: – Reduzierung der Effekte von Klimarisiken: Entwicklung resilienter Infrastrukturen sowie verstärkte Berücksichtigung klimabedingter Risiken in Planung, Bauausführung und Betrieb."
Porr AG,porr,2025,Bau,strategische_prioritaeten,Gruppenweiter Wissensaufbau im Bereich Corporate Sustainability zur Foerderung der Dekarbonisierung,,,98,exakt,Geschaeftsbericht,,True,"Im Jahr 2026 wird der gruppenweite Wissensaufbau zur Dekarbonisierung fortgeführt und strukturell weiterentwickelt. Zusätzlich ist vorgesehen, entsprechende Schulungsformate breiter zugänglich zu machen und konzernweit zur Verfügung zu stellen."
Porr AG,porr,2025,Bau,strategische_prioritaeten,"Etablierung eines gruppenweiten, umfassenden Schulungskonzepts bis 2030",,,98,exakt,Geschaeftsbericht,,True,"Bis 2030 soll ein gruppenweites, umfassendes und zielgruppenorientiertes Schulungskonzept etabliert sein, das allen Mitarbeitendengruppen zugänglich ist und die operative Umsetzung der ESG-Ziele unterstützt."
Porr AG,porr,2025,Bau,strategische_prioritaeten,Förderung des Kompetenzaufbaus von Führungskräften im Rahmen der Strategie 2030,,,142,exakt,Geschaeftsbericht,,True,"Bis 2030 sollen gruppenweit mindestens 90,0 % der Führungskräfte vier Module der Leadership Academy absolviert haben. Dieses Ziel ist quantitativ definiert. Im Basisjahr 2024 haben 44,0 % der Führungskräfte zumindest ein Modul absolviert."
Porr AG,porr,2025,Bau,strategische_prioritaeten,Gruppenweite Implementierung eines Entwicklungskompasses für Mitarbeitende bis 2030,,,143,exakt_nach_normalisierung,Geschaeftsbericht,,True,Die Implementierung in allen Heimmärkten bis 2030 erfolgt etappenweise und wird unter Berücksichtigung der Organisationsentwicklung schrittweise vertieft. Es handelt sich um ein quantitatives Ziel. Ein erfolgreicher Pilot soll bis Ende 2027 umgesetzt werden
Porr AG,porr,2025,Bau,strategische_prioritaeten,Bereitstellung eines sicheren Arbeitsumfelds und Senkung der Unfallhäufigkeit (LTIFR),,,155,exakt,Geschaeftsbericht,,True,"Bereitstellung eines sicheren Arbeitsumfelds auf der Baustelle IRO1 LTIFR 13,5 12,1 5,0 Strategische Maßnahmen Präventive Schutzmaßnahmen aufgrund der durchgeführten Safety Walks"
Porr AG,porr,2025,Bau,strategische_prioritaeten,Sicherstellung von Transparenz und ethischem Handeln durch Compliance-Schulungen,,,179,exakt_nach_normalisierung,Geschaeftsbericht,,True,"Transparenz und ethisches Handeln IRO1, IRO2, IRO3, IRO4, IRO5, IRO6, Teilnahmequote an den Compliance- und Anti-Korruption- Schulungen 88,7 % 96,5 % 95,0 % Strategische Maßnahmen Schulung von Mitarbeitenden zu Anti-Korruption & Compliance"
Porr AG,porr,2025,Bau,strategische_prioritaeten,"Erreichen einer EBIT-Marge von 3,5 % bis 4,0 % bis 2030",,,204,exakt,Geschaeftsbericht,,True,"Auf Basis des hohen Auftragsbestands sowie der erwarteten Marktentwicklung geht der Vorstand von einer moderat positiven Leistungs- und Umsatzentwicklung sowie einer Steigerung der EBIT-Marge im Jahr 2026 aus. Unverändert bleibt das langfristige Ziel einer EBIT-Marge von 3,5 % bis 4,0 % bis 2030."
Porr AG,porr,2025,Bau,strategische_prioritaeten,"Fokus auf Exportprodukte im Tunnel-, Bahn- und Spezialtiefbau sowie Partnerschaften mit lokalen Unternehmen",,,201,exakt,Geschaeftsbericht,,True,"Generell setzt die PORR als Infrastrukturexpertin in Projekt- und internationalen Märkten vor allem auf ihre Exportprodukte im Tunnel-, Bahn- und Spezialtiefbau und auf die partnerschaftliche Zusammenarbeit mit lokalen Unternehmen. Daneben bietet sie auch ihre Expertise im Bereich Slab Track sehr selektiv an."
Porr AG,porr,2025,Bau,strategische_prioritaeten,Konzentration auf die Heimmärkte bei selektivem Angebot in Projektmärkten,,,206,exakt_nach_normalisierung,Geschaeftsbericht,,True,"Das Unternehmen reagiert auf die Schwankungen in den nationalen Märkten und Geschäftssegmenten sowie auf die gegenwärtigen geopolitischen Unsicherheiten mit einer Konzentration auf die Heimmärkte Österreich, Deutschland, Schweiz, Polen, Tschechien, Slowakei und Rumänien."
Porr AG,porr,2025,Bau,strategische_prioritaeten,Verstärkte Deglobalisierung mit Nearshoring und Reshoring zur Stärkung regionaler Lieferketten,,,229,exakt_nach_normalisierung,Geschaeftsbericht,,True,Vor dem Hintergrund zunehmender geopolitischer Unsicherheiten setzt die PORR Gruppe – verankert in ihrer Unternehmensstrategie – auf eine verstärkte Deglobalisierung. Regionale Wertschöpfungsketten im Sinne von Nearshoring und Reshoring binden lokale Lieferanten und Partner stärker ein
Porr AG,porr,2025,Bau,strategische_prioritaeten,Systematische Dekarbonisierung und THG-Reduktion bis 2030,,,228,exakt,Nachhaltigkeitsberichterstattung,,True,Die Strategie umfasst eine Reduktion der THG-Emissionen in Scope 1 und 2 um 43 % (Basis 2024) sowie in Scope 3 um 25 % (Basis 2024) bis 2030.
Porr AG,porr,2025,Bau,wachstumsmaerkte,Stark wachsender Bedarf an Rechenzentren durch KI und Cloud-Technologien in Deutschland,DACH,,15,exakt_nach_normalisierung,Nachhaltigkeitsberichterstattung,,True,Der Einsatz von Künstlicher Intelligenz und Cloud- Technologien nimmt stark zu – und damit auch der Bedarf an Rechenzentren. In diesem wichtigen Wachstumsmarkt der Baubranche nimmt die PORR eine führende Rolle ein.
Porr AG,porr,2025,Bau,wachstumsmaerkte,Die Entwicklung der Auftragslage in den CEE-Märkten unterstreicht das zukünftige Wachstum des Unternehmens in den kommenden Jahren.,Europa uebrig,,200,exakt,Geschaeftsbericht,,True,Die Entwicklung der Auftragslage zeigt die starke Position der PORR in diesen Märkten und bekräftigt das Wachstum in den kommenden Jahren.
Porr AG,porr,2025,Bau,wachstumsmaerkte,Connecting Europe Facility und European Green Deal bieten künftig stabile Wachstumsperspektiven in internationalen Märkten.,Europa uebrig,,201,exakt,Geschaeftsbericht,,True,Die Finanzierung dieser Projekte ist über die Connecting Europe Facility (CEF) sowie im Kontext des Europäischen Green Deals langfristig abgesichert und bietet damit auch künftig stabile Wachstumsperspektiven in den internationalen Märkten der PORR.
Porr AG,porr,2025,Bau,wachstumsmaerkte,In Deutschland werden für 2026 deutliche Impulse aus öffentlicher Investitionstätigkeit für Infrastruktur und Bauwirtschaft erwartet.,DACH,,204,exakt,Geschaeftsbericht,,True,"Auch in Deutschland werden für das Jahr 2026 deutliche Impulse aus der öffentlichen Investitionstätigkeit erwartet. Die deutsche Bundesregierung hat ein Sondervermögen zur Stärkung von Infrastruktur und Klimaneutralität eingerichtet, aus dem im Jahr 2026 rund EUR 40 Mrd. für Investitionen vorgesehen sind."
Porr AG,porr,2025,Bau,wachstumsmaerkte,"In Österreich wird für 2026 eine Erholung erwartet, gestützt von Infrastrukturprojekten und wohnbaupolitischen Maßnahmen.",Oesterreich,,204,exakt_nach_normalisierung,Geschaeftsbericht,,True,"Auch für Österreich wird für 2026 laut WIFO eine vorsichtige konjunkturelle Erholung erwartet. Der robuste Arbeitsmarkt, steigende reale Einkommen und ein verbessertes Finanzierungsumfeld stützen den privaten Konsum und die Investitionstätigkeit. Öffentliche Infrastrukturprojekte und wohnbaupolitische Maßnahmen wirken zusätzlich stabilisierend auf die Bauwirtschaft."
Porr AG,porr,2025,Bau,hauptrisiken,Regulatorische Änderungen im Zusammenhang mit Landnutzungsänderungen,,Regulierung,53,exakt,Nachhaltigkeitsberichterstattung,,True,E4-Biologische Vielfalt und Ökosysteme Risiko Regulatorisches Risiko durch gesetzliche Änderungen im Zusammenhang mit Landnutzungsänderungen langfristig Operatives Risiko durch Abhängigkeiten von Ökosystemdienstleistungen alle Zeithorizonte
Porr AG,porr,2025,Bau,hauptrisiken,Steigende Kosten durch Materialknappheit,,Lieferkette,53,exakt,Nachhaltigkeitsberichterstattung,,True,Steigende Kosten durch (a) Verzögerungen im Betrieb aufgrund von Materialknappheit (b) lineare Abfallentsorgung bei „Business as usual“ Abfallrechtliche Konsequenzen durch veränderte Grundlagen bei „Business as usual“
Porr AG,porr,2025,Bau,hauptrisiken,Risiken aus dynamischen Regulierungsänderungen der Berichterstattung,,Regulierung,53,exakt,Nachhaltigkeitsberichterstattung,,True,"Darüber hinaus können sich Risiken aus der sich dynamisch entwickelnden Regulierungslandschaft ergeben. Änderungen in den Anforderungen an die Nachhaltigkeitsberichterstattung, etwa durch neue EU-Richtlinien oder Marktstandards, können Anpassungen in Prozessen und Systemen erfordern."
Porr AG,porr,2025,Bau,hauptrisiken,"Transitorische Risiken durch regulatorische Vorgaben, CO2e-Preise und Marktanforderungen",,Regulierung,76,exakt,Nachhaltigkeitsberichterstattung,,True,"Zu den wesentlichen Risiken zählen insbesondere die in der Klimarisikenübersicht auf S. 94 dargestellten transitorischen Risiken (IRO5), die sich unter anderem aus verschärften regulatorischen Vorgaben, steigenden CO2e-Preisen sowie veränderten Marktanforderungen ergeben."
Porr AG,porr,2025,Bau,hauptrisiken,"Physische und transitorische Klimarisiken für Bauprozesse, Vermögenswerte und Lieferketten",,Markt,92,exakt_nach_normalisierung,Nachhaltigkeitsberichterstattung,,True,"Als international tätiges Bauunternehmen ist die PORR direkt von Risiken aufgrund des Klimawandels (IRO5) betroffen. Diese betreffen sämtliche Stufen der Wertschöpfungskette und wirken sich auf Vermögenswerte, Bauprozesse, Lieferketten und Mitarbeitende aus."
Porr AG,porr,2025,Bau,hauptrisiken,Hoehere Bepreisung von Treibhausgasemissionen,,Regulierung,96,exakt,Nachhaltigkeitsberichterstattung,,True,Erhöhte Kosten durch: – Ressourcenintensive Materialien (Bepreisung von THG-Emissionen) – Beeinträchtigung der Wettbewerbsfähigkeit aufgrund höherer Baupreise
Porr AG,porr,2025,Bau,hauptrisiken,Komplexitaet und Volatilitaet rechtlicher Vorgaben,,Regulierung,96,exakt,Nachhaltigkeitsberichterstattung,,True,Finanzielle und personelle Investitionen durch: – Zahlreiche rasche und neue regulatorische Anforderungen – Fehlende Rechtssicherheit – Instabilität von Förderprogrammen und Verordnungen
Porr AG,porr,2025,Bau,hauptrisiken,Verschlaerfung von Umweltgesetzgebung und Produktanforderungen,,Regulierung,96,exakt,Nachhaltigkeitsberichterstattung,,True,"Finanzielle und personelle Schäden durch: – Steigende Anforderungen an Baumaterialien, die rückwirkende Anpassungen an Bauprojekten erforderlich machen – Potenziell veränderte Haftungs- und Gewährleistungsrisiken"
Porr AG,porr,2025,Bau,hauptrisiken,Makrowirtschaftliche Volatilitaet mit Einfluss auf nachhaltige Bautaetigkeit,,Markt,96,exakt,Nachhaltigkeitsberichterstattung,,True,"Erhöhte wirtschaftliche Risiken und Umsatzeinbußen durch: – Wirtschaftliche Unsicherheiten – Lange Zeitspanne zwischen Erstplanung, Baubeginn bis Fertigstellung – Verringerung des Anteils nachhaltiger Projekte"
Porr AG,porr,2025,Bau,hauptrisiken,Begrenzte Verfuegbarkeit emissionsaermerer Technologien und Kosten dafuer,,Technologie,96,exakt,Nachhaltigkeitsberichterstattung,,True,"Erhöhte Kosten und Umsatzeinbußen durch: – Begrenzte Verfügbarkeit emissionsarmer Technologien, Logistik, Bau maschinen und Baustoffe – Erschwerter Umstieg durch langen Lebenszyklus von Baumaschinen – Hohe Nachfrage bei begrenztem Angebot"
Porr AG,porr,2025,Bau,hauptrisiken,Regulatorische Aenderungen im Zusammenhang mit Landnutzungsaenderungen,,Regulierung,108,exakt_nach_normalisierung,Nachhaltigkeitsberichterstattung,,True,"Transitorische Risiken entstehen insbesondere durch regulatorische Änderungen im Zusammenhang mit Landnutzungsänderungen (IRO3), die unmittelbare Auswirkungen auf die Geschäftstätigkeit haben."
Porr AG,porr,2025,Bau,hauptrisiken,Materialknappheit und volatile Rohstoffpreise,,Lieferkette,116,exakt,Geschaeftsbericht,,True,Kostenrisiken ergeben sich unter anderem durch volatile Rohstoffpreise und mögliche Lieferengpässe bei nachhaltigen Materialien sowie durch regulatorische Vorgaben wie CO 2e-Bepreisung und EU-Taxonomie.
Porr AG,porr,2025,Bau,hauptrisiken,Betriebliche Risiken durch krankheitsbedingte Personalausfälle,,Markt,154,exakt,Geschaeftsbericht,,True,"Gesundheitliche Auswirkungen durch Krankheiten auf der Baustelle, im Büro und in sonstigen Betriebsstätten Positive Auswirkungen Keine wesentlichen positiven Auswirkungen identifiziert Risiken IR03 Betriebliche Risiken durch krankheitsbedingte Ausfälle"
Porr AG,porr,2025,Bau,hauptrisiken,"Rechtliche, finanzielle und Reputationsrisiken sowie Auftragsverlust bei Kartell- und Wettbewerbsverstößen oder Korruption",,Regulierung,178,exakt,Geschaeftsbericht,,True,"Risiken IRO3 Rechtliche, finanzielle und Reputationsrisiken sowie Auftragsverlust bei a) potenziellem kartell- und wettbewerbswidrigem Verhalten b) potenziellen Korruptionsvorfällen Chancen IRO4 Reputationsgewinn und Mitarbeiterbindung durch wertebasierte Unternehmenskultur"
Porr AG,porr,2025,Bau,hauptrisiken,"Kartell- und wettbewerbswidriges Verhalten sowie Korruption bergen kurz- und mittelfristige rechtliche, finanzielle und Reputationsrisiken sowie das Risiko von Auftragsverlusten.",,Regulierung,180,exakt_nach_normalisierung,Geschaeftsbericht,,True,"Neben negativen Auswirkungen auf die Gesellschaft entstehen durch potenziell kartellrechts- oder wettbewerbswidriges Verhalten sowie potenzielle Korruptionsvorfälle auch kurz- und mittelfristige rechtliche, finanzielle und Reputationsrisiken sowie Auftragsverlust (IRO3) für die PORR."
Porr AG,porr,2025,Bau,hauptrisiken,"Geopolitische Spannungen, Sanktionen und Auswirkungen auf Energie- und Materialpreise",,Markt,205,exakt_nach_normalisierung,Geschaeftsbericht,,True,Ungeachtet dessen kann die PORR von den indirekten Auswirkungen der anhaltenden geopolitischen Konflikte betroffen sein. Insbesondere der Krieg in der Ukraine geht weiterhin mit umfassenden Wirtschaftssanktionen und Handelsbeschränkungen einher.
Porr AG,porr,2025,Bau,hauptrisiken,Makroökonomische Veränderungen und konjunkturelle Disparitäten in den Kernmärkten,,Markt,206,exakt_nach_normalisierung,Geschaeftsbericht,,True,Die Marktrisiken resultieren aus den Veränderungen der makroökonomischen Rahmenbedingungen in den wesentlichen PORR Märkten. Weiters ergeben sich aufgrund der konjunkturellen Disparitäten in den jeweiligen Märkten für die PORR divergierende Nachfragesituationen.
Porr AG,porr,2025,Bau,hauptrisiken,Kalkulations- und Ausführungsrisiken bei operativen Bauprojekten,,Lieferkette,206,exakt_nach_normalisierung,Geschaeftsbericht,,True,"Die Überwachung des Projektrisikos erstreckt sich über alle operativen Einheiten der PORR und kann hinsichtlich des Kalkulations- und Ausführungsrisikos qualifiziert werden. Alle Projekte werden von der Angebotsbearbeitung bis hin zum Vertragsabschluss auf spezifische technische, kaufmännische und rechtliche Risiken geprüft."
Porr AG,porr,2025,Bau,hauptrisiken,Handelsbeschränkungen und protektionistische Zollmaßnahmen,,Regulierung,206,exakt,Geschaeftsbericht,,True,"Die Einführung weiterer Handelsbeschränkungen und protektionistischer Zollmaßnahmen kann unter der Trump Administration wohl nicht ausgeschlossen werden. Die PORR geht davon aus, dass sich das geopolitische Umfeld weiterhin äußerst dynamisch entwickeln wird, und beobachtet die Situation laufend."
Porr AG,porr,2025,Bau,hauptrisiken,Risiken des Klimawandels durch Extremwetterereignisse und veränderte Rahmenbedingungen,,Regulierung,228,exakt,Nachhaltigkeitsberichterstattung,,True,"Die PORR Gruppe ist aufgrund ihres Geschäftsmodells direkt von den Risiken des Klimawandels betroffen, sowohl durch veränderte rechtliche und politische Rahmenbedingungen als auch durch physische Risiken wie beispielsweise Extremwetterereignisse."
Porr AG,porr,2025,Bau,hauptrisiken,Zinsrisiko durch bestehende Finanzverbindlichkeiten im anhaltend hohen Zinsumfeld,,Finanzierung,229,exakt,Geschaeftsbericht,,True,Im Zusammenhang mit dem anhaltend hohen Zinsniveau wird das Zinsrisiko durch aufgenommene Finanzverbindlichkeiten umfassend analysiert und die Zinssicherungsstrategie mittels Interest Rate Swaps auf die aktuelle wirtschaftliche Marktentwicklung abgestimmt (siehe Erläuterung 41.5).
Porr AG,porr,2025,Bau,hauptrisiken,Geopolitische Spannungen und protektionistische Maßnahmen,,Markt,229,exakt,Geschaeftsbericht,,True,Die Auswirkungen protektionistischer Maßnahmen der USA sowie die anhaltenden geopolitischen Spannungen sind derzeit schwer abzuschätzen. Die PORR Gruppe erwartet eine weiterhin dynamische Entwicklung der geopolitischen Rahmenbedingungen
Porr AG,porr,2025,Bau,hauptrisiken,Materialpreis- und Beschaffungsrisiken durch gestiegene Energie- und Rohstoffpreise,,Lieferkette,229,exakt,Geschaeftsbericht,,True,"Die Konflikte haben daher bis dato lediglich indirekte Effekte auf die Vermögens- und Finanzlage der PORR Gruppe, insbesondere durch gestiegene Energie- und Rohstoffpreise. Zur Minderung des Materialpreisrisikos werden Bedarfsmengen und Preise durch den Abschluss von Rahmenverträgen durch die Lead Buyer des Zentraleinkaufs abgesichert."
Porr AG,porr,2025,Bau,hauptrisiken,Risiko von Rohstoffpreisänderungen gegenüber dem Kalkulationszeitpunkt von Bauprojekten,,Markt,283,exakt,Geschaeftsbericht,,True,Das Risiko von Rohstoffpreisänderungen ist definiert als das Risiko steigender Preise gegenüber dem Kalkulationszeitpunkt des Bauprojekts. Das Risiko wird zumeist durch mittel- und langfristige Rahmenverträge mit Schlüssellieferanten sowie Preisanpassungsklauseln mit Kunden gemildert.
Porr AG,porr,2025,Bau,hauptrisiken,Liquiditätsrisiko bei Fälligkeit von Verbindlichkeiten,,Finanzierung,282,exakt,Geschaeftsbericht,,True,"Das Liquiditätsrisiko ist definiert als das Risiko, dass Verbindlichkeiten bei Fälligkeit nicht beglichen werden können. Das Management des Liquiditätsrisikos basiert auf einer im Zuge der konzernalen Ergebnisplanung und Vorschaurechnung integrierten Finanzplanung, die ihren Ausgang auf operativer Ebene nimmt."
Porr AG,porr,2025,Bau,hauptrisiken,Zinsrisiko aus steigenden Aufwands- oder sinkenden Ertragszinsen,,Finanzierung,283,exakt,Geschaeftsbericht,,True,"Das Zinsrisiko der Gruppe ist definiert als das Risiko steigender Aufwands- oder sinkender Ertragszinsen aus Finanzpositionen und resultiert bei der PORR Gruppe für die Finanzverbindlichkeiten aus dem Szenario steigender Zinsen, insbesondere im kurzfristigen Bereich."
Porr AG,porr,2025,Bau,hauptrisiken,Transaktionsorientiertes Fremdwährungsrisiko aus Bauaufträgen und Finanzierungen,,Finanzierung,284,exakt,Geschaeftsbericht,,True,"Das Fremdwährungsrisiko wird in der PORR Gruppe transaktionsorientiert behandelt und resultiert aus Bauaufträgen bzw. aus Finanzierungen im Zusammenhang mit solchen Verträgen. Konzernpolitik ist es, die operativen Fremdwährungsrisiken zur Gänze abzusichern."
Porr AG,porr,2025,Bau,capex_ma_signale,Veräußerung sämtlicher eigener Aktien im Wege eines beschleunigten Privatplatzierungsverfahrens,,,18,exakt_nach_normalisierung,Nachhaltigkeitsberichterstattung,,True,"Die PORR AG hat am 17. Juni 2025 sämtliche 1.703.674 eigenen Aktien im Zuge eines beschleunigten Privatplatzierungsverfah - rens (Accelerated Bookbuilding) erfolgreich bei internationalen institutionellen Investoren platziert. Der Verkaufspreis pro Aktie betrug EUR 26,50, womit ein Bruttoemissionserlös von EUR 45,1 Mio. erzielt wurde."
Porr AG,porr,2025,Bau,capex_ma_signale,"Die PORR hat zum 31. Dezember 2025 die Übernahme der VSG, einer VAMED-Tochtergesellschaft, abgeschlossen.",,,64,exakt_nach_normalisierung,Nachhaltigkeitsberichterstattung,,True,"Mit Wirkung zum 31. Dezember 2025 hat die PORR die Über - nahme der VAMED Standortentwicklung und Engineering GmbH (VSG), einer Tochtergesellschaft der VIACAMA (vormals VAMED AG), abgeschlossen."
Porr AG,porr,2025,Bau,capex_ma_signale,"Jährliche Sachanlageninvestitionen (CAPEX) von rund 5,5 Mio. Euro zur Umsetzung emissionsreduzierender Maßnahmen im Dekarbonisierungsplan vorgesehen",,,82,exakt,Nachhaltigkeitsberichterstattung,,True,"Die derzeitigen Planannahmen sehen jährliche Investitionen in Sachanlagen (CAPEX) von rund EUR 5,5 Mio. sowie laufende betriebliche Aufwendungen (OPEX) von rund EUR 14,7 Mio. vor. Dem stehen erwartete Effizienz- und Kosteneinsparungen von rund EUR 13,2 Mio. gegenüber."
Porr AG,porr,2025,Bau,capex_ma_signale,"Im Berichtsjahr flossen Mittel in Beteiligungserwerbe an Knape Bahnbau und UBM Hotels, während der Erwerb der VAMED-Einheit zu einem Liquiditätszufluss führte.",,,189,exakt,Geschaeftsbericht,,True,"Während Beteiligungserwerbe an at-equity bilanzierten Unternehmen – unter anderem an Knape Bahnbau und UBM Hotels – zu Mittelabflüssen führten, brachte der Erwerb der VAMED Standortentwicklung und Engineering GmbH einen deutlichen Liquiditätszufluss."
Porr AG,porr,2025,Bau,capex_ma_signale,Die Akquisitionen der VAMED Standortentwicklung und Engineering GmbH sowie der Knape Bahnbau GmbH trugen zur Bilanzverlängerung bei.,,,188,exakt,Geschaeftsbericht,,True,Die Akquisitionen der VAMED Standortentwicklung und Engineering GmbH sowie der Knape Bahnbau GmbH führten ebenfalls zu einer Bilanzverlängerung.
Porr AG,porr,2025,Bau,capex_ma_signale,"Die Sachinvestitionen sanken im Berichtsjahr auf EUR 252,9 Mio. und betrafen im Wesentlichen Ersatz- und Neuinvestitionen für Geräte und Fahrzeuge.",,,189,exakt_nach_normalisierung,Geschaeftsbericht,,True,"Der CAPEX reduzierte sich im Vergleich zum Vorjahr und betrug EUR 252,9 Mio. (2024: EUR 320,3 Mio.). Somit ergibt sich ein CAPEX Ratio im Verhältnis zur Produktionsleistung von 3,6 % (2024: 4,7 %)."
Porr AG,porr,2025,Bau,capex_ma_signale,Erwerb von 100 % an der VAMED Standortentwicklung und Engineering GmbH zur strategischen Portfolioerweiterung.,,,223,exakt,Geschaeftsbericht,,True,"Für den Erwerb von 100 % an der VAMED Standortentwicklung und Engineering GmbH (VSG) wurden TEUR 3.750 aufgewendet und im 1. Quartal 2026 beglichen. Die VSG betreibt im Wesentlichen zwei Geschäftsfelder: Zum einen das österreichische Projektgeschäft mit Schwerpunkt auf Planung und Errichtung von Gesundheitseinrichtungen, zum anderen hält die VSG Beteiligungen an österreichischen Thermen einschließlich deren Betriebsführung."
Porr AG,porr,2025,Bau,capex_ma_signale,"Erwerb von 74,97 % an der Knape Bahnbau GmbH durch PORR Bau GmbH.",,,224,exakt,Geschaeftsbericht,,True,"Mit Kaufvertrag vom 21. Dezember 2024, rechtswirksam mit Closing Protokoll vom 25. März 2025, hat die PORR Bau GmbH 74,97 % der Anteile an der Knape Bahnbau GmbH zu einem Kaufpreis in Höhe von TEUR 13.820 erworben."
Porr AG,porr,2025,Bau,capex_ma_signale,Erwerb weiterer 50 % an der CBL City Beton Logistik GmbH & Co KG.,,,224,exakt,Geschaeftsbericht,,True,"Im Geschäftsjahr wurden weitere 50 % an der bisher at-equity bilanzierten CBL City Beton Logistik GmbH & Co KG um einen Kaufpreis in Höhe von EUR 1,00 erworben. Die erworbenen Vermögenswerte und Schulden waren unwesentlich."
Porr AG,porr,2025,Bau,capex_ma_signale,Erwerb der Immobilie über die Gesellschaft Horizon Residence Spolka z o.o.,,,223,exakt,Geschaeftsbericht,,True,"Beim Erwerb der Horizon Residence Spolka z ograniczona odpowiedzialnoscia handelt es sich um den Erwerb einer Immobilie, der nicht die Kriterien einer Business Combination gemäß IFRS 3 erfüllt und daher als Erwerb von Vermögenswerten im Konzernabschluss dargestellt wird."
Porr AG,porr,2025,Bau,capex_ma_signale,Notwendigkeit wesentlicher Investitionen in neue Technologien zur Dekarbonisierung,,,228,exakt_mehrdeutig,Nachhaltigkeitsberichterstattung,244,True,Für die Umsetzung des Dekarbonisierungsplans werden wesentliche Investitionen in neue Technologien notwendig sein. Im Einklang mit der Nachhaltigkeitsstrategie werden bestehende Anlagen bis zum Ende der Nutzungsdauer eingesetzt.
Porr AG,porr,2025,Bau,capex_ma_signale,Investitionen durch Erwerb von Finanzimmobilien im Geschäftsjahr 2025,,,246,exakt,Geschaeftsbericht,,True,Zugänge Erwerb 3.595 Zugänge Herstellungskosten 988 Umbuchungen -2.594 Währungsumrechnung 11 Anpassung an den beizulegenden Wert -289 Stand 31.12.2025 38.103 Die PORR Gruppe hält zur Erzielung von Mieteinnahmen und zum Zwecke der Wertsteigerung als Finanzinvestition gehaltene Immobilien
Porr AG,porr,2025,Bau,capex_ma_signale,Verkauf der Beteiligung an der UBM Development Deutschland GmbH im Geschäftsjahr 2025,,,278,exakt,Geschaeftsbericht,,True,"Die in den übrigen Finanzanlagen, die erfolgsneutral zum beizulegenden Zeitwert bewertet werden, enthaltene Beteiligung an der UBM Development Deutschland GmbH wurde im Geschäftsjahr 2025 verkauft."
Porr AG,porr,2025,Bau,capex_ma_signale,Vorhaltung von liquiden Mitteln für potenzielle Firmenzukäufe und saisonalen Spitzenbedarf,,,282,exakt_nach_normalisierung,Geschaeftsbericht,,True,"Die Gruppe weist zum Jahresultimo 2025 einen Liquiditätsstand in Höhe von TEUR 748.427 (Vorjahr: TEUR 583.165) aus, der für den im Bau typischen saisonalen Liquiditätsspitzenbedarf von April bis November, zur Rückführung fälliger Kredite und SSD-Tranchen und für potenzielle Firmenzukäufe dient."
