unternehmen,schluessel,berichtsjahr,gruppe,feld,wert,region,kategorie,beleg_seite,treffertyp,quelle_abschnitt,weitere_fundstellen,zitat_gefunden,zitat
voestalpine AG,voestalpine,2025/26,Hersteller,strategische_prioritaeten,Fokussiertes Wachstum in renditestarken Bereichen und zielgerichtete Internationalisierung,,,122,teilweise,Nachhaltigkeitsberichterstattung,,True,"Entsprechend unserem übergeordneten strategischen Ziel der Wertsteigerung und damit der Erhöhung des Unternehmenswerts ist das fokussierte Wachstum in attraktiven, renditestarken Bereichen wie der Schieneninfrastruktur, der Luftfahrtindustrie sowie bei Spezialprofilen und in der Lagertechnik ein wesentlicher strategischer Pfeiler."
voestalpine AG,voestalpine,2025/26,Hersteller,strategische_prioritaeten,"Aktives Portfoliomanagement, Effizienzsteigerung und Reorganisation renditeschwacher Einheiten",,,122,exakt,Nachhaltigkeitsberichterstattung,,True,Ein aktives und konsequentes Management unseres Portfolios mit Fokus auf Effizienz in allen Bereichen und Stärkung der Wettbewerbsfähigkeit unserer (Produktions-)Standorte sowie der Reorganisation renditeschwacher Geschäftsbereiche sichert zudem die Zukunftsfähigkeit und Resilienz des Unternehmens
voestalpine AG,voestalpine,2025/26,Hersteller,strategische_prioritaeten,Dekarbonisierung der Stahlerzeugung mit Ziel Net-Zero bis 2050 und Ausbau der Kreislaufwirtschaft,,,,nicht_gefunden,unbekannt,,False,Die wirtschaftlich erfolgreiche Dekarbonisierung der hochofenbasierten Stahlerzeugung mit dem klaren Ziel von Net-Zero-Emissionen bis 2050 und dem weiteren Auf- und Ausbau der Kreislaufwirtschaft bildet den dritten wesentlichen Pfeiler unserer Strategie.
voestalpine AG,voestalpine,2025/26,Hersteller,strategische_prioritaeten,Erreichen von Net-Zero-Emissionen bis 2050 und Reduktion von Scope-1- und Scope-2-Emissionen bis 2029 um 30 % sowie Scope-3 um 25 %,,,123,exakt,Nachhaltigkeitsberichterstattung,,True,"Die voestalpine bekennt sich zu klaren Nachhaltigkeitszielen und sieht bis 2050 Net-Zero-Emissionen vor. Im Rahmen der Science Based Targets initiative (SBTi) verpflichtet sich das Unternehmen, die Summe der Scope-1- und Scope-2-Emissionen bis 2029 um 30 % und die Scope-3-Emissionen um 25 % gegenüber dem Referenzjahr 2019 zu reduzieren."
voestalpine AG,voestalpine,2025/26,Hersteller,strategische_prioritaeten,Langfristige Absicherung der Rohstoff- und Energieversorgung sowie Ausbau der Kreislaufwirtschaft mit 50 % Schrotteinsatz bis 2030,,,124,teilweise,Nachhaltigkeitsberichterstattung,,True,"Um diese Herausforderungen zu adressieren, hat sich die voestalpine die strategischen Ziele gesetzt, die Versorgung der Produktionsstandorte mit den benötigten Rohstoffen und Energien langfristig und wirtschaftlich abzusichern sowie die Kreislaufwirtschaft weiter auszubauen und den Einsatz von Schrott als Sekundärrohstoff in der Stahlerzeugung bis 2030 um 50 % zu erhöhen."
voestalpine AG,voestalpine,2025/26,Hersteller,strategische_prioritaeten,"Senkung der Unfallhaeufigkeitsquote bis 2030 auf 5,5 und Annaeherung an 'Zero Accidents'",,,124,teilweise,Nachhaltigkeitsberichterstattung,,True,"Daher wird kontinuierlich an der weiteren Reduktion der Unfallhäufigkeit sowie der Erhöhung der Gesundheitsquote gearbeitet, um sich der Vision von „Zero Accidents“ anzunähern. Strategisch soll die Unfallhäufigkeitsquote bis 2030 auf 5,5 gesenkt werden."
voestalpine AG,voestalpine,2025/26,Hersteller,strategische_prioritaeten,Klimatransformation und schrittweise Dekarbonisierung bis zu Netto-Null-Emissionen bis 2049/50,,,183,teilweise,Nachhaltigkeitsberichterstattung,,True,"Dieser beinhaltet eine langfristige 1,5-°C-Zielsetzung bis 2050 zur Begrenzung der Erderwärmung, die validierten Ziele in Phase 1 bis zum Geschäftsjahr 2029/30 folgen einem „well below 2° C“-Reduktionspfad."
voestalpine AG,voestalpine,2025/26,Hersteller,strategische_prioritaeten,Industrielle Elektrifizierung und Ablöse von kohlebasierten Hochöfen durch Elektrolichtbogenöfen,,,183,teilweise,Nachhaltigkeitsberichterstattung,,True,"Dazu zählen die industrielle Elektrifizierung mit dem Ersatz kohlebasierter Hochöfen durch Elektrolichtbogenöfen (EAF) als wesentlichste Maßnahme, die Nutzung erneuerbarer Energien zur Reduktion des CO2-Ausstoßes, der Rohstoffeinsatz in den Prozessen zur Eisen- und Stahlerzeugung"
voestalpine AG,voestalpine,2025/26,Hersteller,strategische_prioritaeten,Steigerung des Schrotteinsatzes in der Rohstahlherstellung um 50 % bis 2030,,,217,teilweise,Geschaeftsbericht,,True,"Bis 2030 soll der Einsatz von Sekundärrohstoffen weiter gesteigert werden, indem der Schrotteinsatz in der Rohstahlherstellung um 50 % erhöht wird."
voestalpine AG,voestalpine,2025/26,Hersteller,strategische_prioritaeten,Implementierung der F&E- und Innovationsstrategie 2030+ ab dem Geschäftsjahr 2026/27,,,229,teilweise,Geschaeftsbericht,,True,"Im Geschäftsjahr 2025/26 wurde ausgehend von der Konzernstrategie 2030+ die F&E- und Innovationsstrategie 2030+ konzeptioniert, deren Implementierung ab dem Geschäftsjahr 2026/27 geplant ist."
voestalpine AG,voestalpine,2025/26,Hersteller,strategische_prioritaeten,Reduktion der Treibhausgasemissionen und langfristige Erreichung von Net-Zero-Emissionen bis 2049/50,,,,nicht_gefunden,unbekannt,,False,"Konkret hat sich die voestalpine das kurzfristige („near-term“) Ziel gesetzt, ihre Treibhausgasemissionen entlang Scope 1, 2 und 3 zu reduzieren und langfristig bis spätestens zum Geschäftsjahr 2049/50 Netto-Null-Emissionen (Net-Zero) zu erreichen."
voestalpine AG,voestalpine,2025/26,Hersteller,strategische_prioritaeten,Steigerung des Anteils weiblicher Führungskräfte auf 18 % bis 2030,,,245,exakt,Geschaeftsbericht,,True,"Die Konzernstrategie sieht vor, den Anteil weiblicher Führungskräfte bis 2030 von 14 % auf 18 % zu erhöhen."
voestalpine AG,voestalpine,2025/26,Hersteller,wachstumsmaerkte,Der Geschäftsbereich Warehouse & Rack Solutions setzt seinen positiven Trend fort und bleibt einer der wesentlichen Wachstumstreiber der Division.,Global,,69,exakt,Geschaeftsbericht,,True,Der Geschäftsbereich Warehouse & Rack Solutions setzte seinen positiven Trend über das gesamte Geschäftsjahr 2025/26 hinweg fort und blieb einer der wesentlichen Wachstumstreiber der Division.
voestalpine AG,voestalpine,2025/26,Hersteller,wachstumsmaerkte,In Europa wird eine leichte Erholung und mittelfristig ein gedaempftes Wachstum prognostiziert.,Europa uebrig,,388,teilweise,Geschaeftsbericht,,True,In Europa wird eine leichte Erholung und mittelfristig ein ge- dämpftes Wachstum erwartet.
voestalpine AG,voestalpine,2025/26,Hersteller,wachstumsmaerkte,In China wird von einer stetigen Erholung des Marktes ausgegangen.,China,,388,exakt,Geschaeftsbericht,,True,"In Asien wird von einer stetigen Erholung in China ausgegangen, wobei der Rest Asiens sich langsam wieder von dem derzeit schwachen Wachstum erholen wird."
voestalpine AG,voestalpine,2025/26,Hersteller,wachstumsmaerkte,Indien verfuegt laut Konzern ueber grosses Wachstumspotenzial.,Indien,,388,exakt,Geschaeftsbericht,,True,"In Asien wird von einer stetigen Erholung in China ausgegangen, wobei der Rest Asiens sich langsam wieder von dem derzeit schwachen Wachstum erholen wird. Indien hat großes Wachstumspotenzial."
voestalpine AG,voestalpine,2025/26,Hersteller,hauptrisiken,Auswirkungen der US-Handelszölle auf das Produktsegment Tubulars,,Regulierung,65,exakt,Geschaeftsbericht,,True,Das Produktsegment Tubulars (Nahtlosrohre) war im Geschäftsjahr 2025/26 von den tiefgreifenden Auswirkungen der US-Handelszölle geprägt. Seit Juni 2025 erschweren erhöhte Importzölle auf Stahlprodukte die Absatzmöglichkeiten in den USA erheblich.
voestalpine AG,voestalpine,2025/26,Hersteller,hauptrisiken,US-Zölle und handelspolitische Eingriffe,,Regulierung,86,exakt,Nachhaltigkeitsberichterstattung,,True,Neben geopolitischen Konflikten beeinflussen auch handelspolitisch motivierte Eingriffe in Märkte – etwa in Form von Zöllen und Gegenzöllen bzw. Sanktionen – das Wirtschaftswachstum. So war der voestalpine-Konzern von US-Zöllen auf Stahlimporte beim Export aus dem EU-Raum in die USA betroffen
voestalpine AG,voestalpine,2025/26,Hersteller,hauptrisiken,Risiken aus Großprojekten und Investitionen bezüglich Hochlauf und Kostensteigerung,,Technologie,92,exakt,Geschaeftsbericht,,True,"Etwaigen Risiken aus Projekten (wie z. B. aus Großprojekten, aus Investitionen) wird durch den Einsatz unterschiedlichster Projektmanagement-Tools sowie durch ein entsprechendes Projekt-Monitoring – und je nach Größe des Projektes auch durch regelmäßige Projektaufsichtssitzungen unter Einbindung des Top-Managements – entgegengewirkt."
voestalpine AG,voestalpine,2025/26,Hersteller,hauptrisiken,Mehraufwand und Pflichten durch deutsche und europäische Lieferkettengesetze,,Regulierung,93,exakt,Geschaeftsbericht,,True,Die erforderlichen Aktivitäten zur Erfüllung des deutschen Lieferkettensorgfaltspflichtengesetzes wurden initiiert. Prozessvorgaben an betroffenen Standorten sind ausgerollt und werden laufend abgearbeitet. Zur Vorbereitung auf das europäische Lieferkettensorgfaltspflichtengesetz wurden erste Umsetzungsmaßnahmen gestartet.
voestalpine AG,voestalpine,2025/26,Hersteller,hauptrisiken,Strukturwandel und Standortbelastung in der europäischen Industrie durch Kosten und Regulierung,,Markt,93,teilweise,Geschaeftsbericht,,True,"Politische Spannungen auf europäischer Ebene, hohe Energie- und Arbeitskosten, strenge Umweltanforderungen, bürokratische Hürden sowie regulatorische Unsicherheiten belasten den Standort Europa weiterhin und können z. B. zu einer zunehmenden Abwanderung der Produktion und von Investitionen, zu einem Anstieg bei Insolvenzen und zu deutlichen Wettbewerbsnachteilen infolge einseitiger Regulierungen führen."
voestalpine AG,voestalpine,2025/26,Hersteller,hauptrisiken,Liquiditätsrisiko bei künftigen Verbindlichkeiten und Mittelabflüssen,,Finanzierung,93,exakt,Geschaeftsbericht,,True,"Liquiditätsrisiken bestehen im Allgemeinen darin, dass ein Unternehmen möglicherweise nicht in der Lage ist, den finanziellen Verpflichtungen nachzukommen. Die bestehenden Liquiditätsreserven versetzen die Gesellschaft in die Lage, auch in Krisenzeiten ihre Verpflichtungen fristgerecht zu erfüllen."
voestalpine AG,voestalpine,2025/26,Hersteller,hauptrisiken,Transitorisches Risiko von Lieferengpaessen bzw. hoeheren Kosten fuer wichtige Materialien und Rohstoffe,,Lieferkette,135,exakt,Nachhaltigkeitsberichterstattung,,True,"Gleichzeitig können damit verbundene transitorische Risiken entstehen – insbesondere in Bezug auf Lieferengpässe für Energie, wichtige Rohstoffe und damit einhergehende höhere Kosten und sich verändernden Wettbewerb –, denen mit laufenden Maßnahmen entgegengewirkt wird (siehe E1-3)."
voestalpine AG,voestalpine,2025/26,Hersteller,hauptrisiken,Kosten aufgrund CO2e-Bepreisungsmechanismen und damit verbundene Wettbewerbsnachteile,,Regulierung,135,exakt,Nachhaltigkeitsberichterstattung,,True,"CO2e-Bepreisungsmechanismen wie das EU-Emissionshandelssystem (ETS) und der CO2 -Grenzausgleichsmechanismus (CBAM) führen zu steigenden finanziellen Belastungen, die potenziell Wettbewerbsnachteile gegenüber Nicht-EU-Wettbewerber:innen verursachen und einen strukturellen Wandel, wie Abwanderung von Abnehmerindustrien und einen höheren Preiswettbewerb, in der Industrie auslösen können."
voestalpine AG,voestalpine,2025/26,Hersteller,hauptrisiken,Transitorisches Risiko der technischen Umstellung auf emissionsarme Technologien,,Technologie,134,teilweise,Nachhaltigkeitsberichterstattung,,True,"Die voestalpine hat fünf wesentliche klimabezogene Risiken identifiziert, bei denen es sich um ein klimabezogenes physisches Risiko und vier klimabezogene Übergangsrisiken handelt: Klimabezogene Risiken Risiko Klimabezogenes physisches Risiko Akute und chronische physische Klimarisiken Klimabezogenes Übergangsrisiko Transitorisches Risiko: Technische Umstellung auf emissionsarme Technologien"
voestalpine AG,voestalpine,2025/26,Hersteller,hauptrisiken,Risiko bezueglich der Sicherstellung der Produktqualitaet bei vermehrtem Schrotteinsatz,,Technologie,134,exakt,Nachhaltigkeitsberichterstattung,,True,"Dem Risiko der „Sicherstellung der Produktqualität bei vermehrtem Schrotteinsatz“ begegnet die voestalpine mit einem breiten Maßnahmenbündel. Kern dieser Maßnahmen ist der verstärkte Forschungsfokus, um nach Umstellung von der Hochofen- auf die Elektrolichtbogenofenroute weiterhin Stahlgüten in höchster Qualität herstellen zu können"
voestalpine AG,voestalpine,2025/26,Hersteller,hauptrisiken,Technische Umstellung auf emissionsarme Technologien unter unsicheren Rahmenbedingungen und operativen Risiken,,Technologie,,nicht_gefunden,unbekannt,,False,"Die Transformation hin zu einer emissionsarmen Stahlproduktion im Rahmen von greentec steel erfordert von der voestalpine erhebliche Investitionen in neue Technologien und Anlagen, die unter teils unsicheren gesetzlichen Rahmenbedingungen getätigt werden"
voestalpine AG,voestalpine,2025/26,Hersteller,hauptrisiken,Kostenbelastungen und Wettbewerbsnachteile durch CO2e-Bepreisungsmechanismen wie ETS und CBAM,,Regulierung,181,exakt,Nachhaltigkeitsberichterstattung,,True,"CO2e-Bepreisungsmechanismen wie das EU-Emissionshandelssystem (ETS) und der CO2-Grenzausgleichsmechanismus (CBAM) führen zu steigenden finanziellen Belastungen, die potenziell Wettbewerbsnachteile gegenüber Nicht-EU-Wettbewerber:innen verursachen"
voestalpine AG,voestalpine,2025/26,Hersteller,hauptrisiken,Lieferengpässe und Preisvolatilität bei kritischen Rohstoffen,,Lieferkette,,nicht_gefunden,unbekannt,,False,"Im Zuge der Transformation steigt die Nachfrage nach kritischen Rohstoffen wie Stahlschrott sowie speziellen Metallen und Legierungen, wodurch das Risiko von Versorgungsengpässen zunimmt. Die voestalpine sieht sich mit einem wachsenden Bedarf konfrontiert"
voestalpine AG,voestalpine,2025/26,Hersteller,hauptrisiken,Versorgungsengpässe und steigende Kosten bei der Energiebeschaffung,,Lieferkette,182,teilweise,Nachhaltigkeitsberichterstattung,,True,Das transitorische Risiko für die voestalpine umfasst mögliche Versorgungsengpässe an großen Produktionsstandorten (insbesondere Linz und Donawitz) sowie steigende Energiebeschaffungskosten (erneuerbare und nicht erneuerbare Quellen) vor dem Hintergrund der europäischen Energiewende.
voestalpine AG,voestalpine,2025/26,Hersteller,hauptrisiken,Transitorisches Risiko durch Kosten aufgrund CO2e-Bepreisung,,Regulierung,191,exakt,Nachhaltigkeitsberichterstattung,,True,WEITERE AKTIVITÄTEN IM UMGANG MIT DEM TRANSITORISCHEN RISIKO: KOSTEN AUFGRUND CO2e-BEPREISUNG Die voestalpine begegnet diesem Risiko durch gezielte Investitionen im Rahmen einer schrittweisen Transformation der Produktionsprozesse.
voestalpine AG,voestalpine,2025/26,Hersteller,hauptrisiken,Risiko sinkender Produktqualität bei vermehrtem Schrotteinsatz in Elektrolichtbogenöfen,,Technologie,228,exakt,Geschaeftsbericht,,True,Der erhöhte Einsatz von Schrott im Zuge der Umstellung von primär kohlebasierten Hochöfen auf Elektrolichtbogenöfen birgt das Risiko sinkender Produktqualität. Wesentlich ist dieses Risiko aufgrund potenzieller Qualitätseinbußen bei verändertem Rohstoffeinsatz
voestalpine AG,voestalpine,2025/26,Hersteller,hauptrisiken,Lieferengpässe bzw. höhere Kosten für wichtige Materialien und Rohstoffe,,Lieferkette,134,teilweise,Nachhaltigkeitsberichterstattung,,True,Transitorisches Risiko: Lieferengpässe bzw. höhere Kosten für wichtige Materialien und Rohstoffe Transitorisches Risiko: Engpässe in der Energieversor- gung und höhere Kosten für die Energie beschaffung Maßnahmen für transitorische Risiken durch Engpassressour- cen
voestalpine AG,voestalpine,2025/26,Hersteller,hauptrisiken,"Berufliche Gefahren, Arbeitsunfälle und Berufskrankheiten der Beschäftigten",,Markt,242,exakt_mehrdeutig,Geschaeftsbericht,249,True,"Die Mitarbeiter:innen der voestalpine sind aufgrund der Branche, der Art ihrer Arbeit oder der Umgebung, in der sie arbeiten, beruflichen Gefahren und Risiken ausgesetzt, die zu Unfällen, Verletzungen, Krankheiten oder Erkrankungen führen können."
voestalpine AG,voestalpine,2025/26,Hersteller,hauptrisiken,Menschenrechts- und Umweltrisiken in der Lieferkette,,Lieferkette,306,teilweise,Geschaeftsbericht,,True,"Als Nachhaltigkeitsrisiken gelten hier mögliche Verletzungen von Gesetzen und Richtlinien in den Bereichen Menschenrechte und Umweltschutz (siehe nachfolgende Tabelle). Dazu zählt auch das Risiko möglicher Verletzungen von Menschen- und Arbeitsrechten, von dem die Arbeitskräfte in der Lieferkette betroffen sein können."
voestalpine AG,voestalpine,2025/26,Hersteller,hauptrisiken,Liquiditaetsrisiko im Rahmen der Finanzierung,,Finanzierung,414,exakt,Geschaeftsbericht,,True,"Das Liquiditätsrisiko bezeichnet das Risiko, Zahlungsverpflichtungen nicht durch Lieferung von Zahlungsmitteln erfüllen zu können."
voestalpine AG,voestalpine,2025/26,Hersteller,hauptrisiken,Kredit- und Bonitaetsrisiko gegenueber Geschaeftspartnern,,Finanzierung,94,exakt_mehrdeutig,Geschaeftsbericht,418,True,"Das Bonitätsrisiko bezeichnet Vermögensverluste, die aus der Nichterfüllung von Vertragsverpflichtungen einzelner Geschäftspartner:innen entstehen können."
voestalpine AG,voestalpine,2025/26,Hersteller,hauptrisiken,Währungsrisiko (insbesondere aus US-Dollar-Rohstoffeinkäufen sowie sonstigen Fremdwährungsexposures),,Finanzierung,421,teilweise,Geschaeftsbericht,,True,"Die größte Währungsposition im Konzern entsteht durch Einkäufe von Rohstoffen in US-Dollar, durch die weltweite Geschäftstätigkeit des voestalpine-Konzerns ergeben sich jedoch auch Währungs-exposures in diversen anderen Währungen."
voestalpine AG,voestalpine,2025/26,Hersteller,hauptrisiken,Cashflow-Zinsrisiko bei variabel verzinsten Finanzinstrumenten,,Finanzierung,422,exakt,Geschaeftsbericht,,True,"Die voestalpine AG unterliegt primär einem Cashflow-Risiko (Risiko, dass sich der Zinsaufwand bzw. Zinsertrag zum Nachteil verändert) bei variabel verzinsten Finanzinstrumenten."
voestalpine AG,voestalpine,2025/26,Hersteller,capex_ma_signale,Die voestalpine realisierte im Geschäftsjahr 2025/26 wichtige Wachstumsvorhaben in Verarbeitungsbereichen und startete zahlreiche Projekte an internationalen Standorten.,,,72,exakt,Geschaeftsbericht,,True,Im Geschäftsjahr 2025/26 realisierte die voestalpine wichtige Wachstumsvorhaben in Verarbeitungsbereichen. An internationalen Standorten wurden zahlreiche Projekte gestartet oder bereits umgesetzt.
voestalpine AG,voestalpine,2025/26,Hersteller,capex_ma_signale,Der Geschäftsbereich Railway Systems erwarb im Juli 2025 alle Anteile an der britischen Gesellschaft HIRD Rail Services Limited.,,,75,exakt,Geschaeftsbericht,,True,"Im Juli 2025 erwarb der Geschäftsbereich Railway Systems 100 % der Anteile an der Gesellschaft HIRD Rail Services Limited mit Sitz in Doncaster, Großbritannien."
voestalpine AG,voestalpine,2025/26,Hersteller,capex_ma_signale,Die Steel Division veräußerte im August 2025 die voestalpine Camtec Gruppe im Zuge einer Portfoliobereinigung.,,,75,exakt,Geschaeftsbericht,,True,"Im August 2025 veräußerte die Steel Division die voestalpine Camtec Gruppe. Diese ist auf die Herstellung von Schiebern und wartungsfreien Gleitelementen aus Messing, Kupfer und Aluminium spezialisiert"
voestalpine AG,voestalpine,2025/26,Hersteller,capex_ma_signale,Die High Performance Metals Division verkaufte voestalpine BÖHLER Profil an den Erwerber Kadant Inc.,,,75,exakt,Geschaeftsbericht,,True,Im Rahmen der Neuorganisation der High Performance Metals Division beschloss das Management der Division aus strategischen Gründen den Verkauf von voestalpine BÖHLER Profil. Ende Januar 2026 erfolgte der Vertragsabschluss mit dem Erwerber Kadant Inc.
voestalpine AG,voestalpine,2025/26,Hersteller,capex_ma_signale,Investitionsabflüsse bilden einen festen Bestandteil des für die kommenden zwölf Monate prognostizierten Liquiditätsbedarfs.,,,94,exakt,Geschaeftsbericht,,True,"Der geplante Liquiditätsbedarf der nächsten zwölf Monate setzt sich zusammen aus den planmäßigen Mittelabflüssen für Tilgung von Anleihen, Krediten und sonstigen Finanzierungsverbindlichkeiten, der Dividende, Investitionen sowie dem identifizierten Working Capital-Bedarf."
voestalpine AG,voestalpine,2025/26,Hersteller,capex_ma_signale,"Investition von 1,5 Mrd. EUR in zwei gruenstrombetriebene Elektrolichtbogenoefen in Linz und Donawitz",,,124,teilweise,Nachhaltigkeitsberichterstattung,,True,"In der ersten Phase werden bereits 1,5 Mrd. EUR in einen grünstrombetriebenen Elektrolichtbogenofen in Linz und in eine grünstrombetriebene Elektrolichtbogenofenanlage in Donawitz investiert, die jeweils einen Hochofen ersetzen sollen."
voestalpine AG,voestalpine,2025/26,Hersteller,capex_ma_signale,"Investitionen in zwei Elektrolichtbogenöfen in Linz und Donawitz im Rahmen des CapEx-Plans mit 1,5 Mrd. EUR Gesamtvolumen",,,176,teilweise,Nachhaltigkeitsberichterstattung,,True,"Im ersten Schritt des Stufenplans werden ein grünstrombetriebener Elektrolichtbogenofen (Electric Arc Furnace; EAF) in Linz und eine grünstrombetriebene Elektrolichtbogenofenanlage in Donawitz errichtet. So ist es möglich, ab 2027 nach erfolgtem Hochlauf jährlich ca."
voestalpine AG,voestalpine,2025/26,Hersteller,capex_ma_signale,"Investitionsbudget von 1,5 Mrd. EUR für Phase 1 des Klimaübergangsplans genehmigt",,,184,exakt,Nachhaltigkeitsberichterstattung,,True,"Die erste Phase des Plans und die erforderlichen finanziellen Mittel (1,5 Mrd. EUR Investitionsbudget) zur Umsetzung sind von Vorstand und Aufsichtsrat genehmigt. Die finanziellen Mittel zur Umsetzung von Phase 1 dieser Transformation"
voestalpine AG,voestalpine,2025/26,Hersteller,capex_ma_signale,"Investition von rund 1,5 Mrd. EUR für Elektrolichtbogenöfen in Linz und Donawitz genehmigt, davon rund 0,9 Mrd. EUR bis 2025/26 investiert",,,185,teilweise,Nachhaltigkeitsberichterstattung,,True,"Rund 1,5 Mrd. EUR wurden für die Elektrolichtbogenöfen in Linz und Donawitz im Zuge der Phase 1 des Klimaschutzprogramms greentec steel vom Aufsichtsrat bereits genehmigt, was einen zentralen Bestandteil des Klimaübergangsplans des Unternehmens bildet."
voestalpine AG,voestalpine,2025/26,Hersteller,capex_ma_signale,"Ausweisung von 381,8 Mio. EUR taxonomiekonformem CapEx im aktuellen Geschäftsjahr",,,,nicht_gefunden,unbekannt,,False,"Im aktuellen Geschäftsjahr wurden insgesamt 381,8 Mio. EUR CapEx als taxonomiekonform ausgewiesen (siehe auch Kapitel Angaben nach der EU -T axonomie -V erordnung), wobei 303,3 Mio. EUR auf die Wirtschaftstätigkeit 3.9 Herstellung von Eisen und Stahl entfallen"
voestalpine AG,voestalpine,2025/26,Hersteller,capex_ma_signale,"Finanzierung nachhaltiger Projekte wie greentec steel durch Begebung einer grünen Anleihe über 500,0 Mio. EUR",,,185,teilweise,Nachhaltigkeitsberichterstattung,,True,"Am 3. Oktober 2024 hat die voestalpine AG eine fix verzinste grüne Anleihe in der Höhe von 500,0 Mio. EUR begeben. Die Erlöse aus dieser Emission werden zu 100 % zur Refinanzierung bzw. Finanzierung nachhaltiger voestalpine - Projekte"
voestalpine AG,voestalpine,2025/26,Hersteller,capex_ma_signale,Im Rahmen von greentec steel sind Investitionen in Elektrolichtbogenoefen sowie CO2-Abscheidetechnologien vorgesehen.,,,387,exakt,Geschaeftsbericht,,True,In dieser sind die Investitionen in Richtung greentec steel – Ersatz von zwei der drei Hochöfen durch Elektrolichtbogenöfen mit geplanten Inbetriebnahmen ab dem Jahr 2027 und 2032 – sowie Investitionen für CO2 -Abscheidetechnologien (CCUS) enthalten.
voestalpine AG,voestalpine,2025/26,Hersteller,capex_ma_signale,Die Portfoliobereinigung der HPM Division wurde mit Unternehmensverkaufen und Standortkonsolidierungen weitgehend abgeschlossen.,,,387,teilweise,Geschaeftsbericht,,True,"Die Portfoliobereinigung der HPM Division ist mit den Unternehmensverkäufen (Buderus Edelstahl und BÖHLER Profil), den Kapazitätsan- passungen bei der voestalpine BÖHLER Bleche und den weltweiten Standortkonsolidierungen weit - gehend abgeschlossen."
voestalpine AG,voestalpine,2025/26,Hersteller,capex_ma_signale,Im Bereich Railway Systems sind Investitionen in eine Elektrolichtbogenofen-Anlage im Rahmen von greentec steel geplant.,,,389,exakt,Geschaeftsbericht,,True,Ebenso sind die Investitionen in Richtung greentec steel in der 5-Jahres-Mittelfristplanung sowie in der Grobplanungsphase für eine Elektrolichtbogenofen-Anlage und deren Erweiterung in der Vorproduktionsstufe enthalten.
voestalpine AG,voestalpine,2025/26,Hersteller,capex_ma_signale,"Abgang von Zahlungsmitteln für Unternehmenserwerbe in Höhe von 30,7 Mio. EUR sowie Netto-Cashflows aus Abgängen und Entkonsolidierungen",,,435,exakt,Geschaeftsbericht,,True,"Im Cashflow aus der Investitionstätigkeit sind aus Unternehmenserwerben Zugänge an Zahlungsmitteln und Zahlungsmitteläquivalenten in Höhe von 0,6 Mio. EUR (2024/25: 0,0 Mio. EUR) enthalten und ein Kaufpreis in Höhe von 30,7 Mio. EUR"
voestalpine AG,voestalpine,2025/26,Hersteller,capex_ma_signale,Mittelabflüsse und Verkaufserlöse aus dem Abgang von Tochtergesellschaften und Veräußerungsgruppen,,,435,exakt,Geschaeftsbericht,,True,"Aufgrund des Abganges von Tochtergesellschaften im laufenden Geschäftsjahr sind 1,5 Mio. EUR (2024/25: 0,0 Mio. EUR) Zahlungsmittel und Zahlungsmitteläquivalente abgeflossen und es ist ein Verkaufserlös in der Höhe von 4,7 Mio. EUR zugeflossen."
Lenzing AG,lenzing,2025,Hersteller,strategische_prioritaeten,Fokus auf margenstarke Marktsegmente und Premiumfasern bei Rueckzug aus Commodity-Segmenten,,,8,exakt,Geschaeftsbericht,,True,"Lenzing wird sich zukünftig auf margenstarke Marktsegmente und Premiumfasern fokussieren, während man sich schrittweise aus margenschwachen Commodity-Segmenten zurückziehen wird."
Lenzing AG,lenzing,2025,Hersteller,strategische_prioritaeten,"Fokus auf Kernsaeulen Premiumisierung, Exzellenz, Innovation und Nachhaltigkeit",,,7,exakt,Geschaeftsbericht,,True,"Um dies zu erreichen, setzen wir verstärkt auf die strategischen Kernsäulen Premiumisierung und Exzellenz, und bleiben führend bei Innovation und Nachhaltigkeit."
Lenzing AG,lenzing,2025,Hersteller,strategische_prioritaeten,Klimaneutralitaet und Reduktion von Treibhausgasemissionen,,,,nicht_gefunden,unbekannt,,False,"Lenzing verfolgt wissenschaft- lich fundierte Ziele zur Reduktion von Treibhausgas emissionen und strebt an, bis 2050 klimaneutral zu werden."
Lenzing AG,lenzing,2025,Hersteller,strategische_prioritaeten,Fokus auf Exzellenz und Premiumisierung,,,20,teilweise,Geschaeftsbericht,,True,"Unsere Strategie basiert auf vier zentralen Treibern: Exzellenz, Premiumisierung, Innovation und Nachhaltigkeit. Sie stärken die Differenzierung und die Wettbewerbsfähigkeit von Lenzing und helfen uns dabei, in allen Marktsegmenten besseres Wachs - tum und höhere Profitabilität zu erzielen."
Lenzing AG,lenzing,2025,Hersteller,strategische_prioritaeten,Kosten- und Effizienzstrukturverbesserung im Rahmen des Kernbereichs Exzellenz,,,,nicht_gefunden,unbekannt,,False,"Angesichts einer weiterhin verhaltenen Markt - erholung sowie steigender Kosten für Personal, Energie und Rohstoffe wurden zusätzliche Maßnahmen zur Verbesserung der Kosten und Effizienzstruktur beschlossen. Dazu zählen eine straffere Personal struktur im Verwaltungsbereich am Standort Lenzing"
Lenzing AG,lenzing,2025,Hersteller,strategische_prioritaeten,Fokus auf Premiumfasern und schrittweiser Rückzug aus Commodity-Segmenten,,,19,teilweise,Geschaeftsbericht,,True,"In diesem Kontext fokussiert sich Lenzing noch stärker auf Premium fasern mit höheren Margen, vermarktet unter den Produktmarken TENCEL ™ und VEOCEL ™ sowie LENZING™ für technische und industrielle Anwendungen. Parallel dazu wird sich das Unternehmen aus margenschwachen Commodity-Segmen - ten schrittweise zurückziehen."
Lenzing AG,lenzing,2025,Hersteller,strategische_prioritaeten,Systemischen Wandel vorantreiben,,,63,teilweise,Nachhaltigkeitsberichterstattung,,True,"Durch aktive Beiträge zu branchenweiten Methoden, Standards und Benchmarking-Tools trägt Lenzing dazu bei, die Nachhaltigkeitsleistung in der gesamten Branche zu beschleunigen."
Lenzing AG,lenzing,2025,Hersteller,strategische_prioritaeten,Förderung der Kreislaufwirtschaft,,,63,exakt,Nachhaltigkeitsberichterstattung,,True,"Lenzing ist bestrebt, die Wertschöpfung bei minimalem Einsatz neuer Rohstoffe zu maximieren und den Einsatz von fossilen Rohstoffen sowohl im eigenen Betrieb als auch entlang der gesamten Wertschöpfungskette zu reduzieren."
Lenzing AG,lenzing,2025,Hersteller,strategische_prioritaeten,Ökologisierung der Wertschöpfungskette,,,63,teilweise,Nachhaltigkeitsberichterstattung,,True,"Lenzing ermöglicht ihren Kunden und Partnern in der Wertschöpfungskette, durch verantwortungsbewusstes Handeln und innovative Produkte ihre Umwelt- und Sozialleistung zu verbessern und ihre Nachhaltigkeitsziele und -verpflichtungen zu erreichen."
Lenzing AG,lenzing,2025,Hersteller,strategische_prioritaeten,Mensch als strategischer Schwerpunkt,,,73,exakt,Nachhaltigkeitsberichterstattung,,True,"In Übereinstimmung mit ihrer Unternehmenskultur räumt die Lenzing Gruppe den Menschen als strategischem Schwerpunkt oberste Priorität ein, da sie ein integraler Bestandteil ihres ganzheitlichen Nachhaltigkeitsansatzes sind."
Lenzing AG,lenzing,2025,Hersteller,strategische_prioritaeten,Erhebliche Verringerung der Treibhausgasemissionen und Netto-Null bis 2050,,,104,exakt,Nachhaltigkeitsberichterstattung,,True,Lenzing wird seine Treibhausgasemissionen in den kommenden Jahren durch eine Reihe von Maßnahmen im Rahmen seiner Dekarbonisierungsstrategie und seiner SBTs erheblich reduzieren. Darüber hinaus strebt Lenzing bis 2050 eine Netto-Null-Treibhausgasemissionen an.
Lenzing AG,lenzing,2025,Hersteller,strategische_prioritaeten,Erhöhung des Anteils und der Arten alternativer Rohstoffe bis 2030,,,148,exakt,Geschaeftsbericht,,True,"Die Ziele sind auf die Beschaffung aus erneuerbaren Quellen und den Einsatz von recycelter Cellulose aus T extilabfällen sowie von landwirtschaftlichen Reststoffen ausgerichtet, um den Anteil und die Vielfalt alternativer Rohstoffe zu erhöhen."
Lenzing AG,lenzing,2025,Hersteller,strategische_prioritaeten,Moderne Arbeitsbedingungen mit Fokus auf die Vereinbarkeit von Beruf und Familie,,,209,exakt,Geschaeftsbericht,,True,"In der strategischen HR-Ausrichtung sind „Moderne Arbeitsbedingungen“ als Schwerpunkt definiert. Ein zentrales Thema in diesem Zusammenhang ist die Vereinbarkeit von Beruf und Familie, das je nach Standort und landesspezifischen Bedürfnissen umgesetzt wird."
Lenzing AG,lenzing,2025,Hersteller,wachstumsmaerkte,Gezielte Stärkung der Präsenz in Asien,Asien-Pazifik uebrig,,20,teilweise,Geschaeftsbericht,,True,Dazu zählen eine straffere Personal struktur im Verwaltungsbereich am Standort Lenzing sowie eine gezielte Stärkung der Präsenz in Asien und Nordamerika. Insgesamt ergeben sich daraus jährliche Einspa - rungen von mehr als EUR 45 Mio.
Lenzing AG,lenzing,2025,Hersteller,wachstumsmaerkte,Gezielte Stärkung der Präsenz in Nordamerika,Nordamerika,,20,teilweise,Geschaeftsbericht,,True,Dazu zählen eine straffere Personal struktur im Verwaltungsbereich am Standort Lenzing sowie eine gezielte Stärkung der Präsenz in Asien und Nordamerika. Insgesamt ergeben sich daraus jährliche Einspa - rungen von mehr als EUR 45 Mio.
Lenzing AG,lenzing,2025,Hersteller,hauptrisiken,"Geopolitische Spannungen, internationale Zoelle und Handelskonflikte mit Belastung der Wertschoepfungsketten",,Markt,,nicht_gefunden,unbekannt,,False,"Die Rahmen - bedingungen für die globale Textil- und Vliesstoffindustrie blieben herausfordernd: geopolitische Spannungen mit wechselnden Handelszöllen, ein volatiles Marktumfeld sowie anhaltender Kosten- und Wettbewerbsdruck entlang der Wertschöpfungs - ketten belasten Nachfrage und Preise."
Lenzing AG,lenzing,2025,Hersteller,hauptrisiken,US-Zoelle und globaler Zoll- und Handelskonflikt mit negativen Auswirkungen auf das Konsumentenvertrauen,,Markt,8,exakt,Geschaeftsbericht,,True,"Auf die Ankündigung hoher internationaler US-Zölle und den darauffolgenden globalen Zoll- und Handelskonflikt erfolgte allerdings erneut eine deutliche Marktverwerfung, mit negativen Implikationen auf Konsumentenvertrauen und die globale Textilwertkette."
Lenzing AG,lenzing,2025,Hersteller,hauptrisiken,"Anhaltend schwache Nachfrage nach regenerierten Cellulosefasern, asiatische Konkurrenz und Preisdruck",,Markt,,nicht_gefunden,unbekannt,,False,Ergebnisrisiken für Lenzing resultieren insbesondere aus der anhal- tend schwachen Nachfrage nach regenerierten Cellulosefasern. Diese ist auf eine Verschiebung des Marktgleichgewichts aufgrund verstärkter asiatischer Konkurrenz und der daraus folgenden nied- rigen Faserpreise sowie auf die volatile Preisentwicklung zentraler Rohstoffe und Energie zurückzuführen.
Lenzing AG,lenzing,2025,Hersteller,hauptrisiken,Handelsbeschränkungen durch geopolitische Spannungen und Handelskonflikte,,Markt,,nicht_gefunden,unbekannt,,False,Angesichts der geopolitischen Spannungen führen globale Han- delskonflikte zu einem erhöhten Risiko zusätzlicher Handelsbe- schränkungen mit potenziellen negativen Auswirkungen auf für Lenzing relevante Lieferketten und Absatzmärkte.
Lenzing AG,lenzing,2025,Hersteller,hauptrisiken,"Liquiditätsrisiken durch Zinsanstieg, Covenant-Nichteinhaltung oder Wegfall von Working-Capital-Programmen",,Finanzierung,39,teilweise,Geschaeftsbericht,,True,Ein deutlich ansteigendes Zinsniveau oder eine unerwartet negative Entwick- lung des operativen Geschäfts und des dadurch generierten Free Cashflows würde ein Risiko für die verfügbare Liquidität darstellen. Eine Nichteinhaltung der in Finanzierungsverträgen vorhandenen Financial Covenants würde zu einer Rückzahlungspflicht der Fi- nanzverbindlichkeiten führen
Lenzing AG,lenzing,2025,Hersteller,hauptrisiken,Währungsrisiko durch Abwertung des US-Dollars und des chinesischen Yuans,,Finanzierung,39,teilweise,Geschaeftsbericht,,True,Auf der Währungsseite würde sich eine Abwertung des US-Dollars als auch des chinesischen Yuans negativ auf das offene Währungs- volumen von Lenzing auswirken.
Lenzing AG,lenzing,2025,Hersteller,hauptrisiken,Risiken durch Künstliche Intelligenz und Cyberrisiken,,Technologie,,nicht_gefunden,unbekannt,,False,"T echnologische Umbrüche, insbesondere in den Bereichen künst- liche Intelligenz und Cyberrisiken, erhöhen die Anfälligkeit von Or- ganisationen und Unternehmen gleichermaßen."
Lenzing AG,lenzing,2025,Hersteller,hauptrisiken,Marktrisiko,,Markt,40,exakt,Geschaeftsbericht,,True,"Die Preis - und Mengenentwicklung ist bei Fasern für T extilien und in geringerem Maße auch bei Fasern für Vliesstoffe zyklisch, da sie von globalen und regionalen Konjunkturlagen abhängig ist."
Lenzing AG,lenzing,2025,Hersteller,hauptrisiken,Absatzrisiko,,Markt,40,exakt,Geschaeftsbericht,,True,"Abnahmeausfälle bei dieser Kundengruppe oder der gänzliche Verlust eines oder mehrerer Großkunden, ohne zeitgleich Ersatz zu finden, stellen gewisse Risiken dar, denen das Unternehmen durch seine globale Präsenz und die laufende Erweiterung des Kundenspektrums bzw. der Absatzsegmente entgegenwirkt."
Lenzing AG,lenzing,2025,Hersteller,hauptrisiken,Wettbewerbs- und Innovationsrisiko,,Technologie,41,teilweise,Geschaeftsbericht,,True,"Die Lenzing Gruppe ist dem Risiko ausgesetzt, ihre Position auf dem Fasermarkt durch einen steigenden Wettbewerb oder neue Technologien von Mitbewerbern zu verlieren."
Lenzing AG,lenzing,2025,Hersteller,hauptrisiken,Gesetze und Verordnungen,,Regulierung,41,exakt,Geschaeftsbericht,,True,"Eine Änderung von Gesetzen oder sonstigen Bestimmungen wie Importzölle, Produktklassifizierungen, Umweltauflagen etc., sowie die strengere Auslegung von Verordnungen und Gesetzen können zu erheblichen Mehrkosten und zu Wettbewerbsnachteilen führen."
Lenzing AG,lenzing,2025,Hersteller,hauptrisiken,Beschaffungsrisiko,,Lieferkette,41,exakt,Geschaeftsbericht,,True,"Die Faserproduktion und deren Margen sind Risiken der Verfügbarkeit und der Preisentwicklung dieser Rohstoffe unterworfen, die zum Nachteil der Lenzing Gruppe schwanken und durch den Klimawandel weiter verstärkt werden können."
Lenzing AG,lenzing,2025,Hersteller,hauptrisiken,Umsetzung des Klimaaktionsplans,,Markt,63,exakt,Nachhaltigkeitsberichterstattung,,True,Die größte künftige Herausforderung ist die Umsetzung von Lenzings Klimaaktionsplan. Der Fortschritt wird durch mehrere externe Faktoren beeinträchtigt.
Lenzing AG,lenzing,2025,Hersteller,hauptrisiken,Zunahme chronischer physischer Klimagefahren,,Lieferkette,96,exakt,Nachhaltigkeitsberichterstattung,,True,"Der Betrieb und die Lieferkette von Lenzing könnten zunehmend von extremen Wetterereignissen, Wasserknappheit und anderen physikalischen Gefahren unterschiedlichen Ausmaßes betroffen sein."
Lenzing AG,lenzing,2025,Hersteller,hauptrisiken,Risiko der Holzknappheit,,Markt,74,exakt_mehrdeutig,Nachhaltigkeitsberichterstattung,96,True,"Da Holz einer der wichtigsten Rohstoffe für Lenzing ist, kann das Risiko der Nichtverfügbarkeit von Holz aufgrund von Waldschäden (Krankheiten, Schädlinge usw.) als direkte Folge höherer Durchschnittstemperaturen das Kerngeschäft beeinträchtigen."
Lenzing AG,lenzing,2025,Hersteller,hauptrisiken,Risiko steigender Holzpreise,,Markt,74,exakt,Nachhaltigkeitsberichterstattung,,True,"Trotz der nachhaltigen Beschaffungspolitik von Lenzing und der rückwärtsintegrierten Produktion besteht die Gefahr, dass die Holzpreise aufgrund des Klimawandels und des zunehmenden Wettbewerbs um Biomasse und Landnutzung steigen."
Lenzing AG,lenzing,2025,Hersteller,hauptrisiken,Risiko steigender Kosten von Treibhausgasemissionen,,Regulierung,75,exakt_mehrdeutig,Nachhaltigkeitsberichterstattung,97,True,"Die zunehmende Regulierung, insbesondere in Bezug auf Umweltsteuern und Kohlenstoffbepreisung, stellt ein relevantes Risiko für Lenzing dar. In den Ländern, in denen Lenzing kohlenstoffintensive Prozesse durchführt, wurden bereits Vorschriften für Treibhausgasemissionen eingeführt"
Lenzing AG,lenzing,2025,Hersteller,hauptrisiken,Risiko der Nichteinhaltung der Europäischen Lieferkettenrichtlinie (CSDDD),,Regulierung,79,exakt_mehrdeutig,Nachhaltigkeitsberichterstattung,181,True,"Es besteht das Risiko der Nichteinhaltung der Europäischen Lieferkettenrichtlinie (CSDDD), wenn die internen Prozesse nicht umgesetzt werden."
Lenzing AG,lenzing,2025,Hersteller,hauptrisiken,Nichtverfügbarkeit von Holz aufgrund von Waldschäden,,Lieferkette,74,exakt_mehrdeutig,Nachhaltigkeitsberichterstattung,96,True,"Da Holz einer der wichtigsten Rohstoffe für Lenzing ist, kann das Risiko der Nichtverfügbarkeit von Holz aufgrund von Waldschäden (Krankheiten, Schädlinge usw.) als direkte Folge höherer Durchschnittstemperaturen das Kerngeschäft beeinträchtigen."
Lenzing AG,lenzing,2025,Hersteller,hauptrisiken,Steigende Holzpreise aufgrund des Klimawandels und Wettbewerbs,,Markt,74,exakt,Nachhaltigkeitsberichterstattung,,True,"Trotz der nachhaltigen Beschaffungspolitik von Lenzing und der rückwärtsintegrierten Produktion besteht die Gefahr, dass die Holzpreise aufgrund des Klimawandels und des zunehmenden Wettbewerbs um Biomasse und Landnutzung steigen."
Lenzing AG,lenzing,2025,Hersteller,hauptrisiken,Unvorhergesehene Energieengpässe,,Lieferkette,75,exakt_mehrdeutig,Nachhaltigkeitsberichterstattung,98,True,"Unvorhergesehene Energieengpässe könnten die Geschäftstätigkeit von Lenzing beeinträchtigen, was ein finanzielles Risiko darstellen kann."
Lenzing AG,lenzing,2025,Hersteller,hauptrisiken,Einstufung von Biomasse unter RED II/III,,Regulierung,75,exakt_mehrdeutig,Nachhaltigkeitsberichterstattung,98,True,Mit der Richtlinie über erneuerbare Energien (RED II /III) könnte Biomasse neu eingestuft werden und nicht mehr als erneuerbar gelten.
Lenzing AG,lenzing,2025,Hersteller,hauptrisiken,Künftige Regelungen zum Kohlenstoffpreis und Umweltsteuern,,Regulierung,103,exakt,Nachhaltigkeitsberichterstattung,,True,"Neu entstehende Vorschriften, vor allem in Bezug auf Umweltsteuern und Kohlenstoffpreise, stellen für Lenzing ein relevantes Risiko dar. In den Ländern, in denen Lenzing Prozesse mit hohen Emissionen betreibt, wurden bereits Vorschriften zu THG-Emissionen eingeführt"
Lenzing AG,lenzing,2025,Hersteller,hauptrisiken,Erhöhte Kosten für Biomasse und Holz,,Lieferkette,103,exakt,Nachhaltigkeitsberichterstattung,,True,"Trotz der nachhaltigen Beschaffungspolitik von Lenzing und der rückwärtsintegrierten Produktion besteht die Gefahr, dass die Holzpreise aufgrund des Klimawandels, der weltweit steigenden Nachfrage nach Biomasse und alternative Formen der Landnutzung steigen."
Lenzing AG,lenzing,2025,Hersteller,hauptrisiken,Reputationsrisiko in der Textilindustrie,,Markt,103,exakt,Nachhaltigkeitsberichterstattung,,True,"Die Textilindustrie, in der die Produkte von Lenzing gewöhnlich verwendet werden, wird wegen ihrer teilweise nicht nachhaltigen und ressourcenintensiven Wirtschaftsweise und ihrer Produktionsprozesse kritisch beäugt. Dies könnte zu negativer Medienberichterstattung und einer weiteren Stigmatisierung der Branche führen"
Lenzing AG,lenzing,2025,Hersteller,hauptrisiken,Chronische physische Klimarisiken beeinträchtigen Betrieb und Lieferkette,,Lieferkette,104,exakt,Nachhaltigkeitsberichterstattung,,True,"Die Geschäftstätigkeit und die Lieferkette der Lenzing Gruppe könnten zunehmend von extremen Wetterereignissen, Wasserknappheit oder anderen physischen Gefahren unterschiedlichen Ausmaßes betroffen sein. Aus Sicht der Lieferkette könnten beispielsweise klimawandelbedingte Auswirkungen wie starke Niederschläge"
Lenzing AG,lenzing,2025,Hersteller,hauptrisiken,"Finanzielle Risiken aus Finanzinstrumenten (Ausfalls-, Liquiditäts-, Fremdwährungs-, Rohstoffpreis- und Zinsrisiko)",,Finanzierung,275,exakt,Geschaeftsbericht,,True,"Die finanziellen Risiken aus Finanzinstrumenten – Ausfallsrisiko, Liquiditätsrisiko, Fremdwährungsrisiko (insbesondere BRL, CNY, CZK, HKD, IDR, THB und USD), Rohstoffpreisrisiko und Zinsrisiko – werden als für die Lenzing Gruppe relevante Risiken eingestuft."
Lenzing AG,lenzing,2025,Hersteller,hauptrisiken,"Fremdwährungsrisiko aus Zahlungsflüssen, Investitionen, Veranlagungen und Finanzierungen in Fremdwährungen",,Finanzierung,280,exakt,Geschaeftsbericht,,True,Aufgrund von Zahlungsflüssen aus Investitionen und aus dem operativen Geschäft sowie aus Veranlagungen und Finanzierungen in Fremdwährungen sind die Konzerngesellschaften der Lenzing Gruppe Fremdwährungsrisiken ausgesetzt.
Lenzing AG,lenzing,2025,Hersteller,hauptrisiken,Translationsrisiko aufgrund der Konsolidierung ausländischer Beteiligungen,,Finanzierung,,nicht_gefunden,unbekannt,,False,"Auf Konzernebene wird auch das Translationsrisiko regelmäßig bewertet und beobachtet. Als Translationsrisiko wird jenes Risiko bezeichnet, das aufgrund der Konsolidierung ausländischer Beteiligungen entsteht, deren funktionale Währung nicht der EUR ist."
Lenzing AG,lenzing,2025,Hersteller,hauptrisiken,Bilanzielles Preisrisiko und Marktwertveränderungen bei Gaspreis-Derivaten (Gasswaps),,Markt,280,exakt,Geschaeftsbericht,,True,"Aufgrund der Gasswaps ist die Lenzing Gruppe bilanziellen Preisrisiken ausgesetzt. Diese Risiken bestehen insbesondere darin, dass die Bewertung der Gasswaps zum beizulegenden Marktwert bei einer nachteiligen Veränderung der Marktpreise zu Belastungen des sonstigen Ergebnisses bzw. des Eigenkapitals führen kann."
Lenzing AG,lenzing,2025,Hersteller,hauptrisiken,"Branchenübliche Marktpreisrisiken insbesondere bei Holz, Chemikalien, Zellstoff und Energie",,Markt,,nicht_gefunden,unbekannt,,False,"Die Lenzing Gruppe unterliegt mit ihrer Geschäftstätigkeit branchenüblichen Marktpreisrisiken (insbesondere bei Holz, Chemikalien, Zellstoff und Energie), die nicht über Derivate bzw. Finanzinstrumente, sondern über andere Sicherungsmaßnahmen (insbesondere lang- und kurzfristige Bezugsverträge bei verschiedenen Lieferanten) abgesichert werden."
Lenzing AG,lenzing,2025,Hersteller,hauptrisiken,Zinsrisiken bezüglich beizulegendem Zeitwert und Cashflow-Schwankungen,,Finanzierung,281,teilweise,Geschaeftsbericht,,True,Die Lenzing Gruppe ist aufgrund von geschäftsbedingten Finanzierungs- bzw. Veranlagungsaktivitäten einem Zinsrisiko ausgesetzt. Zinsrisiken bestehen aufgrund potenzieller Änderungen des Marktzinses und können bei fix verzinsten Finanzinstrumenten zu einer Änderung des beizulegenden Zeitwerts
Lenzing AG,lenzing,2025,Hersteller,capex_ma_signale,Investition von 15 Mio. EUR in den Ausbau der Produktion von VEOCEL Viscostar-Fasern,,,15,exakt,Geschaeftsbericht,,True,"Lenzing investiert EUR 15 Mio. in den Ausbau der Produktion von VEOCEL™ Viscostar-Fasern, um seine Marktstellung im Bereich Damenhygieneprodukte zu stärken und eine umweltfreundliche Alternative zu synthetischen Fasern zu bieten."
Lenzing AG,lenzing,2025,Hersteller,capex_ma_signale,Strategische Pruefung und Evaluierung verschiedener Optionen einschliesslich Verkauf des Produktionsstandortes in Indonesien,,,6,exakt,Geschaeftsbericht,,True,"Im dritten Quartal 2025 wurde eine strategische Überprüfung des Produktionsstandortes in Indonesien eingeleitet, um verschiedene Optionen einschließlich eines möglichen Verkaufs zu evaluieren."
Lenzing AG,lenzing,2025,Hersteller,capex_ma_signale,Investitionen in erneuerbare Energien und Ausbau des Photovoltaik-Parks am Standort Lenzing,,,15,exakt,Geschaeftsbericht,,True,"Dazu investiert das Unternehmen in erneuerbare Energien, wie den Ausbau des Photovoltaik-Parks am Standort Lenzing."
Lenzing AG,lenzing,2025,Hersteller,capex_ma_signale,Investitionsprogramm von über EUR 100 Mio. für österreichische Produktionsstandorte Lenzing und Heiligenkreuz,,,20,teilweise,Geschaeftsbericht,,True,"Lenzing plant Investitionen von über EUR 100 Mio. für die Standorte Lenzing und Heiligenkreuz, um deren Wett - bewerbsfähigkeit zu sichern."
Lenzing AG,lenzing,2025,Hersteller,capex_ma_signale,Investition von EUR 15 Mio. zur Erweiterung der Vliesstoffkapazitäten am Standort Lenzing,,,20,teilweise,Geschaeftsbericht,,True,Dazu zählt unter anderem die beschlossene Investition von EUR 15 Mio. in die Erweiterung der Vliesstoffkapazitäten am Standort Lenzing. Diese Investition ist Teil des geplanten Investitons - programms von insgesamt EUR 100 Mio. für die österreichischen Produktionsstandorte.
Lenzing AG,lenzing,2025,Hersteller,capex_ma_signale,Übernahme der kontrollierenden Mehrheit am schwedischen Unternehmen TreeToTextile AB im Februar 2026,,,37,teilweise,Geschaeftsbericht,,True,"Im Februar 2026 erhöhte die Lenzing Gruppe ihre bestehende Be- teiligung an T ree T o T extile AB und übernahm damit die kontrollie- rende Mehrheit. Mit der Mehrheitsübernahme unterstreicht Lenzing ihren Anspruch, die Premiumisierungsstrategie konse- quent voranzutreiben"
Lenzing AG,lenzing,2025,Hersteller,capex_ma_signale,Im Geschäftsjahr 2023 wurden im Rahmen eines Unternehmenserwerbes im Wesentlichen Sachanlagen erworben und somit dem CAPEX zugerechnet.,,,49,exakt,Geschaeftsbericht,,True,Im Ge schäftsjahr 2023 wurden im Rahmen eines Unternehmenserwerbes im Wesentlichen Sachanlagen erworben und somit dem CAPEX zugerechnet (siehe Note 3 im Konzernabschluss 31. Dezember 2023).
Lenzing AG,lenzing,2025,Hersteller,capex_ma_signale,"Investition in Erdgaspipeline, Gaskessel und Turbine am Standort Nanjing (China)",,,,nicht_gefunden,unbekannt,,False,"Erdgaspipeline, Gaskessel und Turbine am Standort Nanjing (China), als Ersatz für kohlebasierten Dampf, in Betrieb seit 2025"
Lenzing AG,lenzing,2025,Hersteller,capex_ma_signale,Austausch von Gaskesseln am Standort Mobile (USA),,,80,exakt,Nachhaltigkeitsberichterstattung,,True,Austausch von Gaskesseln an Lenzings Standort in Mobile (USA) im Jahr 2025 durch effizientere Modelle
Lenzing AG,lenzing,2025,Hersteller,capex_ma_signale,"Inbetriebnahme und Fertigstellung von Kläranlagen in Grimsby, Mobile und Purwakarta",,,80,exakt,Nachhaltigkeitsberichterstattung,,True,Die Kläranlagen in Grimsby (Großbritannien) wurde 2025 vollständig in Betrieb genommen. Die Kläranlagen in Mobile (USA) und Purwakarta (Indonesien) wurden 2024 fertiggestellt und entwickeln sich gut
Lenzing AG,lenzing,2025,Hersteller,capex_ma_signale,Fertigstellung einer Reinigungsanlage für Extraktionsmittel in Lenzing (Österreich),,,80,exakt,Nachhaltigkeitsberichterstattung,,True,Eine Reinigungsanlage für Extraktionsmittel wurde 2025 in Lenzing (Österreich) fertiggestellt
Lenzing AG,lenzing,2025,Hersteller,capex_ma_signale,Investition in die Umstellung von Kohle auf Erdgas am Standort Nanjing in China,,,99,exakt,Nachhaltigkeitsberichterstattung,,True,"Lenzing hat an ihrem Viscosestandort in Nanjing (China) rund EUR 30 Mio. investiert, um von Kohle auf Erdgas umzustellen."
Lenzing AG,lenzing,2025,Hersteller,capex_ma_signale,Prüfung einer Investition in ein Dekarbonisierungsprojekt am Standort Heiligenkreuz in Österreich,,,100,teilweise,Nachhaltigkeitsberichterstattung,,True,"So erwägt Lenzing beispielsweise eine Investition an ihrem Standort Heiligenkreuz (Österreich) in ein Projekt, das den Verbrauch fossiler Brennstoffe und die Treibhausgasemissionen erheblich reduzieren würde."
Lenzing AG,lenzing,2025,Hersteller,capex_ma_signale,"Investitionen in immaterielle Anlagen, Sachanlagen und biologische Vermögenswerte beliefen sich 2025 auf 141,083 Mio. Euro (Vorjahr: 153,761 Mio. Euro).",,,217,exakt,Geschaeftsbericht,,True,"Erwerb von immateriellen Anlagen, Sachanlagen und biologischen Vermögenswerten –141.083 –153.761 – Erwerb/Auszahlung von Finanzanlagen und Beteiligungen, die nach der Equity-Methode bilanziert werden –26.061 –37.024"
Lenzing AG,lenzing,2025,Hersteller,capex_ma_signale,Im Geschäftsjahr 2025 wurde das schwedische Cellulosefaserunternehmen TreeToTextile AB nach dem Closing im Februar at-equity in den Konsolidierungskreis aufgenommen.,,,223,exakt,Geschaeftsbericht,,True,"Im Oktober 2024 wurde eine Minderheitsbeteiligung am schwedischen Cellulosefaserunternehmen T ree T o T extile AB (TTT), Stockholm, Schweden erworben. Mit dem Closing im Februar 2025 wurde das assoziierte Unternehmen TTT at-equity in den Konsolidierungskreis aufgenommen."
Lenzing AG,lenzing,2025,Hersteller,capex_ma_signale,"Die Lenzing Gruppe hielt zum 31. Dezember 2025 eine Beteiligung von 22,6 Prozent an der TreeToTextile AB.",,,241,exakt,Geschaeftsbericht,,True,"Die Lenzing Gruppe hält per 31. Dezember 2025 22,6 Prozent am Kapital und an den Stimmrechten der TTT (31. Dezember 2024: 0,0 Prozent)."
Lenzing AG,lenzing,2025,Hersteller,capex_ma_signale,Im Geschäftsjahr 2025 investierte die Lenzing Gruppe Zugänge bei den Sachanlagen in Höhe von 123.123 TEUR.,,,236,teilweise,Geschaeftsbericht,,True,"Die Sachanlagen haben sich wie folgt entwickelt: Entwicklung der Sachanlagen TEUR 2025 Grundstücke und Bauten Technische Anlagen und Maschinen, Betriebs- und Geschäftsausstattung Geleistete Anzahlungen und Anlagen in Bau Summe Anschaffungs- und Herstellungskosten Stand zum 01.01.2025"
Lenzing AG,lenzing,2025,Hersteller,capex_ma_signale,Die Lenzing Gruppe hält per 31. Dezember 2025 unverändert eine 40-prozentige Beteiligung am Kapital und an den Stimmrechten der LPP.,,,242,exakt,Geschaeftsbericht,,True,"Die Lenzing Gruppe hält per 31. Dezember 2025 40 Prozent am Kapital und an den Stimmrechten der LPP (31. Dezember 2024: 40 Prozent). Die Haupttätigkeit der nicht börsennotierten LPP besteht in der Erzeugung von auf Zellulose basierenden Produkten, insbesondere Papier."
Lenzing AG,lenzing,2025,Hersteller,capex_ma_signale,"Die Lenzing Gruppe hält per 31. Dezember 2025 eine 20-prozentige Beteiligung an der Equi-Fibres Beteiligungsgesellschaft mbH (EFB), deren Tochter KFG den Betrieb einstellt.",,,242,teilweise,Geschaeftsbericht,,True,Die Lenzing Gruppe hält per 31. Dezember 2025 20 Prozent am Kapital und an den Stimmrechten der nicht börsennotierten Equi-Fibres Beteiligungsgesellschaft mbH (EFB) (31. Dezember 2024: 20 Prozent).
Andritz AG,andritz,2025,Hersteller,strategische_prioritaeten,Erreichen der Marktposition als Komplettanbieter in allen Geschäftsbereichen durch organisches Wachstum und komplementäre Akquisitionen,,,26,exakt,Geschaeftsbericht,,True,"Eines der wesentlichen strategischen Ziele der ANDRITZ -Gruppe besteht darin, durch organisches Wachstum und komplementäre Akquisitionen in allen Geschäftsbereichen zum Komplettanbieter zu werden."
Andritz AG,andritz,2025,Hersteller,strategische_prioritaeten,"Fokus auf die Entwicklung digitaler Produkte und Lösungen mit Schwerpunkt Cybersicherheit, KI und neuesten Technologien",,,27,exakt,Geschaeftsbericht,,True,"ANDRITZ sieht in der Digitalisierung ein wesentliches Wachstumsfeld für die Zukunft und wird daher weiterhin stark auf die Entwicklung digitaler Produkte und Lösungen fokussiert sein. Das Hauptaugenmerk liegt dabei auf Cybersicherheit, der Verwendung von Künstlicher Intelligenz (KI)"
Andritz AG,andritz,2025,Hersteller,strategische_prioritaeten,Steigerung des Umsatzanteils nachhaltiger Technologien durch neue Produkte,,,90,exakt,Geschaeftsbericht,,True,"Das Unternehmen generiert bereits heute rund 45% seines Gesamtumsatzes aus Produkten und Lösungen, die zur Herstellung von erneuerbarer Energie, zu Umweltschutz, Kreislaufwirtschaft und E -Mobilität beitragen. Dieser Anteil soll künftig durch neue Produkte (zB Green Hydrogen und Carb on Storage) noch gesteigert werden."
Andritz AG,andritz,2025,Hersteller,wachstumsmaerkte,Strukturelle Transformation der Zellstoff- und Papierindustrie in China hin zu Upstream-Integration und vollintegrierten Produktionskapazitäten,China,,8,exakt,Geschaeftsbericht,,True,"In China setzte die Zellstoff - und Papierindustrie ihre strukturelle Transformation mit dem Ziel einer zunehmenden Upstream -Integration fort. Führende Marktteilnehmer investierten verstärkt in vollständig integrierte Produktionskapazitäten, um sich einen größeren Anteil an der Wertschöpfungskette zu sichern."
Andritz AG,andritz,2025,Hersteller,wachstumsmaerkte,Wiederaufnahme und Initiierung neuer Greenfield-Wasserkraftprojekte wie Pumpspeicherkraftwerke,Lateinamerika,,8,exakt,Geschaeftsbericht,,True,"Während in westlichen Märkten wie Nordamerika und Europa weiterhin Sanierungs - und Modernisierungsprojekte dominierten, wurden in Schwellen regionen wie Afrika, Asien und Lateinamerika wieder vermehrt neue Greenfield -Projekte (bspw. Pumpspeicher) initiiert."
Andritz AG,andritz,2025,Hersteller,wachstumsmaerkte,Neubau und Initiierung von Greenfield-Wasserkraftprojekten,Afrika,,8,exakt,Geschaeftsbericht,,True,"Während in westlichen Märkten wie Nordamerika und Europa weiterhin Sanierungs - und Modernisierungsprojekte dominierten, wurden in Schwellen regionen wie Afrika, Asien und Lateinamerika wieder vermehrt neue Greenfield -Projekte (bspw. Pumpspeicher) initiiert."
Andritz AG,andritz,2025,Hersteller,wachstumsmaerkte,Wachstum im Bereich Clean Air Technologies durch Nachfrage nach Neuanlagen und Modernisierungen in den USA,Nordamerika,,9,exakt,Geschaeftsbericht,,True,"Demgegenüber entwickelten sich die Märkte für Clean Air Technologies sehr positiv. Die größten Treiber dieser Entwicklung waren die steigende Nachfrage nach Neuanlagen sowie nach Modernisierungen bestehender Anlagen, insbesondere in etablierten Industrieregionen wie den USA."
Andritz AG,andritz,2025,Hersteller,wachstumsmaerkte,Wachstum im Bereich Metals Forming gleicht Herausforderungen im Automobilsektor ab,China,,40,teilweise,Geschaeftsbericht,,True,Im Bereich Metals Forming werden strukturelle Herausforderungen im Automobilsektor durch relativ stabile Nachfrage nach Nicht‑Automobil‑Anwendungen sowie durch Wachstum in China abgefedert. Im Bereich Metals Processing wird für 2026 ein weiterhin robustes Marktumfeld erwartet.
Andritz AG,andritz,2025,Hersteller,hauptrisiken,"Auftragsunterbrechungen und geänderte Rahmenbedingungen durch kriegerische Konflikte, Terrorismus oder Gesetzesänderungen in politisch riskanten Ländern",,Regulierung,24,exakt,Geschaeftsbericht,,True,"Unterbrechungen von Aufträgen könnten die Folge terroristischer oder kriegerischer Aktivitäten oder politischer Veränderungen sein. Die politischen Entwicklungen werden für alle Länder bzw. Regionen, in denen der Konzern tätig ist, kontinuierlich beobachtet und wesentliche politische Risiken werden vor dem Eintritt in neue Länder überprüft."
Andritz AG,andritz,2025,Hersteller,hauptrisiken,Nachträgliche Steuer- und Zollbelastungen sowie finanzielle und Reputationsschäden durch Nichteinhaltung rechtlicher Bestimmungen,,Regulierung,24,exakt,Geschaeftsbericht,,True,Eine Änderung von Gesetzen oder sonstigen Bestimmungen – darunter fallen auch Regelungen zu Importzöllen etc. – sowie unterschiedliche Auslegungen der jeweils geltenden Bestimmungen können zu nachträglichen Steuer - und Zollbelastungen führen.
Andritz AG,andritz,2025,Hersteller,hauptrisiken,Verlust von Marktanteilen und Margendruck durch intensiven Wettbewerb und Verlust von Großkunden,,Markt,25,exakt,Geschaeftsbericht,,True,"Die ANDRITZ -Gruppe agiert in sehr wettbewerbsintensiven Märkten, in denen einige wenige große Anbieter um einige wenige Großaufträge bieten. Darüber hinaus gibt es lokal eine Vielzahl kleiner konkurrierenden Unternehmen, die über eine vergleichsweise niedrige Kostenbasis verfügen."
Andritz AG,andritz,2025,Hersteller,hauptrisiken,"Verletzung und Diebstahl von geistigem Eigentum durch Produktpiraterie, Cyberattacken und Industriespionage",,Technologie,25,exakt,Geschaeftsbericht,,True,"Da die Wettbewerbsposition der Gruppe auch auf proprietären Technologien beruht, können die durch das digitale Zeitalter begünstigte Zunahme von Produktpiraterie, Cyberattacken und Industriespionage sowie der damit einhergehende Diebstahl von geistigem Eigentum ebenfalls negative Auswirkungen auf die Wettbewerbsposition der Gruppe haben."
Andritz AG,andritz,2025,Hersteller,hauptrisiken,Kundenseitige Nachfrageschwankungen und Volatilität bei Auftragseingang und Projektvergaben,,Markt,25,exakt,Geschaeftsbericht,,True,"Einige Kundengruppen und Industrien, die ANDRITZ beliefert, sind direkt von der allgemeinen Wirtschaftsentwicklung abhängig und unterliegen damit häufig Nachfrageschwankungen hinsichtlich ihrer Produkte. Dies trifft vor allem auf die Geschäftsbereiche Pulp & Paper sowie Metals zu"
Andritz AG,andritz,2025,Hersteller,hauptrisiken,"Risiken bei der Identifikation, Finanzierung, Durchführung und Integration komplementärer Unternehmenskäufe",,Finanzierung,26,exakt,Geschaeftsbericht,,True,"Es kann jedoch nicht garantiert werden, dass die Gruppe auch künftig in der Lage sein wird, geeignete Akquisitionsziele zu identifizieren und zu erwerben, dass überhaupt geeignete Unternehmen zur Verfügung stehen und ausreichend Finanzmittel für große Akquisitionen aufgebracht werden können."
Andritz AG,andritz,2025,Hersteller,hauptrisiken,Risiko von Cyberangriffen und unbefugtem Datenzugriff bei zunehmender Digitalisierung,,Technologie,31,exakt,Geschaeftsbericht,,True,"Der unbefugte Zugriff auf oder der Abzug sensibler Unternehmensdaten sowie die mangelnde Verfügbarkeit der Systeme als Folge von Cyber-Angriffen sind wesentliche Risiken, denen ANDRITZ in zunehmendem Maße ausgesetzt ist."
Andritz AG,andritz,2025,Hersteller,hauptrisiken,Lieferausfälle und Verzögerungen durch geopolitische Krisen und Handelskonflikte,,Lieferkette,28,exakt,Geschaeftsbericht,,True,"Globale und regionale Krisen, politische bzw. wirtschaftliche Konflikte oder Naturkatastrophen können dazu führen, dass Lieferanten nicht in der Lage sind, von ANDRITZ bestellte Produkte rechtzeitig zu fertigen und zu liefern"
Andritz AG,andritz,2025,Hersteller,hauptrisiken,Wechselkursschwankungen insbesondere beim US-Dollar mit Einfluss auf das Konzernergebnis,,Finanzierung,30,exakt,Geschaeftsbericht,,True,"Obwohl die Gruppe bestrebt ist, die Nettowährungsposition von nicht in der jeweiligen funktionalen Währung der Konzerngesellschaft abgeschlossenen Aufträge durch den Abschluss von Termingeschäften abzusichern, können sich Währungsschwankungen mit Wechselkursverlusten im Konzernabschluss niederschlagen."
Andritz AG,andritz,2025,Hersteller,hauptrisiken,Rechtliche Risiken und nachteilige Änderungen gesetzlicher Rahmenbedingungen,,Regulierung,30,exakt,Geschaeftsbericht,,True,"Zusätzlich bestehen rechtliche Risiken, die über laufende Verfahren hinausgehen. Dazu zählen potenzielle zivil- oder strafrechtliche Folgen im Falle von Verstößen gegen einschlägige gesetzliche Bestimmungen sowie mögliche Auswirkungen nachteiliger Änderungen der gesetzlichen Rahmenbedingungen oder der Rechtsprechung."
Andritz AG,andritz,2025,Hersteller,hauptrisiken,Risiken des Klimawandels (physische Risiken und Übergangsrisiken),,Markt,90,exakt,Geschaeftsbericht,,True,Zu den Risiken des Klimawandels für die ANDRITZ -Gruppe zählen einerseits physische Risiken sowie auch Übergangsrisiken. Diesen Risiken begegnet ANDRITZ durch ein breites Produktportfolio im Bereich der „nachhaltigen Technologien“.
Andritz AG,andritz,2025,Hersteller,hauptrisiken,Risiken aus Finanzinstrumenten sowie strategische und operative Risiken,,Finanzierung,129,exakt,Geschaeftsbericht,,True,"Als global tätiges Unternehmen, das verschiedenste Märkte und Kunden bedient, ist die Gruppe Risiken in Verbindung mit Finanzinstrumenten sowie strategischen und operativen Risiken ausgesetzt."
Andritz AG,andritz,2025,Hersteller,hauptrisiken,Ausfall von Kontrahenten oder Zahlungsverzug von Kunden,,Finanzierung,135,exakt,Geschaeftsbericht,,True,"Es kann jedoch nicht ausgeschlossen werden, dass es einzelne Zahlungsausfälle gibt, die im Eintrittsfall einen wesentlichen negativen Einfluss auf die Ergebnis - und Liquiditätsentwicklung der Gruppe haben."
Andritz AG,andritz,2025,Hersteller,hauptrisiken,"Marktpreisrisiken durch Änderungen von Wechselkursen, Zinssätzen oder Aktienkursen",,Finanzierung,136,exakt,Geschaeftsbericht,,True,"Das Marktrisiko umfasst das Risiko, dass sich die Marktpreise, zum Beispiel Währungskurse, Zinssätze oder Aktienkurse, ändern und dadurch die Erträge des Konzerns oder der Wert der gehaltenen Finanzinstrumente beeinflusst werden."
Andritz AG,andritz,2025,Hersteller,hauptrisiken,Turbulenzen an den Finanzmärkten und Preisentwicklung von Wertpapieren,,Finanzierung,134,exakt,Geschaeftsbericht,,True,Turbulenzen an den internationalen Finanzmärkten können jedoch zu einer ungünstigen Preisentwicklung bei verschiedenen Wertpapieren oder zu deren Unhandelbarkeit führen. Dies könnte sich aufgrund notwendig werdender Abwertungen oder Wertberichtigungen negativ auf das Finanzergebnis
Andritz AG,andritz,2025,Hersteller,capex_ma_signale,Investitionen in Sachanlagen und immaterielle Vermögenswerte mit Fokus auf Modernisierung und Erweiterung,,,20,teilweise,Geschaeftsbericht,,True,"Die Investitionsschwerpunkte betrafen – wie in den Vorjahren – insbesondere Modernisierungen von Fertigungs - stätten sowie vereinzelte Erweiterungsinvestitionen zur Unterstützung des Wachstums im Wesentlichen in Nordamerika, Europa und China."
Andritz AG,andritz,2025,Hersteller,capex_ma_signale,Erwerb der LDX-Gruppe (Dustex LLC und Western Pneumatics) in den USA im Bereich Environment & Energy,,,22,exakt,Geschaeftsbericht,,True,"ANDRITZ hat im Februar 2025 die in den USA ansässige Dustex LLC samt Tochtergesellschaft Western Pneumatics, LLC (gemeinsam LDX -Gruppe) erworben. LDX zählt zu den führenden Anbietern von Technologien und Dienstleistungen zur Emissionsreduktion"
Andritz AG,andritz,2025,Hersteller,capex_ma_signale,Übernahme der italienischen A.Celli Paper S.P.A. zur Erweiterung des Bereichs Pulp & Paper,,,22,exakt,Geschaeftsbericht,,True,"ANDRITZ erwarb im Juli 2025 die A.Celli Paper S.P.A. mit Sitz in Italien, samt weiteren Tochtergesellschaften in Italien und China. A.Celli verfügt über jahrzehntelange Erfahrung in der Lieferung von Maschinen und Kernkomponenten für die Produktion von Tissue"
Andritz AG,andritz,2025,Hersteller,capex_ma_signale,Erwerb der Salico-Gruppe für den Geschäftsbereich Metals,,,22,exakt,Geschaeftsbericht,,True,"Des weiteren hat ANDRITZ im Juli 2025 die Salico -Gruppe, mit Hauptsitz in Italien und Spanien erworben. Der Erwerb umfasst auch Tochtergesellschaften in Großbrita nnien, den USA und Indien."
Andritz AG,andritz,2025,Hersteller,capex_ma_signale,"Erwerb der Diamond-Gruppe im Bereich Zellstoff-, Papier- und Energietechnologie",,,22,exakt,Geschaeftsbericht,,True,"Im Juli 2025 wurde außerdem von ANDRITZ die Diamond -Gruppe mit Hauptsitz in den USA und Großbritannien erworben. Die Akquisition umfasst ebenso auch Tochtergesellschaften in Deutschland, Schweden, Finnland, Brasilien, Thailand , China , Südafrika und der Tschechischen Republik ."
Andritz AG,andritz,2025,Hersteller,capex_ma_signale,Asset-Deal-Erwerb wesentlicher Bereiche von Allen-Sherman-Hoff (ASH) für Pulp & Paper,,,22,exakt,Geschaeftsbericht,,True,"Im November 2025 hat ANDRITZ wesentliche Bereiche von Allen -Sherman-Hoff (ASH) im Rahmen eines Asset Deals erworben. ASH ist ein anerkannter Marktführer für Asche -Handhabungssysteme und beliefert Kraftwerke, Biomasseanlagen, die Papier - und Zellstoffindustrie"
Andritz AG,andritz,2025,Hersteller,capex_ma_signale,"Mehrheitsübernahme von 51 % an Baoding Sanzheng Electrical Equipment Co., Ltd. in China",,,22,exakt,Geschaeftsbericht,,True,"ANDRITZ hat im Dezember 2025 51% der Anteile an Boading Sanzheng Electrical Equipment Co., Ltd. mit dem Hauptsitz in China unterzeichnet. Die Integration von Sanzheng bringt ANDRITZ ein vollständiges Portfolio von Induktionserwärmungstechnologien"
Andritz AG,andritz,2025,Hersteller,capex_ma_signale,Investition in eine neue DMF Pilotanlage am Standort Montbonnot in Frankreich,,,34,exakt,Geschaeftsbericht,,True,ANDRITZ forciert seinen Eintritt in die Dry Molded Fiber (DMF) Technologie durch Investitionen in eine neue DMF Pilotanlage am Standort in Montbonnot in Frankreich. Die Anlage ist mit mehreren Innovationen ausgestattet
Andritz AG,andritz,2025,Hersteller,capex_ma_signale,"Im Geschäftsjahr 2025 fielen Netto-Auszahlungen für Unternehmenserwerbe in Höhe von 328,6 MEUR an.",,,46,exakt,Geschaeftsbericht,,True,"Auszahlungen für lang- und kurzfristige finanzielle Vermögenswerte -562,4 -362,3 Einzahlungen aus dem Verkauf von lang- und kurzfristigen finanziellen Vermögenswerten 520,1 354,7 Netto-Cashflow aus Unternehmenserwerben 39. -328,6 -36,9 CASHFLOW AUS INVESTITIONSTÄTIGKEIT 39. -541,6 -207,5"
Andritz AG,andritz,2025,Hersteller,capex_ma_signale,"Zum 31. Dezember 2025 bestanden vertragliche Verpflichtungen für den Erwerb von Sachanlagen in Höhe von 53,0 MEUR.",,,82,exakt,Geschaeftsbericht,,True,"Vertragliche Verpflichtungen für den Kauf von Sachanlagen sind nur im gewöhnlichen Geschäftsumfang vorhanden. Zum 31. Dezember 2025 betrugen diese Verpflichtungen 53,0 MEUR (31. Dezember 2024: 22,1 MEUR)."
Andritz AG,andritz,2025,Hersteller,capex_ma_signale,Closing der Akquisition von Sanzheng im Dezember 2025,,,,nicht_gefunden,unbekannt,,False,Das Closing der Akquisition Sanzheng fand im Dezember 2025 nach dem jährlichen Werthaltigkeitstest zum 30. September 2025 statt. Diese ZGE wurde zum 31. Dezember 2025 getestet.
Andritz AG,andritz,2025,Hersteller,capex_ma_signale,"Zahlungswirksame Netto-Auszahlungen für Unternehmenserwerbe beliefen sich 2025 auf 328,6 MEUR.",,,21,exakt_mehrdeutig,Geschaeftsbericht,140,True,"Die Veränderung resultiert vor allem aus dem höheren Netto -Cashflow aus Unternehmenserwerben von -328,6 MEUR (2024: -36,9 MEUR) sowie den höheren Auszahlungen für den Kauf von lang- und kurzfristigen finanziellen Vermögenswerten."
Andritz AG,andritz,2025,Hersteller,capex_ma_signale,"Im Geschäftsbereich Metals wurde 2025 der Verkauf von Sachanlagen in Deutschland eingeleitet, dessen Abschluss für 2026 erwartet wird.",,,142,exakt,Geschaeftsbericht,,True,"Im Geschäftsbereich Metals wurde 2025 der Verkauf von Sachanlagen (Grundstücke, Gebäude und technische n Anlagen) in Deutschland eingeleitet. Es wurden 2025 Vermögenswerte von 4,0 MEUR als zur Veräußerung gehalten angesetzt und keine Wertminderungsaufwendungen erfasst."
Andritz AG,andritz,2025,Hersteller,capex_ma_signale,Im Geschäftsbereich Metals wurden 2024 zur Veräußerung gehaltene Sachanlagen im Jahr 2025 mit einem Gewinn verkauft.,,,143,exakt,Geschaeftsbericht,,True,"Im Geschäftsbereich Metals wurde Ende 202 4 der Verkauf von Sachanlagen (Grundstücke und Gebäude) in Deutschland eingeleitet. Es wurden 2024 Vermögenswerte von 7,7 MEUR als zur Veräußerung gehalten angesetzt und keine Wertminderungsaufwendungen erfasst."
Andritz AG,andritz,2025,Hersteller,capex_ma_signale,Im Geschäftsbereich Pulp & Paper wurden 2025 Sachanlagen in Kanada veräußert.,,,143,exakt,Geschaeftsbericht,,True,"Im Geschäftsbereich Pulp & Paper w urden Ende 2024 Sachanlagen in Kanada in der Höhe von 0,5 MEUR als zur Veräußerung gehalten ausgewiesen. Aus der vorgelagerten Bewertung wurde keine Wertminderung erfasst."
PALFINGER AG,palfinger,2025,Hersteller,strategische_prioritaeten,Lifting Customer Value,,,16,exakt,Geschaeftsbericht,,True,"Die Strategie 2030+ fokussiert sich auf drei klar definierte strategische Ausrichtungen, die als Orientierung für alle unternehmerischen Entscheidungen und Maßnahmen dienen. Lifting Customer Value Aus den Bedürfnissen der Kunden entwickelt PALFINGER nahtlos integrierte Lösungen."
PALFINGER AG,palfinger,2025,Hersteller,strategische_prioritaeten,Balanced Profitable Growth,,,16,exakt,Geschaeftsbericht,,True,Balanced Profitable Growth Das breite Produktportfolio und der regionale Footprint ermöglichen ausbalanciertes profitables Wachstum. PALFINGER baut auf seine Stärken: eine globale Präsenz und ein diversifiziertes Produktportfolio.
PALFINGER AG,palfinger,2025,Hersteller,strategische_prioritaeten,Execution Excellence,,,16,exakt,Geschaeftsbericht,,True,"Execution Excellence PALFINGER liefert Spitzenleistung und schafft effiziente, optimierte Prozesse für noch bessere Resultate. Exzellenz ist Auftrag und Ziel von PALFINGER. PALFINGER setzt Maßstäbe in der Industrie – von der Produktentwicklung bis zum Service."
PALFINGER AG,palfinger,2025,Hersteller,strategische_prioritaeten,Kontinuierliche Ausweitung des After-Sales-Geschaefts,,,28,exakt,Geschaeftsbericht,,True,"Die strategische Initiative zur kontinuierlichen Ausweitung des After-Sales-Geschäfts wird konsequent umgesetzt. Neue Service-Standorte stärken die Kundennähe und Verfügbarkeit von Produkten, Ersatzteilen und Reparaturmöglichkeiten"
PALFINGER AG,palfinger,2025,Hersteller,strategische_prioritaeten,Rasche Umsetzung der Strategie 2030+,,,51,exakt,Geschaeftsbericht,,True,"Die PALFINGER AG fokussiert 2026 auf die rasche Umsetzung seiner strategischen Programme, wie sie in der Strategie 2030+ definiert sind."
PALFINGER AG,palfinger,2025,Hersteller,strategische_prioritaeten,Erreichung der neuen Finanzziele 2030,,,51,exakt,Geschaeftsbericht,,True,"Auf den Finanzzielen 2027 aufbauend, hat PALFINGER im Rahmen der neuen Strategie die Finanzziele 2030 definiert: Angestrebt wird ein Umsatz von mehr als 3 Mrd. EUR, eine EBIT-Marge von 12 Prozent und eine Rendite auf das eingesetzte Kapital (ROCE) von 15 Prozent."
PALFINGER AG,palfinger,2025,Hersteller,strategische_prioritaeten,Reduktion der Treibhausgasemissionen (Scope 1 und 2),,,61,exakt,Nachhaltigkeitsberichterstattung,,True,"Ziel ist es, die eigenen Emissionen Scope 1 und 2 bis 2030 um jährlich ein Prozent bezogen auf das Referenzjahr 2022 zu reduzieren. Ein Ziel in Bezug auf Mitarbeitende ist, die Unfallrate TRIR bis 2028 auf einen Wert von 8,5 zu senken."
PALFINGER AG,palfinger,2025,Hersteller,strategische_prioritaeten,Transformation zu einer Kreislaufwirtschaft und zirkulären Produktstrategie,,,62,exakt,Nachhaltigkeitsberichterstattung,,True,"Die Transformation hin zu einer Kreislaufwirtschaft ist eine zentrale strategische Aufgabe. Ein kontinuierlich reduzierter Ressourcenverbrauch steht dabei im Fokus. Ergänzend wird der Übergang zu einer zirkulären Produktstrategie vorangetrieben, die auf eine höhere Materialeffizienz und langfristige Wertsteigerung der Produkte abzielt."
PALFINGER AG,palfinger,2025,Hersteller,strategische_prioritaeten,Vertiefung des Verständnisses der Auswirkungen auf Beschäftigte in der Wertschöpfungskette und stärkere Ausrichtung an ethischen Arbeitspraktiken,,,150,exakt,Geschaeftsbericht,,True,"In Zukunft will PALFINGER das Verständnis der tatsächlichen und potenziellen Auswirkungen auf die Beschäftigten in der Wertschöpfungskette vertiefen und diese Erkenntnisse nutzen, um die Strategie anzupassen"
PALFINGER AG,palfinger,2025,Hersteller,wachstumsmaerkte,"Die Produktlinie Hubarbeitsbühnen bietet aufgrund weltweit steigender Nachfrage, insbesondere in Europa, großes Potenzial für Wachstum und Wertschöpfung.",Europa uebrig,,17,exakt,Geschaeftsbericht,,True,"Die Produktlinie Hubarbeitsbühnen bietet dank einer weltweit steigenden Nachfrage – insbesondere in Europa, Nordamerika und weiteren aufstrebenden Märkten – besonders großes Potenzial für Wachstum und Wertschöpfung."
PALFINGER AG,palfinger,2025,Hersteller,wachstumsmaerkte,Nordamerika verzeichnet eine steigende Nachfrage nach Hubarbeitsbühnen und bietet großes Potenzial für Wachstum.,Nordamerika,,17,exakt,Geschaeftsbericht,,True,"Die Produktlinie Hubarbeitsbühnen bietet dank einer weltweit steigenden Nachfrage – insbesondere in Europa, Nordamerika und weiteren aufstrebenden Märkten – besonders großes Potenzial für Wachstum und Wertschöpfung."
PALFINGER AG,palfinger,2025,Hersteller,wachstumsmaerkte,Indien festigt seine Rolle als wesentlicher globaler Wachstumstreiber.,Indien,,26,teilweise,Geschaeftsbericht,,True,"Die Schwellen- und Entwicklungsländer trugen auch im Berichtsjahr 2025 maßgeblich zum globalen Wachstum bei und erzielten eine durchschnittliche Zunahme von 4,2 Prozent. Besonders hervorzuheben ist Indien, das mit 6,6 Prozent seine Rolle als Wachstumstreiber festigte."
PALFINGER AG,palfinger,2025,Hersteller,wachstumsmaerkte,Suedeuropa und der Mittlere Osten zaehlen innerhalb von EMEA zu den wesentlichen Wachstumsmaerkten.,Naher Osten,,28,exakt,Geschaeftsbericht,,True,"Im 3. Quartal setzte eine erneut positive Trendwende ein, insbesondere in Südeuropa und im Mittleren Osten, die innerhalb von EMEA zu den wesentlichen Wachstumsmärkten zählen."
PALFINGER AG,palfinger,2025,Hersteller,wachstumsmaerkte,"Indien hat sich als treibender Zukunftsmarkt herauskristallisiert, weshalb PALFINGER dort nach einem Produktionsstandort sucht.",Indien,,29,exakt,Geschaeftsbericht,,True,"Als treibende Kraft und langfristiger Zukunftsmarkt kristallisierte sich Indien heraus. Um die Potenziale dieses Marktes bestmöglich zu nutzen, startete PALFINGER die Suche nach einem geeigneten Produktionsstandort in Indien."
PALFINGER AG,palfinger,2025,Hersteller,wachstumsmaerkte,"EMEA bleibt neben Nordamerika ein zentraler Wachstumstreiber, wenngleich eine spürbare Erholung noch ausbleibt.",Europa uebrig,,51,exakt,Geschaeftsbericht,,True,"EMEA und NAM bleiben weiterhin die zentralen Wachstumstreiber für PALFINGER. Die Entwicklung beider Regionen ist jedoch maßgeblich von externen Faktoren abhängig: In EMEA bleibt eine spürbare Markterholung bislang aus, während in Nordamerika (NAM) die Zollpolitik der USA weiterhin Mehrbelastungen mit sich bringt."
PALFINGER AG,palfinger,2025,Hersteller,wachstumsmaerkte,"Nordamerika bleibt ein zentraler Wachstumstreiber, obwohl die US-Zollpolitik Mehrbelastungen verursacht.",Nordamerika,,51,exakt,Geschaeftsbericht,,True,"EMEA und NAM bleiben weiterhin die zentralen Wachstumstreiber für PALFINGER. Die Entwicklung beider Regionen ist jedoch maßgeblich von externen Faktoren abhängig: In EMEA bleibt eine spürbare Markterholung bislang aus, während in Nordamerika (NAM) die Zollpolitik der USA weiterhin Mehrbelastungen mit sich bringt."
PALFINGER AG,palfinger,2025,Hersteller,wachstumsmaerkte,"In Lateinamerika wird mit der Fortsetzung der positiven wirtschaftlichen Entwicklung gerechnet, getrieben durch Brasilien.",Lateinamerika,,51,exakt,Geschaeftsbericht,,True,"In LATAM ist mit der Fortsetzung der positiven wirtschaftlichen Entwicklung, die vor allem von Brasilien getragen wird, zu rechnen. In APAC entwickelt sich Indien als zukünftiger wichtiger Wachstumsmarkt für PALFINGER."
PALFINGER AG,palfinger,2025,Hersteller,wachstumsmaerkte,Indien entwickelt sich zu einem künftigen wichtigen Wachstumsmarkt.,Indien,,51,exakt,Geschaeftsbericht,,True,"In LATAM ist mit der Fortsetzung der positiven wirtschaftlichen Entwicklung, die vor allem von Brasilien getragen wird, zu rechnen. In APAC entwickelt sich Indien als zukünftiger wichtiger Wachstumsmarkt für PALFINGER."
PALFINGER AG,palfinger,2025,Hersteller,wachstumsmaerkte,Die Region APAC bietet das hoechste Wachstumspotenzial bei moderaten Risiken.,Asien-Pazifik uebrig,,78,exakt,Nachhaltigkeitsberichterstattung,,True,In den Regionen zeigen sich deutliche Unterschiede. Die Region APAC bietet das höchste Wachstumspotenzial mit moderaten Risiken. Die Region NAM zeigt eine hohe Resilienz begründet durch niedrige CO₂-Preise.
PALFINGER AG,palfinger,2025,Hersteller,hauptrisiken,US-Zölle und volatile Zollpolitik,,Markt,,nicht_gefunden,unbekannt,,False,"Im Jahr 2025 wurde eine Krisen-Taskforce als Reaktion auf die US-Zölle eingerichtet, um die negativen finanziellen Auswirkungen zu minimieren."
PALFINGER AG,palfinger,2025,Hersteller,hauptrisiken,Geopolitische Unsicherheiten und Protektionismus,,Markt,26,exakt,Geschaeftsbericht,,True,"Die Weltwirtschaft befindet sich im Wandel. Sie ist geprägt von anhaltender geopolitischer Unsicherheit, steigender globaler Verschuldung, zunehmendem Protektionismus sowie veränderten wirtschaftspolitischen Rahmenbedingungen."
PALFINGER AG,palfinger,2025,Hersteller,hauptrisiken,Zollpolitik der US-Regierung und Einfuehrung von Zoellen,,Regulierung,46,exakt,Geschaeftsbericht,,True,Die Einführung von zusätzlichen Zöllen seitens der US-Regierung seit März 2025 betrifft PALFINGER aufgrund des Imports von Materialien und Waren in die USA. Die Zolltarife können auch im Jahr 2026 Auswirkungen auf Lieferketten sowie Absatzmöglichkeiten haben.
PALFINGER AG,palfinger,2025,Hersteller,hauptrisiken,Eskalation zwischen China und Taiwan mit Auswirkungen auf Lieferketten,,Lieferkette,46,exakt,Geschaeftsbericht,,True,"Eine mögliche Eskalation der Situation zwischen China und Taiwan könnte zu Sanktionen, einer Blockade oder einem Krieg führen. Dies würde besonders internationale Lieferketten in der Elektronikindustrie betreffen, was sich wiederum negativ auf nachgelagerte Produktionsschritte auswirken würde."
PALFINGER AG,palfinger,2025,Hersteller,hauptrisiken,Verlust der Wettbewerbsfaehigkeit des Produktportfolios,,Technologie,47,exakt,Geschaeftsbericht,,True,"Der Verlust der Wettbewerbsfähigkeit in einzelnen Produktlinien könnte zu einem strategischen Nachteil führen und die Marke PALFINGER schädigen. Maßnahmen wie der standardisierte Entwicklungsprozess (der PALFINGER Development Process ""PDP""), ein klares Strategie Programm"
PALFINGER AG,palfinger,2025,Hersteller,hauptrisiken,Cyberkriminalität und Verlust sensibler Informationen durch Spionage,,Technologie,48,exakt,Geschaeftsbericht,,True,Das Risiko von Cyberkriminalität bleibt durch die zunehmende Digitalisierung auf einem hohen Niveau und wird von seiner Bedeutung her mittelfristig weiter steigen. Als international tätiges Unternehmen ist PALFINGER ein potenziell interessantes Ziel.
PALFINGER AG,palfinger,2025,Hersteller,hauptrisiken,Produktmängel und Gewährleistungskosten durch Outsourcing und Reifegrad der Qualitätssicherung,,Lieferkette,48,teilweise,Geschaeftsbericht,,True,Ein unterschiedlicher Reifegrad bei der Umsetzung von Qualitätssicherungsstandards und -prozessen stellt ein wesentliches Risiko in Bezug auf Gewährleistung und Garantiekosten dar. Längerfristig führt zudem die Outsourcing-Strategie zu steigenden Mengen und höherer Abhängigkeit von externen Lieferanten.
PALFINGER AG,palfinger,2025,Hersteller,hauptrisiken,Anforderungen an CO2-Fußabdruck und Pariser Klimaziele,,Regulierung,48,exakt,Geschaeftsbericht,,True,"Sowohl durch regulatorische Vorgaben (v.a. in der EU) als auch steigende Anforderungen bestimmter Stakeholder-Gruppen (z.B. Investmentfonds, Banken und bestimmte Kundengruppen) steigt der Druck, den CO₂-Fußabdruck in der eigenen Produktion sowie der gesamten Wertschöpfungskette zu reduzieren."
PALFINGER AG,palfinger,2025,Hersteller,hauptrisiken,Zunehmende Rechtsstreitigkeiten weltweit,,Regulierung,49,exakt,Geschaeftsbericht,,True,"Die Konfliktbereitschaft zwischen Wirtschaftsteilnehmern nimmt weltweit zu, insbesondere in den Regionen NAM und EMEA, darüber hinaus bspw. auch in China und Indien. Diese Entwicklung könnte langfristig zu erheblichen finanziellen und reputationsbezogenen Risiken führen und die Zielerreichung beeinträchtigen."
PALFINGER AG,palfinger,2025,Hersteller,hauptrisiken,Impairment Firmenwerte bei Verschlechterung der Marktsituation,,Markt,49,exakt,Geschaeftsbericht,,True,"Bei Verschlechterung der Marktsituation besteht das Risiko, dass einzelne Wirtschaftsgüter aus rechtlichen Gründen an eine geänderte Bewertung angepasst werden müssen oder Investitionen sich nicht amortisieren."
PALFINGER AG,palfinger,2025,Hersteller,hauptrisiken,"Klimabedingte Uebergangsrisiken durch ploetzlichen Wandel, strengere Vorgaben und steigende CO2-Preise",,Regulierung,77,exakt,Nachhaltigkeitsberichterstattung,,True,"Unternehmen und Märkte müssen sich kurzfristig auf strengere Vorgaben, steigende CO₂-Preise und tiefgreifende Umstellungen einstellen. Dieses Szenario gilt als wahrscheinlicher Fall, da es die gegenwärtigen Verzögerungen in der globalen Klimapolitik realistisch widerspiegelt."
PALFINGER AG,palfinger,2025,Hersteller,hauptrisiken,Steigende Kosten aufgrund der Erhöhung der CO2-Bepreisung,,Regulierung,95,exakt,Nachhaltigkeitsberichterstattung,,True,PALFINGER hat ein wesentliches klimabezogenes Risiko im Zuge seiner Wesentlichkeitsanalyse identifiziert: Steigende Kosten aufgrund der Erhöhung der CO2-Bepreisung. Hierbei handelt es sich um ein Übergangsrisiko.
PALFINGER AG,palfinger,2025,Hersteller,hauptrisiken,Mangelnde Verfügbarkeit qualifizierter Mitarbeitender,,Markt,115,exakt,Nachhaltigkeitsberichterstattung,,True,"Das Risiko der mangelnden Verfügbarkeit qualifizierter Mitarbeitender hat wesentlichen Einfluss auf die Strategie von PALFINGER. Mehrere langfristige Trends wirken sich auf dieses strategische Risiko aus - Wettbewerb um Talente,"
PALFINGER AG,palfinger,2025,Hersteller,hauptrisiken,Risiken in Bezug auf Menschenrechte und ethische Beschaffung durch Konfliktmineralien in globalen Lieferketten,,Lieferkette,150,exakt,Geschaeftsbericht,,True,"Der Abbau und Handel dieser Mineralien birgt für Unternehmen mit komplexen globalen Lieferketten, darunter auch PALFINGER, Risiken in Bezug auf Menschenrechte und ethische Beschaffung."
PALFINGER AG,palfinger,2025,Hersteller,hauptrisiken,Zinsrisiko durch Wertänderungs- und Zinsergebnisrisiken,,Finanzierung,251,exakt,Geschaeftsbericht,,True,"Sich ändernde Zinssätze haben Einfluss auf den Wert von Finanzinstrumenten (vor allem bei langfristiger Zinsbindung) und auf das Zinsergebnis (Aufwendungen oder Ertrag), das aus den Finanzinstrumenten resultiert."
PALFINGER AG,palfinger,2025,Hersteller,hauptrisiken,"Fremdwährungsrisiken aus Forderungen, Verbindlichkeiten und internationalem Projektgeschäft",,Finanzierung,251,exakt,Geschaeftsbericht,,True,Die Fremdwährungsrisiken der PALFINGER AG resultieren primär aus Forderungen und Verbindlichkeiten in Fremdwährung gegenüber Konzerngesellschaften und aus dem internationalen Projektgeschäft.
PALFINGER AG,palfinger,2025,Hersteller,capex_ma_signale,Eröffnung eines neuen Ersatzteillogistikzentrums in Nordamerika.,,,20,exakt,Geschaeftsbericht,,True,"Wesentliche Investitionen wurden in den Regionen getätigt. So wurde im September das neue Ersatzteillogistikzentrum für Nordamerika in Huntley, USA (NAM) eröffnet."
PALFINGER AG,palfinger,2025,Hersteller,capex_ma_signale,Freigabe und Planung für ein neues Montagewerk in Indien.,,,20,exakt,Geschaeftsbericht,,True,Im Frühling 2025 wurde vom Aufsichtsrat die Freigabe für ein neues Montagewerk in Indien erteilt. Die Übernahme eines geeigneten Grundstücks in Pune steht kurz vor dem Abschluss.
PALFINGER AG,palfinger,2025,Hersteller,capex_ma_signale,Erwerb einer Minderheitsbeteiligung am norwegischen Marinekranhersteller Storm.,,,20,exakt,Geschaeftsbericht,,True,"Im Dezember erwarb PALFINGER einen Minderheitsanteil am norwegischen Hersteller von Marinekranen Storm. Ziel dieser strategischen Partnerschaft ist es, das Portfolio an Marinekranen zu erweitern"
PALFINGER AG,palfinger,2025,Hersteller,capex_ma_signale,Veräußerung des Megarme-Geschäfts in Dubai und Hereinnahme eines Mehrheitseigentümers bei StrucInspect.,,,21,exakt,Geschaeftsbericht,,True,Schritte zu einer Verbesserung der Bilanzstruktur und Fokussierung der Ressourcenallokation wurden mit der Hereinnahme eines strategischen Mehrheitseigentümers an StrucInspect sowie der Veräußerung des Megarme-Geschäfts in Dubai erreicht.
PALFINGER AG,palfinger,2025,Hersteller,capex_ma_signale,"PALFINGER plant den Bau eines neuen Werks in Pune, Indien, und steht kurz vor dem Abschluss des Grundstueckskaufs.",,,20,exakt_mehrdeutig,Geschaeftsbericht,29,True,"Die Übernahme eines geeigneten Grundstücks in Pune steht kurz vor dem Abschluss. Die Planungsarbeiten für das neue Werk haben begonnen, ebenso wie die Vorbereitungen für die Einholung der erforderlichen Genehmigungen für die Fabrik."
PALFINGER AG,palfinger,2025,Hersteller,capex_ma_signale,Erwerb eines Grundstuecks fuer ein neues Lackier- und Logistikzentrum in Slowenien.,,,32,exakt,Geschaeftsbericht,,True,"Für das neue Lackier- und Logistikzentrum in Ormož, Slowenien (EMEA), wurde ein Grundstück erworben, die Gemeinde hat die ersten Bodenarbeiten bereits abgeschlossen. Der Baubeginn ist im 1. Quartal 2026 geplant."
PALFINGER AG,palfinger,2025,Hersteller,capex_ma_signale,Veräußerung aller per Ende 2024 gehaltenen eigenen Aktien via beschleunigtes Privatplatzierungsverfahren im Juli 2025.,,,50,exakt,Geschaeftsbericht,,True,Sämtliche per 31.12.2024 gehaltenen eigenen Aktien wurden von der PALFINGER AG mittels beschleunigtem Privatplatzierungsverfahrens im Juli 2025 veräußert. PALFINGER hält zum 31. Dezember 2025 folglich keine eigenen Aktien mehr.
PALFINGER AG,palfinger,2025,Hersteller,capex_ma_signale,Bei Partnerschaften und Akquisitionen wird zur Risikominimierung eine gründliche Due-Diligence-Prüfung vorgenommen.,,,49,exakt,Geschaeftsbericht,,True,Aktives Vertragsmanagement mit Geschäftspartnern auf Vertriebs- sowie Einkaufsseite mitigiert das Risiko in Abhängigkeit der jeweiligen Verhandlungsposition. Bei Partnerschaften und Akquisitionen erfolgt eine gründliche Due-Diligence-Prüfung.
PALFINGER AG,palfinger,2025,Hersteller,capex_ma_signale,"Im Umweltziel Klimaschutz wurden taxonomiefaehige CapEx-Einzelmassnahmen in Energieeffizienz, Ladestationen und erneuerbare Energien erfasst.",,,86,exakt,Nachhaltigkeitsberichterstattung,,True,"Für das Umweltziel (1) Klimaschutz erfolgte die Erhebung der taxonomiefähigen Investitionen mithilfe des konzernweiten Reporting Systems. Die taxonomiefähigen CapEx-Einzelmaßnahmen sind dabei den wirtschaftlichen Tätigkeiten „7 .3 Installation, Wartung und Reparatur von energieeffizienten Geräten”"
PALFINGER AG,palfinger,2025,Hersteller,capex_ma_signale,Investitionen in Sachanlagevermögen im Zusammenhang mit Photovoltaikanlagen,,,91,exakt,Nachhaltigkeitsberichterstattung,,True,"Im Berichtsjahr ergaben sich somit konforme Investitionen aus Einzelmaßnahmen ausschließlich in Sachanlagevermögen (IAS 16) in Höhe von 1.227 TEUR (2024: 1.330 TEUR), das entspricht einem Anteil von 0,9 Prozent"
PALFINGER AG,palfinger,2025,Hersteller,capex_ma_signale,Installation von Ladestationen für Elektrofahrzeuge in Österreich und Deutschland,,,87,exakt,Nachhaltigkeitsberichterstattung,,True,"Installation, Wartung und Reparatur von Ladestationen für Elektrofahrzeuge in Gebäuden (und auf zu Gebäuden gehörenden Parkplätzen). Aufwendungen für neu installierte Ladestationen in Österreich und Deutschland"
PALFINGER AG,palfinger,2025,Hersteller,capex_ma_signale,Installation von Photovoltaikanlagen in Deutschland und Serbien sowie KWK in Rumänien,,,87,exakt,Nachhaltigkeitsberichterstattung,,True,"Installation, Wartung und Reparatur von Technologien für erneuerbare Energien vor Ort. Installation neuer PV-Anlagen in Deutschland und Serbien, sowie Kraft-Wärme-Kopplungs Applikation in Rumänien"
PALFINGER AG,palfinger,2025,Hersteller,capex_ma_signale,Investitionen in den Ausbau von Produktionskapazitäten in mehreren Ländern und Erwerb eines Grundstücks im Geschäftsjahr 2025.,,,222,exakt,Geschaeftsbericht,,True,"Die Zugänge betreffen im Wesentlichen Investitionen in den Ausbau von Produktionskapazitäten in Österreich, Slowenien, den USA, Rumänien und Bulgarien sowie den Erwerb eines Grundstücks in Slowenien."
PALFINGER AG,palfinger,2025,Hersteller,capex_ma_signale,Tilgung einer bedingten Gegenleistung für eine Minderheitsakquisition in Portugal sowie bestehende gestundete Kaufpreisforderung.,,,236,exakt,Geschaeftsbericht,,True,"Die bedingte Gegenleistung für die Minderheitsakquisition von Palfinger Portugal (Palfinger comércio e aluguer de máquinas, S.A.) in Höhe von 1.100 TEUR wurde in 2025 getilgt."
PALFINGER AG,palfinger,2025,Hersteller,capex_ma_signale,Aktivierung von selbst erstellten Entwicklungskosten im Geschäftsjahr 2025.,,,219,exakt,Geschaeftsbericht,,True,Als selbst erstellte immaterielle Vermögenswerte wurden von PALFINGER im Geschäftsjahr 2025 Entwicklungskosten in Höhe von 28.601 TEUR (Vorjahr: 28.286 TEUR) aktiviert.
PALFINGER AG,palfinger,2025,Hersteller,capex_ma_signale,Investitionsvolumen wird am Konzernumsatz bemessen; Weiterführung von mehrjährigen Großprojekten in der Mehrjahresplanung.,,,217,exakt,Geschaeftsbericht,,True,"Das Investitionsvolumen wird im Verhältnis zum Konzernumsatz geplant. Im Budget ist das Investitionsvolumen mit einzelnen Projekten hinterlegt, in den Folgejahren werden die mehrjährigen Großprojekte in der Planung fortgeführt."
Wienerberger AG,wienerberger,2025,Bau,strategische_prioritaeten,Positionierung als fuehrender Komplettanbieter von Loesungen fuer die Gebaeudehuelle sowie fuer Energie- und Wassermanagement,,,,nicht_gefunden,unbekannt,,False,Unser Ziel ist die konse-quente Steigerung der Wertschöpfung sowie unsere Positio-nierung als führender Komplettanbieter von Lösungen für die Gebäudehülle sowie für Energie- und Wassermanagement in der Infrastruktur .
Wienerberger AG,wienerberger,2025,Bau,strategische_prioritaeten,"Erhalt des Umsatzanteils innovativer Produkte durch Weiterentwicklung smarter, ressourcensparender Bau- und Infrastrukturloesungen",,,30,teilweise,Geschaeftsbericht,,True,"Ein Drittel unserer Umsätze entfällt bereits auf innovative Pro-dukte, ein Anteil, den wienerberger durch die kontinuierliche Weiterentwicklung smarter , ressourcensparender Bau- und Infrastrukturlösungen halten will, um damit die Lebensqualität der Menschen zu verbessern."
Wienerberger AG,wienerberger,2025,Bau,strategische_prioritaeten,Umsetzung der Vorgaben des europäischen Green Deal mit dem Ziel der Netto-Null-Emissionen bis 2050 über das Nachhaltigkeitsprogramm 2023–2026.,,,56,exakt,Nachhaltigkeitsberichterstattung,,True,"Um dieses Ziel zu verwirklichen, setzen wir uns für den Klimaschutz ein und tragen dazu bei, die Vorgaben des europäischen Green Deal umzusetzen, mit dem klaren Ziel der Netto-Null-Emissionen bis 2050."
Wienerberger AG,wienerberger,2025,Bau,strategische_prioritaeten,Geografische und Endmarkt-Diversifizierung bei gleichzeitiger Konzentration auf das Kerngeschäft.,,,53,exakt,Nachhaltigkeitsberichterstattung,,True,"Zur bestmöglichen Vermeidung von Ergebnisschwankungen verfolgt wienerberger eine Strategie der geografischen als auch der Endmarkt-Diversifizierung bei gleichzeitiger Konzentration auf das Kerngeschäft, zu welchem Lösungen für Wand, Dach und Fassade sowie Flächenbefestigungen und Rohrsysteme zählen."
Wienerberger AG,wienerberger,2025,Bau,strategische_prioritaeten,Nachhaltigkeitsprogramm 2026,,,59,teilweise,Nachhaltigkeitsberichterstattung,,True,"Der Vorstand trägt die Verantwortung für strategische und operative Themen, die Entwicklung und Umsetzung von Unternehmensrichtlinien und das Nachhaltigkeitsprogramm 2026. Der Vorstand legt Nachhaltigkeitsziele fest, wird durch KPI-Verantwortliche und Gruppenfunktionen unterstützt."
Wienerberger AG,wienerberger,2025,Bau,strategische_prioritaeten,Dekarbonisierung und Kreislaufwirtschaft,,,60,teilweise,Nachhaltigkeitsberichterstattung,,True,"Der Nominierungs- und Vergütungsausschuss hat folgende Kriterien aus dem Programm abgeleitet: Umwelt, Dekarbonisierung, Energiemix, Kreislaufwirtschaft, Wasserbewirtschaftung. Für die kurzfristige variable Vergütung werden maximal zwei Kriterien aus dem Kriterienkatalog berücksichtigt."
Wienerberger AG,wienerberger,2025,Bau,strategische_prioritaeten,Fokus auf nachhaltige und klimafreundliche Produkte,,,83,exakt,Nachhaltigkeitsberichterstattung,,True,"Die Anpassungsmaßnahmen stehen im Zusammenhang mit der Strategie und dem Geschäftsmodell von wienerberger , sich auf nachhaltige und klimafreundliche Produkte zu konzentrieren. Dies ist im Nachhaltigkeitsprogramm 2026 in Form des Ziels „Umsatz aus Netto-Null-Gebäuden” verankert."
Wienerberger AG,wienerberger,2025,Bau,strategische_prioritaeten,Systematische Reduktion der Treibhausgasemissionen,,,86,teilweise,Nachhaltigkeitsberichterstattung,,True,"Systematische Reduktion der T reibhausgasemissionen im gesamten Tätigkeitsbereich, bei allen Produkten und in der gesamten Lieferkette, um ein Netto-Null-Niveau zu erreichen Wandel der Energiesysteme von wienerberger von der Abhängigkeit von fossilen Brennstoffen zu nachhaltigen und erneuerbaren Energiequellen"
Wienerberger AG,wienerberger,2025,Bau,strategische_prioritaeten,Gesundheit und Sicherheit,,,122,exakt,Geschaeftsbericht,,True,Gesundheit und Sicherheit haben bei wienerberger nach wie vor oberste Priorität. Strenge Konzepte und Präventivmaßnahmen sollen ein sicheres und unterstützendes Arbeitsumfeld für alle Mitarbeitenden schaffen.
Wienerberger AG,wienerberger,2025,Bau,strategische_prioritaeten,Nachhaltigkeitsprogramm 2026,,,122,teilweise,Geschaeftsbericht,,True,Anhand des Nachhaltigkeitsprogramms 2026 wurden die am besten geeigneten Maßnahmen umgesetzt. Angesichts des großen Umfangs der gesamten Gruppe ist die Einführung dieser Maßnahmen schrittweise geplant.
Wienerberger AG,wienerberger,2025,Bau,strategische_prioritaeten,Klimaziele und Nachhaltigkeit,,,184,exakt,Geschaeftsbericht,,True,"Um die Klimaziele zu erreichen, ersetzt wienerberger ausgewählte Produktionslinien, Maschinen und sonstigen Anlagen schrittweise durch effizientere und nachhaltigere Alternativen. Diese Erneuerungen erfolgen in der Regel gegen Ende der Nutzungsdauer einer Anlage."
Wienerberger AG,wienerberger,2025,Bau,wachstumsmaerkte,Strukturelles Wachstumspotenzial und wachsende Bedeutung in den Renovierungsmaerkten in Frankreich und Deutschland sowie PV-Loesungen in Europa,Europa uebrig,,7,teilweise,Geschaeftsbericht,,True,Damit stärken wir unsere Position in einem der attraktivsten Wachstumsseg-mente Europas. Die Renovierungsmärkte in Frankreich und Deutschland gewannen weiter an Bedeutung und bestätigten das strukturelle Wachstumspotenzial dieses Segments.
Wienerberger AG,wienerberger,2025,Bau,wachstumsmaerkte,Zentral- und osteuropäische Märkte werden aufgrund des Nachholbedarfs im Wohnungsneubau und der Infrastruktur langfristig als Wachstumsmärkte betrachtet.,Europa uebrig,,52,exakt,Nachhaltigkeitsberichterstattung,,True,Die zentral- und osteuropäischen Märkte betrachtet wienerberger auch aufgrund des Nachholbedarfs im Wohnungsneubau und in der Infrastruktur langfristig als Wachstumsmärkte.
Wienerberger AG,wienerberger,2025,Bau,wachstumsmaerkte,"Das Unternehmen bewertet physische Klimarisiken in seinen operativen Regionen, zu denen Nordamerika zählt.",Nordamerika,,71,exakt,Nachhaltigkeitsberichterstattung,,True,"Die Bewertung erfolgte mit Unterstützung externer Experten und umfasste alle Regionen, in denen wienerberger tätig ist, darunter Europa, Nordamerika sowie wichtige Märkte entlang seiner globalen Wertschöpfungskette."
Wienerberger AG,wienerberger,2025,Bau,wachstumsmaerkte,Wachstumschancen durch neue EU-Marktrichtlinien für nachhaltige Ziegelprodukte.,Europa uebrig,,83,teilweise,Nachhaltigkeitsberichterstattung,,True,"Durch neue EU-Marktrichtlinien entstehen Absatzmärkte für innovative, nachhaltige und kli- mafreundliche Ziegelprodukte. Dies kann neue Einnahmequel- len eröffnen, umweltbewusste Kundenansprechen und einen Wettbewerbsvorteil für First Mover darstellen."
Wienerberger AG,wienerberger,2025,Bau,wachstumsmaerkte,Steigende Nachfrage nach Produkten für Netto-Null-Gebäude.,Global,,85,exakt,Nachhaltigkeitsberichterstattung,,True,"Das Ziel aus unserem Nachhaltigkeitsprogramm 2026, 75 % der Gesamteinnahmen aus Bauprodukten zu erzielen, die einen substanziellen Beitrag zu Netto-Null-Gebäuden liefern, ist eine sehr starke strategische Säule."
Wienerberger AG,wienerberger,2025,Bau,wachstumsmaerkte,"Das Unternehmen ist in Nordamerika aktiv, wobei dort eine Schätzungsänderung bei Markenrechten vorgenommen wurde.",Nordamerika,,183,exakt,Geschaeftsbericht,,True,In der Region Bricks North America wurde die Nutzungsdauer eines Markenrechts von unbegrenzt auf begrenzt geändert und wurde in 2025 über die Restnutzungsdauer abgeschrieben.
Wienerberger AG,wienerberger,2025,Bau,hauptrisiken,"Makrooekonomische Unsicherheit, geopolitische Spannungen, hohe Zinsen und volatile Marktbedingungen im Bausektor",,Markt,7,teilweise,Geschaeftsbericht,,True,"2025 war geprägt von anhaltender makroökonomischer Unsicherheit, geopolitischen Spannungen und einer weiterhin schwachen Entwicklung im Wohnungsneubau in vielen unserer Kernmärkte. Anhaltend hohe Zinsen und volatile Marktbedin-gungen schufen ein herausforderndes Umfeld für die gesamte Bauindustrie."
Wienerberger AG,wienerberger,2025,Bau,hauptrisiken,"Störungen entlang von Lieferketten, Logistikströmen sowie Rohstoffversorgung",,Lieferkette,47,exakt,Geschaeftsbericht,,True,"Seither ist neben Störungen entlang von Lieferketten und Logistikströmen eine erhöhte Volatilität an den globalen Rohstoff- und Energiemärkten zu beobachten. Die Auswirkungen beschränken sich daher nicht nur auf höhere Energiepreise, sondern umfassen breitere Störungen bei der Rohstoffversorgung und Logistik."
Wienerberger AG,wienerberger,2025,Bau,hauptrisiken,"Preissteigerungen bei Energie, Rohstoffen und Logistik sowie Versorgungsengpässe infolge geopolitischer Konflikte",,Markt,47,exakt,Geschaeftsbericht,,True,"Für wienerberger kann dies zu deutlichen Preissteigerungen insbesondere in den Bereichen Energie, Rohstoffe und Logistik führen und in Versorgungsengpässen resultieren. wienerberger überwacht die Situation kontinuierlich und ergreift Maßnahmen, um die Versorgungssicherheit sicherzustellen."
Wienerberger AG,wienerberger,2025,Bau,hauptrisiken,Klimabezogene physische und Übergangsrisiken wie regulatorische Risiken und Technologierisiken,,Regulierung,48,teilweise,Nachhaltigkeitsberichterstattung,,True,"Seit 2020 unterstützen wir daher die Empfehlungen der Task Force on Climate-related Financial Disclosures (TCFD) in Bezug auf die Identifizierung, Analyse und Bewertung von physischen Risiken und Übergangsrisiken im Zusammenhang mit der Auswirkung der Wende zu einer kohlenstoffarmen Wirtschaft"
Wienerberger AG,wienerberger,2025,Bau,hauptrisiken,Konjunktur- und Nachfrageschwankungen in der Bauindustrie,,Markt,52,exakt,Nachhaltigkeitsberichterstattung,,True,"Unvorteilhafte Entwicklungen einiger oder all dieser Einflussgrößen können einen negativen Einfluss auf die Nachfrage nach Produkten und Systemlösungen von wienerberger , die abgesetzten Mengen und das Preisniveau haben."
Wienerberger AG,wienerberger,2025,Bau,hauptrisiken,Preisvolatilität und Versorgungssicherheit bei Rohstoffen,,Lieferkette,53,exakt_mehrdeutig,Nachhaltigkeitsberichterstattung,182,True,"Die Volatilität der Rohstoffpreise hat sich in den letzten Jahren verstärkt. Starke Schwankungen innerhalb eines Monats verlangen eine flexible Preispolitik, um diese Preisschwankungen zu kontrollieren bzw. an den Markt anzupassen."
Wienerberger AG,wienerberger,2025,Bau,hauptrisiken,Störungen internationaler Lieferketten durch geopolitische Spannungen,,Lieferkette,55,teilweise,Nachhaltigkeitsberichterstattung,,True,"Mögliche Risiken ergeben sich insbesondere aus Störungen internationaler Lieferketten, steigenden Energie- und Rohstoffpreisen, Handelsbeschränkungen oder erhöhten politischen Unsicherheiten in einzelnen Märkten."
Wienerberger AG,wienerberger,2025,Bau,hauptrisiken,"Verschärfung von Umwelt-, ESG- und Klimaschutzvorschriften",,Regulierung,54,exakt,Nachhaltigkeitsberichterstattung,,True,"wienerberger ist in vielen Ländern von umfassenden und zunehmend verschärften Vorschriften in den Bereichen Umwelt, Soziales und Unternehmensführung (Environment, Social, Governance - ESG) betroffen, wodurch Investitionen in die Einhaltung dieser Vorschriften entstehen können."
Wienerberger AG,wienerberger,2025,Bau,hauptrisiken,Kartellrechtliche Genehmigungsverfahren und Untersagungsrisiken bei M&A-Transaktionen,,Regulierung,54,teilweise,Nachhaltigkeitsberichterstattung,,True,Abhängig von der Marktstellung in einzelnen Ländern sowie der Größe von beabsichtigten Akquisitionen unterliegen Transaktionen wettbewerbsrechtlichen Genehmigungsverfahren. Dadurch könnten sich bei Akquisitionen bzw. Zusammenschlüssen Verzögerungen bzw. in einzelnen Fällen auch Untersagungen von Übernahmen ergeben.
Wienerberger AG,wienerberger,2025,Bau,hauptrisiken,Ausfall von Systemen durch Cyberangriffe oder Elementarereignisse,,Technologie,55,exakt,Nachhaltigkeitsberichterstattung,,True,Risiken eines Ausfalls unserer zentral geführten konzernweiten Datenverarbeitung aufgrund von Elementarereignissen oder Cyberangriffen werden durch parallele Installation der Systeme in räumlich getrennten Rechenzentren und Cloud-Lösungen vermindert.
Wienerberger AG,wienerberger,2025,Bau,hauptrisiken,Physische Klimarisiken,,Markt,71,teilweise,Nachhaltigkeitsberichterstattung,,True,"wienerberger hat eine Analyse der physischen Klimarisiken durchgeführt, um festzustellen, ob klimabedingte Gefahren Risiken für Vermögenswerte und Geschäftsaktivitäten über einen kurz- (bis 2030), mittel (bis 2040) und langfristigen Zeithorizont darstellen könnten."
Wienerberger AG,wienerberger,2025,Bau,hauptrisiken,Bestechung und Korruption,,Regulierung,59,teilweise,Nachhaltigkeitsberichterstattung,,True,"Schulungen zu Bestechungs- und Korruptionsbekämpfung, wie im jeweiligen Konzept festgelegt, liegen in der Verantwortung des Vorstands. Vorstand, Aufsichtsrat und Betriebsrat erwarten, dass alle Mitarbeitenden und Geschäftspartner im Einklang mit Gesetzen handeln."
Wienerberger AG,wienerberger,2025,Bau,hauptrisiken,Erhöhung der Produktionskosten durch CO2-Bepreisung,,Regulierung,,nicht_gefunden,unbekannt,,False,"die Einführung zusätzlicher CO2-Bepreisungsme- chanismen oder -Steuern kann zur Erhöhung der Produktionskosten führen, die Gesamt- rentabilität bedrohen und Investitionszyklen beschleunigen, während verzögerte oder unzureichende Investitionen in Dekarbonisierung oder T echnologien zur Anpassung an den Klimawandel"
Wienerberger AG,wienerberger,2025,Bau,hauptrisiken,Volatilität der Energiepreise,,Markt,84,exakt,Nachhaltigkeitsberichterstattung,,True,Der Übergang zu erneuerbaren Energiequellen und die CO2-Bepreisung können zu einer erhöhten Volatilität der Energiepreise führen; die Ziegelherstellung ist energieintensiv und unerwartete Schwankungen der Energiekosten können sich auf die Betriebsausgaben des Unternehmens auswirken
Wienerberger AG,wienerberger,2025,Bau,hauptrisiken,Negative Auswirkungen auf Menschenrechte,,Regulierung,122,exakt,Geschaeftsbericht,,True,"Darüber hinaus überwacht wienerberger aktiv , ob über öffentlich zugängliche Datenbanken der OECD Vorwürfe in Bezug auf negative Auswirkungen auf die Menschenrechte gegen Konzerngesellschaften vorliegen."
Wienerberger AG,wienerberger,2025,Bau,hauptrisiken,Finanzierungs- und Ratingrisiken,,Finanzierung,209,teilweise,Geschaeftsbericht,,True,"Sollte sich das allgemeine Zinsniveau erhöhen, das Rating der Gruppe verschlechtern oder Covenants nicht eingehalten werden, können die zu zahlenden Zinsen durch höhere Referenzzinssätze oder höhere Kreditrisikoaufschläge steigen."
Wienerberger AG,wienerberger,2025,Bau,hauptrisiken,Währungsrisiken,,Markt,210,teilweise,Geschaeftsbericht,,True,"Umsätze, Ergebnisse und Bilanzwerte der nicht im Euro-Raum ansässigen Gesellschaften sind daher vom jeweiligen Euro-Wechselkurs abhängig. Die Risikostrategie von wienerberger sieht vor, das Translationsrisiko aus den Nettoinvestitionen in ausländische Tochtergesellschaften zu überwachen."
Wienerberger AG,wienerberger,2025,Bau,hauptrisiken,Kartellrechtliche Sammelklagen,,Regulierung,215,teilweise,Geschaeftsbericht,,True,In den Klagen werden Verstöße gegen Kartellgesetze geltend gemacht. Im Zusammenhang mit derselben Angelegenheit wurde zudem eine Untersuchung durch das Department of Justice (DOJ) eingeleitet. PipeLife Jet Stream bestreitet die Vorwürfe.
Wienerberger AG,wienerberger,2025,Bau,capex_ma_signale,Akquisition von GSEi in Frankreich fuer Indach-Photovoltaikloesungen,,,7,teilweise,Geschaeftsbericht,,True,Mit der Akquisition von GSEi in Frankreich haben wir unsere Solarkompetenz weiter ausgebaut und eine skalierbare Platt-form für Indach-Photovoltaiklösungen etabliert. Damit stärken wir unsere Position in einem der attraktivsten Wachstumsseg-mente Europas.
Wienerberger AG,wienerberger,2025,Bau,capex_ma_signale,Investitionen in Produktionsstaetten wie Schweden und Pruefung/Durchfuehrung strategischer Akquisitionen wie MFP und Italcer-Gruppe,,,8,teilweise,Geschaeftsbericht,,True,"Eingehend behandelt wurden u.a. die strategische Ausrichtung der Gruppe, insbesondere die stärke Fokussierung auf die Bereiche Renovierung und Infrastruktur , sowie strategische Investitions- und Akquisitionsvorhaben, wie die Übernahme von MFP , einem irischen Spezialisten für Entwässerungs-, Dachrinnen und Kabelkanalsysteme"
Wienerberger AG,wienerberger,2025,Bau,capex_ma_signale,Verbindliche Vereinbarung zur Akquisition der Italcer Group im Februar 2026 unterzeichnet.,,,47,teilweise,Geschaeftsbericht,,True,"Am 24. Februar 2026 hat wienerberger eine verbindliche Vereinbarung zum Erwerb von Italcer unterzeichnet, einem führenden Hersteller hochwertiger keramischer Lösungen mit Produktionsstandorten in Italien und Spanien. Der Abschluss der Transaktion wird – vorbehaltlich der behördlichen Genehmigungen – im zweiten Quartal 2026 erwartet."
Wienerberger AG,wienerberger,2025,Bau,capex_ma_signale,Übernahme von MFP Ltd. in Irland/Großbritannien und VETA France im Jahr 2025 zur Stärkung der Marktposition.,,,42,teilweise,Geschaeftsbericht,,True,"In Irland und Großbritannien wurde durch die Übernahme von MFP Ltd., einem Spezialisten für Entwässerungs-, Dachrinnen- und Kabelkanalsysteme, die Plattform für Rohrlösungen und die regionale Präsenz weiter gestärkt. Die Übernahme von VETA France, einem Hersteller von Fassadenpaneelen mit integrierten Dämmsystemen, stärkte das Fassadengeschäft der Gruppe."
Wienerberger AG,wienerberger,2025,Bau,capex_ma_signale,M&A-Ausgaben im Geschäftsjahr 2025 sowie Erwerb der verbleibenden Anteile an GSEi.,,,42,teilweise,Geschaeftsbericht,,True,Im Geschäftsjahr 2025 beliefen sich die Ausgaben für Unternehmensakquisitionen auf EUR 24 Mio (2024: EUR 637 Mio). Alle Transaktionen standen in vollem Einklang mit den strategischen und finanziellen Kriterien des Konzerns und konzentrierten sich auf wertsteigerndes Wachstum ohne Beeinträchtigung der Bilanzstärke.
Wienerberger AG,wienerberger,2025,Bau,capex_ma_signale,Investitionen in Produktinnovationen sowie interne und externe Wachstumsprojekte zur Steigerung des Unternehmenswerts müssen spezifische Rentabilitätsziele erfüllen.,,,54,exakt,Nachhaltigkeitsberichterstattung,,True,Zur Steigerung des wienerberger Unternehmenswerts werden neben der laufenden Optimierung (Operational Excellence) Produktinnovationen sowie interne und externe Wachstumsprojekte durchgeführt. Die zukünftige Rentabilität dieser Projekte ist in hohem Maße von der Investitionshöhe bzw. den Akquisitionspreisen sowie der Marktentwicklung abhängig.
Wienerberger AG,wienerberger,2025,Bau,capex_ma_signale,Das Management nutzt Fusionen und Übernahmen (M&A) sowie den Ausbau des Werksnetzes zur Risikominderung und Chancennutzung.,,,60,teilweise,Nachhaltigkeitsberichterstattung,,True,"Bei Minderung von Risiken und Nutzung von Chancen wählt das Management von wienerberger einen ganzheitlichen Ansatz, der die Bereiche Produktentwicklung, Fusionen und Übernahmen (Mergers and Acquisitions, M&A), Ausbau des Werksnetzes umfasst."
Wienerberger AG,wienerberger,2025,Bau,capex_ma_signale,Das Unternehmen analysiert Transaktionen wie Fusionen und Partnerschaften im Rahmen der Unternehmensführung.,,,,nicht_gefunden,unbekannt,,False,"wienerberger analysierte die Art seiner Transaktionen, einschließlich Fusionen, Übernahmen und Partnerschaften. wienerberger bewertete seine spezifischen Tätigkeiten im Baustoffsektor, einschließlich der Beschaffung von Rohstoffen, Produktions- und Vertriebsprozessen."
Wienerberger AG,wienerberger,2025,Bau,capex_ma_signale,Rückgang der CapEx-Quote im Vergleich zum Vorjahr aufgrund fehlender Großakquisitionen.,,,82,exakt,Nachhaltigkeitsberichterstattung,,True,"Der taxonomiekonforme Anteil der CapEx im Berichtszeitraum erreichte 50,8 % des gesamten CapEx (2024: 81,1 %). Der Betrag für 2024 ist aufgrund der Übernahme von T erreal, dessen Dachproduktion eine taxonomiekonforme Geschäftstätigkeit war , erhöht."
Wienerberger AG,wienerberger,2025,Bau,capex_ma_signale,Keine Akquisitionen im Umfang des Vorjahres im Jahr 2025.,,,82,exakt,Nachhaltigkeitsberichterstattung,,True,"Der Betrag für 2024 ist aufgrund der Übernahme von T erreal, dessen Dachproduktion eine taxonomiekonforme Geschäftstätigkeit war , erhöht. Im Jahr 2025 erfolgte keine Akquisition. in diesem Ausmaß."
Wienerberger AG,wienerberger,2025,Bau,capex_ma_signale,Auszahlungen für Unternehmensakquisitionen im Jahr 2025,,,,nicht_gefunden,unbekannt,,False,"Netto-Auszahlungen für Unternehmensakquisitionen beliefen sich im Jahr 2025 auf 24 Millionen Euro, verglichen mit 634 Millionen Euro im vorangegangenen Geschäftsjahr 2024 laut der Konzern-Kapitalflussrechnung."
Wienerberger AG,wienerberger,2025,Bau,capex_ma_signale,Investitionen in Sachanlagen und immaterielle Vermögenswerte,,,159,teilweise,Geschaeftsbericht,,True,"Auszahlungen für Investitionen in Sachanlagen und immaterielle Vermögenswerte betrugen im Geschäftsjahr 2025 insgesamt 281 Millionen Euro, nach 312 Millionen Euro im Jahr 2024."
Wienerberger AG,wienerberger,2025,Bau,capex_ma_signale,Growth Capex nach Segmenten,,,,nicht_gefunden,unbekannt,,False,"Die Growth Capex beliefen sich im Jahr 2025 auf insgesamt 133 Millionen Euro, wobei 68 Millionen auf Europe West und 58 Millionen auf Europe East entfielen."
Wienerberger AG,wienerberger,2025,Bau,capex_ma_signale,Es bestehen signifikante Verpflichtungen zum Erwerb von Sachanlagen.,,,184,teilweise,Geschaeftsbericht,,True,Zum Abschlussstichtag bestanden Verpflichtungen zum Kauf von Sachanlagen in Höhe von EUR 45 Mio (2024: EUR 27 Mio). Diese Erneuerungen erfolgen in der Regel gegen Ende der Nutzungsdauer einer Anlage.
Wienerberger AG,wienerberger,2025,Bau,capex_ma_signale,"Das Unternehmen tätigt Akquisitionen, die zu bedingten Kaufpreisverbindlichkeiten führen.",,,207,teilweise,Geschaeftsbericht,,True,"Die bedingten Kaufpreisverbindlichkeiten betreffen Verbindlichkeiten aus Unternehmenserwerben, die von der Erreichung bestimmter Ergebnisziele abhängen. Im Geschäftsjahr 2025 betrugen diese Verbindlichkeiten EUR 23 Mio nach EUR 4 Mio im Vorjahr."
Strabag SE,strabag,2025,Bau,strategische_prioritaeten,EBIT-Marge 2030,,,21,exakt,Nachhaltigkeitsberichterstattung,,True,"Wir sind überzeugt, dass uns People. Planet. Progress. auch wirtschaftlich erfolgreicher macht: Bis zum Jahr 2030 streben wir daher eine EBIT-Marge von nachhaltig 6 % an."
Strabag SE,strabag,2025,Bau,strategische_prioritaeten,Klimaneutralität 2040,,,23,exakt,Nachhaltigkeitsberichterstattung,,True,"Wir unternehmen etwas gegen den Klimawandel. Dabei leitet uns der Vorsatz, unsere Projekte bis 2040 klimaneutral zu gestalten und verstärkt im Energiesektor zu bauen."
Strabag SE,strabag,2025,Bau,strategische_prioritaeten,Emissionsreduktion,,,25,exakt,Nachhaltigkeitsberichterstattung,,True,"Zur Erreichung unserer durch die Science Based Targets initiative (SBTi) validierten Reduktionsziele haben wir die wichtigsten Hebel erarbeitet, mit denen wir einen Beitrag zum 1,5 °C-Ziel leisten."
Strabag SE,strabag,2025,Bau,strategische_prioritaeten,EDI-Strategie 2030,,,74,teilweise,Geschaeftsbericht,,True,"2023 hat der STRABAG-Vorstand erstmals eine EDI-Strategie verabschiedet und damit drei klare Ziele definiert, die auch an die Mitarbeiter:innen kommuniziert und auf der Website der STRABAG SE veröffentlicht wurden."
Strabag SE,strabag,2025,Bau,strategische_prioritaeten,Steigerung des Frauenanteils im Management um jaehrlich 6 %,,,,nicht_gefunden,unbekannt,,False,"Gemäß der EDI-Strategie soll der Anteil von Frauen in Management jährlich um 6 % gesteigert werden, insbesondere durch interne Beförderungen. STRABAG ermöglicht dies unter anderem durch den Ausbau des konzerninternen Potenzialmanagements."
Strabag SE,strabag,2025,Bau,strategische_prioritaeten,Dekarbonisierung und Reduktion von Emissionen bis 2030 sowie Klimaneutralitaet bis 2040,,,105,exakt,Nachhaltigkeitsberichterstattung,,True,Bis zum Jahr 2030 sollen unsere Scope 1- und Scope 2-Emissionen um 42 % und unsere Scope 3-Emissionen um 25 % reduziert und bis 2040 Klimaneutralität erreicht werden.
Strabag SE,strabag,2025,Bau,strategische_prioritaeten,Dekarbonisierung und Kreislaufwirtschaft,,,121,teilweise,Nachhaltigkeitsberichterstattung,,True,"Im Umweltbereich tragen insbesondere die konzernweiten Dekarbonisierungsmaßnahmen, der verantwortungsvoller Umgang mit natürlichen Ressourcen sowie der Ausbau von Kreislaufwirtschaft und Ressourceneffizienz im Bauwesen zur langfristigen Anpassungsfähigkeit bei."
Strabag SE,strabag,2025,Bau,strategische_prioritaeten,Soziale Widerstandsfähigkeit,,,121,exakt,Nachhaltigkeitsberichterstattung,,True,"Auf sozialer Ebene wird die Widerstandsfähigkeit durch die Bewältigung des Fachkräftemangels, ein präventives Managementsystem zur Sicherstellung von Arbeitssicherheit und Gesundheit sowie die verantwortungsvolle Gestaltung von Lieferketten gestärkt."
Strabag SE,strabag,2025,Bau,strategische_prioritaeten,Kreislaufwirtschaft und Expertise im Energiesektor als strategische Geschäftsmodelle ausbauen,,,137,exakt,Nachhaltigkeitsberichterstattung,,True,Kreislauffähiges Bauen und Expertise im Energiesektor werden dabei eine zentrale Rolle spielen. Aus diesem Grund hat die STRABAG diese Bereiche als strategische Kernthemen definiert und wird betreffende Geschäftsmodelle weiter ausbauen.
Strabag SE,strabag,2025,Bau,strategische_prioritaeten,Konzernweite Implementierung des Social Compliance Management-Systems und Einhaltung von Sorgfaltspflichten,,,193,exakt,Nachhaltigkeitsberichterstattung,,True,"Für das Fokusthema „Menschenrechte entlang der Wertschöpfungskette“ sind die konzernweite Implementierung des Social Compliance Management-Systems (SCMS), die Einhaltung von Menschenrechten sowie die Erfüllung unserer unternehmerischen Sorgfaltspflichten als strategische Ziele festgehalten."
Strabag SE,strabag,2025,Bau,strategische_prioritaeten,Bestandshaltung von Immobilien,,,252,exakt,Geschaeftsbericht,,True,"Die Position Investment Property stieg durch den Aufbau des Portfolios von STRABAG Hold Estate – die langfristige, strategische Bestandshaltung von Immobilien – erwartungsgemäß an."
Strabag SE,strabag,2025,Bau,strategische_prioritaeten,Liquiditätssicherung,,,255,exakt,Geschaeftsbericht,,True,Das oberste Ziel für das Treasury Management der STRABAG SE ist die Bestandssicherung der Unternehmensgruppe durch die Aufrechterhaltung der jederzeitigen Zahlungsfähigkeit.
Strabag SE,strabag,2025,Bau,strategische_prioritaeten,Kreislaufwirtschaft,,,264,exakt,Geschaeftsbericht,,True,Die im Segment Süd + Ost gebündelten Baustoffaktivitäten zeigen in Summe eine zufriedenstellende Tendenz und sind für das Handlungsfeld Kreislaufwirtschaft der Strategie 2030 von wesentlicher Bedeutung.
Strabag SE,strabag,2025,Bau,strategische_prioritaeten,Energiesektor,,,272,exakt,Geschaeftsbericht,,True,Im Rahmen der Konzernstrategie 2030 beabsichtigt STRABAG u. a. verstärkt im Energiesektor zu bauen. Erneuerbare Energie- bzw. Wärmeerzeugung sowie deren Speicherung stehen dabei im Vordergrund.
Strabag SE,strabag,2025,Bau,wachstumsmaerkte,Modernisierungsoffensive der Infrastruktur in Deutschland.,DACH,,27,teilweise,Geschaeftsbericht,,True,"Substanzielle öffentliche Investitionen, wie Deutschlands € 500 Mrd.-Modernisierungsoffensive und Mittel aus dem EU-Kohäsionsfonds, kommen den Kernmärkten von STRABAG zugute."
Strabag SE,strabag,2025,Bau,wachstumsmaerkte,Ausbaubedarf der Verkehrsnetze in Zentral- und Osteuropa.,Europa uebrig,,27,exakt,Geschaeftsbericht,,True,"Während die Verkehrsnetze in reifen Märkten zunehmend überaltern, besteht in Zentral- und Osteuropa noch erheblicher Ausbaubedarf. Die Nachfrage nach nachhaltiger, sicherer und intelligenter Mobilitätsinfrastruktur nimmt rasant zu."
Strabag SE,strabag,2025,Bau,wachstumsmaerkte,Bedarf an Infrastruktur durch weltweite Urbanisierung.,Global,,30,exakt,Geschaeftsbericht,,True,"Bis zum Jahr 2050 werden laut den Vereinten Nationen (UN) 68 % der globalen Bevölkerung in Städten leben – dies entspricht einer Erhöhung der städtischen Einwohnerzahl um 2,4 Mrd. Menschen."
Strabag SE,strabag,2025,Bau,wachstumsmaerkte,Wachstumschancen durch umweltfreundlichere Dienstleistungen aufgrund veränderter Auftraggeberanforderungen.,Global,,114,exakt,Nachhaltigkeitsberichterstattung,,True,"Es werden langfristig veränderte Anforderungen der Auftraggeber:innen in Richtung emissionsarmer und energieeffizienter Baudienstleistungen erwartet, womit der Entwicklung und dem Ausbau von umweltfreundlicheren Dienstleistungen und Produkten im Bausektor Wachstumschancen prognostiziert werden."
Strabag SE,strabag,2025,Bau,wachstumsmaerkte,Stärkung der Präsenz im strategisch wichtigen Markt Oman durch den Bau eines eigenen Headquarters.,Naher Osten,,230,exakt,Geschaeftsbericht,,True,Mit dem geplanten Bau eines eigenen Headquarters im Westen Maskats soll die Präsenz im strategisch wichtigen Markt Oman weiter gestärkt werden.
Strabag SE,strabag,2025,Bau,wachstumsmaerkte,Tätigkeit auf anderen Kontinenten zur Streuung des Länderrisikos und Nutzung von Marktchancen.,Global,,231,exakt,Geschaeftsbericht,,True,"Um das Länderrisiko noch weiter zu streuen und von Marktchancen zu profitieren, ist STRABAG auch auf anderen Kontinenten tätig."
Strabag SE,strabag,2025,Bau,wachstumsmaerkte,Rumaenien wird als vielversprechender Wachstumsmarkt mit hohem Infrastrukturbedarf eingestuft.,Europa uebrig,,264,exakt,Geschaeftsbericht,,True,"Rumänien gilt weiterhin als vielversprechender Wachstumsmarkt mit erheblichem Infrastrukturbedarf, der teilweise durch EU-finanzierte Investitionen unterstützt wird. Belastend wirken derzeit vor allem fiskalpolitische Maßnahmen zur Reduzierung des Haushaltsdefizits."
Strabag SE,strabag,2025,Bau,wachstumsmaerkte,In Tschechien wird ein deutliches Wachstum bei Ausschreibungen im Verkehrswegebau beobachtet.,Europa uebrig,,264,exakt,Geschaeftsbericht,,True,"Im tschechischen Verkehrswegebau ist ein deutliches Wachstum der Ausschreibungsvolumina zu beobachten. Insbesondere im Bahnbau zeigt sich eine positive Marktdynamik, in der für 2026 weitere Ausschreibungen in Höhe von rund € 3,6 Mrd. vorgesehen sind."
Strabag SE,strabag,2025,Bau,hauptrisiken,Arbeitskräftemangel,,Markt,31,exakt,Geschaeftsbericht,,True,Bis zum Jahr 2040 werden mehr als 10 % der heute erwerbstätigen Arbeitskräfte in unseren Kernmärkten fehlen. Die sogenannte Babyboomer-Generation wird dann in den Ruhestand getreten sein.
Strabag SE,strabag,2025,Bau,hauptrisiken,Projektrisiken,,Markt,34,teilweise,Geschaeftsbericht,,True,"Denn die Vielzahl der – jedes für sich – einzigartigen Projekte bringt ein erhöhtes Risikopotenzial mit sich. Um dieses unter Kontrolle zu halten, bedarf es einer konsequent darauf ausgerichteten Organisationsstruktur."
Strabag SE,strabag,2025,Bau,hauptrisiken,Lieferkettenengpässe,,Lieferkette,34,teilweise,Geschaeftsbericht,,True,Denn in Zeiten angespannter Lieferketten sichert uns beispielsweise unser dichtes Baustoffnetzwerk die Verfügbarkeit benötigter Materialien und wirkt ausgleichend bei dynamischen Preisentwicklungen.
Strabag SE,strabag,2025,Bau,hauptrisiken,Klimawandelbedingte Extremwetterereignisse,,Markt,118,exakt,Nachhaltigkeitsberichterstattung,,True,"Risiko Klimawandelbedingte Extremwettereignisse und damit verbundene Schäden an Anlagevermögen, eingeschränkte Produktionskapazitäten, Lieferengpässe, Bauzeitverzögerungen Kurz-, mittel- und langfristig Vorgelagert Anpassung an den Klimawandel"
Strabag SE,strabag,2025,Bau,hauptrisiken,Regulatorische Anforderungen durch EU-Mandate,,Regulierung,,nicht_gefunden,unbekannt,,False,"Mandate der Europäischen Union wie der Circular Economy Action Plan, die europäische Entwaldungsverordnung, die europäische Lieferkettenrichtlinie oder produktspezifische Verordnungen wie die Baustoffverordnung, Ökodesign-Richtlinie und die EU-Gebäuderichtlinie bringen veränderte Anforderungen mit sich."
Strabag SE,strabag,2025,Bau,hauptrisiken,Volatile Energiekosten,,Markt,,nicht_gefunden,unbekannt,,False,"Transitorische Auswirkungen für Bauunternehmen aufgrund steigender Rohstoff- und Energiepreise können stark variieren. Anhand der Szenarien der Internationalen Energieagentur und des World Economic Outlook lässt sich ableiten, dass bestimmte Rohstoffe nicht ausreichen."
Strabag SE,strabag,2025,Bau,hauptrisiken,Verletzungen gegen das Verbot von Zwangsarbeit und daraus resultierende Lieferkettenstörungen,,Lieferkette,195,exakt,Nachhaltigkeitsberichterstattung,,True,"Verletzungen gegen das Verbot von Zwangsarbeit können ein finanzielles Risiko darstellen, etwa durch die Notwendigkeit, Geschäftsbeziehungen unmittelbar zu beenden, was zu Störungen in der Lieferkette führen kann."
Strabag SE,strabag,2025,Bau,hauptrisiken,Liquiditätsrisiken,,Finanzierung,255,teilweise,Geschaeftsbericht,,True,Die Steuerung der Liquiditätsrisiken ist ein zentrales Element der Unternehmensführung bei STRABAG. Liquiditätsrisiken treten in der Praxis in verschiedenen Erscheinungsformen auf.
Strabag SE,strabag,2025,Bau,hauptrisiken,Wirtschaftliche Unsicherheit und Investitionszurückhaltung,,Markt,235,exakt,Geschaeftsbericht,,True,"Der sonstige Hochbau, der 2025 um 1,0 % schrumpfte, blieb von wirtschaftlicher Unsicherheit und der Investitionszurückhaltung von Unternehmen sowie der öffentlichen Hand, insbesondere Gemeinden, belastet."
Strabag SE,strabag,2025,Bau,hauptrisiken,Marktrisiko durch zyklische Schwankungen,,Markt,270,exakt,Geschaeftsbericht,,True,"Die gesamte Bauindustrie ist zyklischen Schwankungen unterworfen und reagiert regional und nach Sektoren unterschiedlich stark. Die allgemeine wirtschaftliche Entwicklung, die Entwicklung der Baumärkte, die Wettbewerbssituation, aber auch die Verhältnisse auf den Kapitalmärkten"
Strabag SE,strabag,2025,Bau,hauptrisiken,Fachkräftemangel und Personalengpässe,,Markt,271,exakt,Geschaeftsbericht,,True,"Wesentlichen Personalrisiken wie Engpässen bei der Personalbeschaffung, Fachkräftemangel, Fluktuation sowie arbeitsrechtlichen Risiken wird mit einer strategischen Personalplanung, einer nachhaltigen, bedarfsorientierten Personalentwicklung und einer zentralen Personalverwaltung gegengesteuert."
Strabag SE,strabag,2025,Bau,hauptrisiken,Cyberkriminalität und IT-Sicherheit,,Technologie,271,exakt,Geschaeftsbericht,,True,"Aufgrund zunehmender Bedrohungen durch IT-Risiken werden verschiedene Maßnahmen in Form von mehrstufigen Sicherheits- und Antivirenkonzepten, der Vergabe von Zugriffsrechten, Zugangskontrollsystemen mit Passwort-Policy, zweckmäßigen Datensicherungen und einer unabhängigen Energieversorgung umgesetzt."
Strabag SE,strabag,2025,Bau,hauptrisiken,Kreditrisiko,,Finanzierung,386,exakt,Geschaeftsbericht,,True,"Ausfallrisiken entstehen, wenn Vertragsparteien ihren Zahlungsverpflichtungen zum Fälligkeitszeitpunkt nicht nachkommen. Ein solches Risiko besteht in Bezug auf die Bezahlung von Forderungen aus dem operativen Geschäft."
Strabag SE,strabag,2025,Bau,hauptrisiken,Zinsrisiko,,Finanzierung,380,exakt,Geschaeftsbericht,,True,"Das Risiko der variabel verzinsten passivseitigen Finanzinstrumente besteht in steigenden Aufwandszinsen, die sich aus einer nachteiligen Veränderung der Marktzinsen ergeben."
Strabag SE,strabag,2025,Bau,hauptrisiken,Liquiditätsrisiko,,Finanzierung,388,exakt,Geschaeftsbericht,,True,"Liquidität bedeutet für den STRABAG SE-Konzern nicht nur die Zahlungsfähigkeit im engeren Sinn, sondern auch den notwendigen finanziellen Spielraum für das Grundgeschäft durch die Verfügbarkeit ausreichender Avallinien."
Strabag SE,strabag,2025,Bau,capex_ma_signale,Strategische Bedeutung von Akquisitionen für die Technologieführerschaft.,,,24,teilweise,Nachhaltigkeitsberichterstattung,,True,"Wir gestalten die Zukunft des Bauens, indem wir neue Technologien einsetzen. Dafür entwickeln wir eigene Innovationen zur Marktreife, verfolgen Partnerschaften und Akquisitionen und stärken konzernweit Kompetenzen."
Strabag SE,strabag,2025,Bau,capex_ma_signale,Finanzielle Stärke ermöglicht Akquisitionen.,,,34,teilweise,Geschaeftsbericht,,True,"Finanzielle Stärke ist die Grundvoraussetzung dafür, dass unser Angebot berücksichtigt wird. Sie trägt auch entscheidend dazu bei, Geschäftschancen flexibel wahrnehmen zu können, etwa die Beteiligung an Konzessionsprojekten oder die Umsetzung von Akquisitionen."
Strabag SE,strabag,2025,Bau,capex_ma_signale,Verstaerkte Investitionen in emissionsarme Technologien sowie Ausbau nachhaltiger Partnerschaften geplant.,,,105,exakt,Nachhaltigkeitsberichterstattung,,True,Geplant sind zudem verstärkte Investitionen in emissionsarme Technologien und der Ausbau von Partnerschaften zur Förderung nachhaltiger Wertschöpfungsketten (Kapitel „ “).Klimawandel
Strabag SE,strabag,2025,Bau,capex_ma_signale,Zukauf einer Software zur Weiterentwicklung der Klimarisikoanalyse.,,,111,teilweise,Nachhaltigkeitsberichterstattung,,True,"Um den Reifegrad der Klimarisikoanalyse weiterzuentwickeln und um weitere Standorte in die Analyse einfließen zu lassen, wurde 2025 eine Software zugekauft. Die Integration der bisherigen Ergebnisse in die Plattform wird schrittweise durchgeführt."
Strabag SE,strabag,2025,Bau,capex_ma_signale,Investitionen in neue Technologien zur Erreichung der Klimaziele.,,,114,exakt,Nachhaltigkeitsberichterstattung,,True,"Eine ambitionierte Klimazielsetzung verlangt die Investition in neue Technologien, die am Markt kurzfristig potenziell nicht den üblichen Preisen entsprechen, mit denen jedoch langfristig signifikante Wettbewerbsvorteile erzielt werden könnten."
Strabag SE,strabag,2025,Bau,capex_ma_signale,Rückgang der taxonomiekonformen Investitionen im Wesentlichen bedingt durch geringere Ausgaben für Investment Property,,,133,exakt,Nachhaltigkeitsberichterstattung,,True,Der taxonomiekonforme CapEx betrifft im Wesentlichen den Erwerb von Investment Property. Der rückläufige taxonomiekonforme CapEx ist daher im Wesentlichen auf geringere Immobilieninvestitionen zurückzuführen.
Strabag SE,strabag,2025,Bau,capex_ma_signale,"Investitionen in Building Solutions, Kreislaufwirtschaft und Akquisitionen in Australien.",,,,nicht_gefunden,unbekannt,,False,"Anstiege waren bei den Investment Properties sowie bei den Investitionen in Finanzanlagen und Unternehmensakquisitionen – unter anderem in den Bereichen Building Solutions, Kreislaufwirtschaft und durch die Übernahme in Australien – zu verzeichnen."
Strabag SE,strabag,2025,Bau,capex_ma_signale,Unternehmensakquisitionen im Rahmen der Strategie 2030.,,,252,teilweise,Geschaeftsbericht,,True,Infolge von Unternehmensakquisitionen im Einklang mit der Strategie 2030 zeigten auch die Firmenwerte eine Erhöhung. Die Position Investment Property stieg durch den Aufbau des Portfolios von STRABAG Hold Estate.
Strabag SE,strabag,2025,Bau,capex_ma_signale,Investitionsprognose fuer 2026 inklusive Akquisitionen.,,,278,exakt,Geschaeftsbericht,,True,Die Netto-Investitionen (Cashflow aus der Investitionstätigkeit) 2026 werden mit höchstens € 1.400 Mio. prognostiziert und spiegeln insbesondere den Erwerb von Baumaschinen sowie geplante Akquisitionen im Rahmen der Strategie 2030 wider.
Strabag SE,strabag,2025,Bau,capex_ma_signale,Akquisition der Orbittal Electromech Engineering Projects in Indien.,,,306,exakt,Geschaeftsbericht,,True,"Mit Abtretungsvertrag vom 24.12.2025 hat STRABAG die in Indien ansässige Orbittal Electromech Enigneering Projects Private Limited, Pune, erworben. Die Gesellschaft erbringt im TGA-Bereich mit eigener Produktion einen Jahresumsatz von rund € 45 Mio."
Strabag SE,strabag,2025,Bau,capex_ma_signale,Uebernahme der WTE Wassertechnik GmbH zur Erweiterung des Portfolios.,,,307,teilweise,Geschaeftsbericht,,True,"Mit Abtretungsvertrag vom 18.6.2025 hat STRABAG 100 % der Anteile der WTE Wassertechnik GmbH, Essen, erworben. Die WTE-Gruppe plant, finanziert, baut und betreibt Projekte in den Bereichen Abwassermanagement, Wasserversorgung, Klärschlammbehandlung und Energierückgewinnung."
Strabag SE,strabag,2025,Bau,capex_ma_signale,Entwicklung der sonstigen Anteile an Unternehmen im Geschäftsjahr 2025 zeigt Zugänge und Abgänge bei Anteilen an verbundenen Unternehmen und Beteiligungen.,,,357,exakt,Geschaeftsbericht,,True,"Die sonstigen Anteile an Unternehmen enthalten Tochterunternehmen, assoziierte Unternehmen, Gemeinschaftsunternehmen sowie sonstige Beteiligungen, die aufgrund von Unwesentlichkeit nicht konsolidiert bzw. at-equity in den Konzernabschluss einbezogen werden."
Porr AG,porr,2025,Bau,strategische_prioritaeten,Marktführerschaft bei ressourcenbewusstem Bauen,,,,nicht_gefunden,unbekannt,,False,"Die PORR möchte Marktführerin bei ressourcenbewusstem, kreislauffähigem Bauen sein. Dafür setzt sie auf partnerschaftliche Zusammenarbeit, eine schlanke Organisation und effiziente Prozesse, um langfristige Profitabilität zu sichern."
Porr AG,porr,2025,Bau,strategische_prioritaeten,Intelligentes Wachstum und Marktanteilssicherung,,,31,exakt,Nachhaltigkeitsberichterstattung,,True,"Durch innovative Produkte und neue Technologien will die PORR intelligent wachsen und ihre Marktanteile in allen Heimmärkten sichern. Das Ziel lautet, jeweils zu den Top 3 Bauunternehmen zu gehören."
Porr AG,porr,2025,Bau,strategische_prioritaeten,Digitale Transformation und Vernetzung,,,31,teilweise,Nachhaltigkeitsberichterstattung,,True,"Zudem treibt sie die Digitalisierung, Automatisierung und Vernetzung voran, um ihre Wettbewerbsfähigkeit zu steigern. Ziel ist es, ein dynamisches, flexibles und reaktionsschnelles Wertschöpfungsnetzwerk zu schaffen."
Porr AG,porr,2025,Bau,strategische_prioritaeten,Erhöhung des Frauenanteils,,,49,teilweise,Nachhaltigkeitsberichterstattung,,True,Eines davon ist die deutliche Erhöhung des Frauenanteils im Unternehmen und auf den Führungsebenen. Um ihr Engagement für Gleichstellung und Diversität weiter zu unterstreichen unterstützt die PORR darüber hinaus die Charta der Vielfalt
Porr AG,porr,2025,Bau,strategische_prioritaeten,Dekarbonisierung,,,34,exakt,Nachhaltigkeitsberichterstattung,,True,"Im Mittelpunkt stehen die schrittweise Dekarbonisierung emissionsintensiver Prozesse und Materialien, der Ausbau erneuerbarer Energien sowie eine effiziente Energie- und Ressourcennutzung. Thema: 5. Dekarbonisierung"
Porr AG,porr,2025,Bau,strategische_prioritaeten,Kreislaufwirtschaft,,,34,exakt,Nachhaltigkeitsberichterstattung,,True,"In diesem Handlungsfeld steht die konsequente Umsetzung der Kreislaufwirtschaft im Vordergrund. Ziel ist es, Materialien möglichst lange im Nutzungskreislauf zu halten, Abfälle zu vermeiden und Recyclingquoten zu erhöhen."
Porr AG,porr,2025,Bau,strategische_prioritaeten,Integration der Taxonomieanforderungen,,,72,exakt,Nachhaltigkeitsberichterstattung,,True,"Besonderes Augenmerk lag dabei auf der weiteren Integration der Anforderungen in die Bauprozesse, um eine praxisnahe und effiziente Umsetzung sicherzustellen. Ziel bleibt es, die Qualität und Nachhaltigkeit der Projekte laufend zu steigern."
Porr AG,porr,2025,Bau,strategische_prioritaeten,Digitalisierung des Prüfprozesses,,,73,exakt,Nachhaltigkeitsberichterstattung,,True,"Zur effizienten und transparenten Abbildung des Prozesses wurde ein internes digitales Tool entwickelt, mit welchem die Konformitätsüberprüfung ab 2025 vollzogen wird. Das bisher verwendete Tool wurde durch dieses abgelöst."
Porr AG,porr,2025,Bau,strategische_prioritaeten,Dekarbonisierung bis 2030,,,76,exakt,Nachhaltigkeitsberichterstattung,,True,Der Dekarbonisierungsplan bildet den strategischen Fahrplan für die Reduktion der THG-Emissionen bis 2030. Er orientiert sich an wissenschaftsbasierten Zielen und den sieben Hebeln der Emissionsreduktion. Fortschritte werden jährlich gemessen und bewertet.
Porr AG,porr,2025,Bau,strategische_prioritaeten,Anpassung an den Klimawandel,,,92,teilweise,Nachhaltigkeitsberichterstattung,,True,"Für die PORR ist die systematische Anpassung an diese Entwicklungen ein wesentlicher Bestandteil der Unternehmens- und Nachhaltigkeitsstrategie. Ziel ist es, klimabedingte Risiken entlang der gesamten Wertschöpfungskette frühzeitig zu identifizieren."
Porr AG,porr,2025,Bau,strategische_prioritaeten,Bewusstseinsförderung für Nachhaltigkeit,,,97,exakt,Geschaeftsbericht,,True,"Ziel ist es, Wissen, Haltung und Eigenverantwortung für nachhaltiges Handeln bei allen Mitarbeitenden zu stärken und Nachhaltigkeit, Klimaschutz sowie Integrität dauerhaft in der Unternehmenskultur zu verankern."
Porr AG,porr,2025,Bau,strategische_prioritaeten,Operative Integration von ESG-Schulungen,,,98,exakt,Geschaeftsbericht,,True,"Bis 2030 soll ein gruppenweites, umfassendes und zielgruppenorientiertes Schulungskonzept etabliert sein, das allen Mitarbeitendengruppen zugänglich ist und die operative Umsetzung der ESG-Ziele unterstützt."
Porr AG,porr,2025,Bau,strategische_prioritaeten,Nachhaltiges Wassermanagement,,,102,exakt,Geschaeftsbericht,,True,"Ziel ist es, die Nutzung von alternativen Wasserquellen, wie z. B. Brunnenwasser, zu erhöhen und die Abhängigkeit von Leitungswasser zu verringern."
Porr AG,porr,2025,Bau,strategische_prioritaeten,Förderung des Kompetenzaufbaus von Führungskräften,,,142,teilweise,Geschaeftsbericht,,True,"Die PORR verfolgt das Ziel, Führungskräfte systematisch in ihrem fachlichen, methodischen und sozialen Kompetenzaufbau zu stärken. Durch gezielte Weiterbildungsangebote sollen Führungskräfte optimal auf ihre Aufgaben vorbereitet werden, eine konsistente und verantwortungsvolle Führungspraxis entwickeln."
Porr AG,porr,2025,Bau,strategische_prioritaeten,Implementierung eines Entwicklungskompasses,,,143,teilweise,Geschaeftsbericht,,True,"Durch die Konzeption und gruppenweite Umsetzung eines Entwicklungskompasses für Mitarbeitende sollen individuelle Stärken und Kompetenzen nachhaltig gefördert werden – unter Berücksichtigung aktueller Markttrends. Der PORR Entwicklungskompass hat das Ziel, interne Fachkräfte gezielt zu fördern."
Porr AG,porr,2025,Bau,strategische_prioritaeten,Compliance und ethisches Handeln,,,,nicht_gefunden,unbekannt,,False,Gesetzeskonformes und transparentes Verhalten hat oberste Priorität bei der PORR. Nur so kann Vertrauen zu Stakeholdern aufgebaut und verantwortungsvolles Wirtschaften gelebt werden. Oberstes Leitmotiv der Compliance-Organisation ist die Prävention.
Porr AG,porr,2025,Bau,strategische_prioritaeten,"Forschung, Entwicklung und Innovation",,,189,exakt,Geschaeftsbericht,,True,"Damit ist die PORR im Bereich Forschung, Entwicklung und Innovation ganzheitlich bestens aufgestellt, um Zukunftsthemen strategisch weiterzuentwickeln und Innovationen wirksam im Unternehmen zu verankern."
Porr AG,porr,2025,Bau,strategische_prioritaeten,Konsequentes Risikomanagement,,,201,teilweise,Geschaeftsbericht,,True,Ein besonderer Fokus liegt dabei auf dem konsequenten Risikomanagement. Aufkommende Chancen und Projektakquisitionen werden nur bei entscheidenden Vorteilen für die PORR verfolgt.
Porr AG,porr,2025,Bau,strategische_prioritaeten,Konzentration auf Heimmärkte,,,206,teilweise,Geschaeftsbericht,,True,"Das Unternehmen reagiert auf die Schwankungen in den nationalen Märkten und Geschäftssegmenten sowie auf die gegenwärtigen geopolitischen Unsicherheiten mit einer Konzentration auf die Heimmärkte Österreich, Deutschland, Schweiz, Polen, Tschechien, Slowakei und Rumänien."
Porr AG,porr,2025,Bau,strategische_prioritaeten,Dekarbonisierungsplan,,,228,teilweise,Nachhaltigkeitsberichterstattung,,True,"Der Konzern begegnet den Herausforderungen des Klimawandels proaktiv mit einem strategisch verankerten Dekarbonisierungsplan, der Klimaschutz systematisch in die Geschäftsstrategie integriert, physische und transitorische Risiken adressiert und durch Maßnahmen wie Energieeffizienz nachhaltig reduziert."
Porr AG,porr,2025,Bau,strategische_prioritaeten,Deglobalisierung,,,229,teilweise,Geschaeftsbericht,,True,Vor dem Hintergrund zunehmender geopolitischer Unsicherheiten setzt die PORR Gruppe – verankert in ihrer Unternehmensstrategie – auf eine verstärkte Deglobalisierung. Regionale Wertschöpfungsketten im Sinne von Nearshoring und Reshoring binden lokale Lieferanten und Partner stärker ein.
Porr AG,porr,2025,Bau,strategische_prioritaeten,Kapitalrisikomanagement,,,281,exakt,Geschaeftsbericht,,True,Das Kapitalmanagement der Gruppe zielt auf eine substanzielle Stärkung der Eigenmittel und den Erhalt einer niedrigen Verschuldung ab. Im Berichtsjahr ist das Eigenkapital um TEUR 69.962 gestiegen.
Porr AG,porr,2025,Bau,strategische_prioritaeten,Finanzrisikomanagement,,,281,exakt,Geschaeftsbericht,,True,"Das Management der Risiken im Finanzbereich, insbesondere des Liquiditätsrisikos und des Zins- und Währungs risikos, ist durch Konzernrichtlinien einheitlich geregelt. Ziel des Managements ist, die Risiken so weit als möglich zu minimieren."
Porr AG,porr,2025,Bau,wachstumsmaerkte,Wachsender Bedarf an Rechenzentren durch KI und Cloud-Technologien.,Global,,,nicht_gefunden,unbekannt,,False,Der Einsatz von Künstlicher Intelligenz und Cloud-Technologien nimmt stark zu – und damit auch der Bedarf an Rechenzentren. In diesem wichtigen Wachstumsmarkt der Baubranche nimmt die PORR eine führende Rolle ein.
Porr AG,porr,2025,Bau,wachstumsmaerkte,"Oesterreich wird als einer der Heimmärkte definiert, in denen nahezu die gesamte Geschäftstätigkeit abgewickelt wird.",Oesterreich,,64,exakt,Nachhaltigkeitsberichterstattung,,True,"Dabei handelt es sich um die Heimmärkte Österreich, Deutschland, die Schweiz, Polen, Tschechien, die Slowakei und Rumänien. 98,2 % der Produktionsleistung der nichtfinanziellen Erklärung entfallen auf diese Heimmärkte."
Porr AG,porr,2025,Bau,wachstumsmaerkte,"Die DACH-Region (Oesterreich, Deutschland, Schweiz) gehoert zu den strategischen Heimmärkten des Konzerns.",DACH,,64,exakt,Nachhaltigkeitsberichterstattung,,True,"Dabei handelt es sich um die Heimmärkte Österreich, Deutschland, die Schweiz, Polen, Tschechien, die Slowakei und Rumänien. 98,2 % der Produktionsleistung der nichtfinanziellen Erklärung entfallen auf diese Heimmärkte."
Porr AG,porr,2025,Bau,wachstumsmaerkte,Verlagerung der Produktionsleistung in emissionsärmere Märkte.,Oesterreich,,91,exakt,Nachhaltigkeitsberichterstattung,,True,"Gleichzeitig verlagert sich die Produktionsleistung stärker in Märkte mit vergleichsweise niedriger Emissionsintensität wie Österreich und Deutschland, während sie in emissionsintensiveren Märkten, insbesondere Rumänien und Polen, geringer bzw. stabil blieb."
Porr AG,porr,2025,Bau,wachstumsmaerkte,Verlagerung der Produktionsleistung nach Deutschland.,DACH,,91,exakt,Nachhaltigkeitsberichterstattung,,True,"Gleichzeitig verlagert sich die Produktionsleistung stärker in Märkte mit vergleichsweise niedriger Emissionsintensität wie Österreich und Deutschland, während sie in emissionsintensiveren Märkten, insbesondere Rumänien und Polen, geringer bzw. stabil blieb."
Porr AG,porr,2025,Bau,wachstumsmaerkte,Wachsende Nachfrage nach ESG-konformen Investitionen und Erschließung neuer Märkte.,Global,,,nicht_gefunden,unbekannt,,False,Verstärkte Kapitalströme in nachhaltige Bau- und Infrastrukturprojekte Wachsende Nachfrage nach ESG- konformen Investitionen von institu tionellen und privaten Anlegerinnen und Anlegern Potenzielle Erschließung neuer Märkte
Porr AG,porr,2025,Bau,wachstumsmaerkte,Durchführung eines Programms für Nachwuchsführungskräfte in der DACH-Region.,DACH,,143,exakt,Geschaeftsbericht,,True,Das Nachwuchsführungskräfteprogramm für die DACH-Region wurde im Berichtsjahr erneut erfolgreich durchgeführt. Nach einem vorbereitenden Webinar werden potenzielle Nachwuchsführungskräfte zügig in das weiterführende Modul der Leadership Academy integriert.
Porr AG,porr,2025,Bau,wachstumsmaerkte,Wachstumsimpulse durch Investitionen und Erholung der Konjunktur ab 2026 erwartet.,Oesterreich,,186,exakt,Geschaeftsbericht,,True,Für das Jahr 2026 rechnet die OECD mit einer allmählichen Belebung der Konjunktur. Der private Konsum dürfte sich mit rückläufiger Inflation und höheren Reallöhnen schrittweise erholen.
Porr AG,porr,2025,Bau,wachstumsmaerkte,"Starke Auftragslage und Wachstumspotenzial in Polen, Rumänien und Tschechien.",Europa uebrig,,200,teilweise,Geschaeftsbericht,,True,"Die Entwicklung der Auftragslage zeigt die starke Position der PORR in diesen Märkten und bekräftigt das Wachstum in den kommenden Jahren. Der Auftragseingang des Segments CEE erhöhte sich um 35,5 %."
Porr AG,porr,2025,Bau,wachstumsmaerkte,Der Tief- und Infrastrukturbau bleibt der wichtigste Wachstumstreiber für die PORR.,Global,,204,teilweise,Geschaeftsbericht,,True,"Der Tief- und Infrastrukturbau bleibt dabei der wichtigste Wachstumstreiber. Öffentliche Investitionen, getragen von EU-Programmen wie der Recovery and Resilience Facility sowie dem NextGenerationEU-Budget, sorgen weiterhin für eine hohe Nachfrage."
Porr AG,porr,2025,Bau,wachstumsmaerkte,In Deutschland werden deutliche Impulse aus öffentlichen Investitionen in Infrastruktur und Klimaneutralität erwartet.,DACH,,204,exakt,Geschaeftsbericht,,True,"Die deutsche Bundesregierung hat ein Sondervermögen zur Stärkung von Infrastruktur und Klimaneutralität eingerichtet, aus dem im Jahr 2026 rund EUR 40 Mrd. für Investitionen vorgesehen sind."
Porr AG,porr,2025,Bau,wachstumsmaerkte,Das Unternehmen sieht in der strategischen Nutzung von Marktentwicklungen die Basis für weiteres Wachstum.,Global,,229,exakt,Geschaeftsbericht,,True,Trotz des anspruchsvollen Umfeldes konnte die PORR Gruppe ihre Leistungspalette erweitern und Marktentwicklungen strategisch nutzen. Dadurch wurde die Basis für weiteres Wachstum und eine stabile Geschäftsentwicklung geschaffen.
Porr AG,porr,2025,Bau,wachstumsmaerkte,Oesterreich ist ein Heimmarkt mit vollem Leistungsportfolio.,Oesterreich,,194,exakt_mehrdeutig,Geschaeftsbericht,273,True,Das Segment AT / CH bündelt die Länderverantwortung für die beiden Heimmärkte Österreich und Schweiz. In Österreich ist die PORR mit ihrem gesamten Leistungsportfolio vertreten. Sämtliche Leistungen entlang der Bau-Wertschöpfungskette werden hier aus einer Hand angeboten.
Porr AG,porr,2025,Bau,wachstumsmaerkte,Fokus auf den internationalen Tunnelbau in der DACH-Region.,DACH,,201,exakt_mehrdeutig,Geschaeftsbericht,273,True,"Das Segment Infrastruktur International besteht im Wesentlichen aus dem internationalen Tunnelbau der PORR, der sich auf die Heimmärkte in der DACH-Region und Osteuropa konzentriert."
Porr AG,porr,2025,Bau,hauptrisiken,Klimabezogene Risiken,,Regulierung,16,teilweise,Nachhaltigkeitsberichterstattung,,True,"Dazu wurde ein klares Zielbild definiert, das den künftigen Umgang mit klimabezogenen und weiteren nachhaltigkeitsrelevanten Risiken strukturiert beschreibt. Auf dieser Basis analysierte die PORR verfügbare Methoden und Tools."
Porr AG,porr,2025,Bau,hauptrisiken,Regulatorische und reputative Risiken,,Regulierung,,nicht_gefunden,unbekannt,,False,"96,5 % Teilnahmequote bei Compliance- und Anti-Korruptionsschulungen – klare Absicherung regulatorischer und reputativer Risiken durch systematische Präventionsmaßnahmen. Siehe Kapitel G1 Unternehmensführung S. 181"
Porr AG,porr,2025,Bau,hauptrisiken,Geopolitische Spannungen und Handelsrisiken,,Markt,18,teilweise,Nachhaltigkeitsberichterstattung,,True,"Die internationalen Kapitalmärkte starteten in das Jahr 2025 in einem von geopolitischen Spannungen, geldpolitischer Unsicherheit und handelspolitischen Risiken geprägten Umfeld. Während in Europa aufgrund rückläufiger Inflationsraten erste Zinssenkungsschritte gesetzt wurden."
Porr AG,porr,2025,Bau,hauptrisiken,Klimarisiken,,Markt,52,exakt,Nachhaltigkeitsberichterstattung,,True,Dazu gehören die Analyse physischer und transitorischer Klimarisiken entlang der gesamten Lieferkette sowie die Berechnung der finanziellen Auswirkungen regulatorischer ESG-Vorgaben. Eine detaillierte Übersicht der Klimarisiken findet sich in Kapitel E1
Porr AG,porr,2025,Bau,hauptrisiken,Materialknappheit und Abfallentsorgung,,Lieferkette,53,exakt,Nachhaltigkeitsberichterstattung,,True,Steigende Kosten durch (a) Verzögerungen im Betrieb aufgrund von Materialknappheit (b) lineare Abfallentsorgung bei „Business as usual“ Abfallrechtliche Konsequenzen durch veränderte Grundlagen bei „Business as usual“
Porr AG,porr,2025,Bau,hauptrisiken,Regulatorische Änderungen Landnutzung,,Regulierung,53,exakt,Nachhaltigkeitsberichterstattung,,True,Regulatorisches Risiko durch gesetzliche Änderungen im Zusammenhang mit Landnutzungsänderungen langfristig Operatives Risiko durch Abhängigkeiten von Ökosystemdienstleistungen alle Zeithorizonte Chance Neue Aufträge im Zusammenhang mit Biodiversitätsschutz und Renaturierung
Porr AG,porr,2025,Bau,hauptrisiken,Lohnkosten und Gender-Pay-Gap,,Finanzierung,53,exakt,Nachhaltigkeitsberichterstattung,,True,Potenzielle Kosten durch (a) Anstieg der Lohnkosten im Rahmen des Tarifvertrags (b) Angleichung des Gender-Pay-Gaps in den einzelnen Vergleichsgruppen (c) Ausgleichszahlungen aufgrund unzureichender Anstellung von Menschen mit Behinderung
Porr AG,porr,2025,Bau,hauptrisiken,Klimawandel und Treibhausgasemissionen,,Markt,55,teilweise,Nachhaltigkeitsberichterstattung,,True,Insgesamt wurden 32 Auswirkungen und 35 Risiken und Chancen als wesentlich identifiziert und werden in der Nachhaltigkeitsberichterstattung entsprechend verfolgt. Folgende Nachhaltigkeitsaspekte sind für die PORR wesentlich: ESRS E1 Klimawandel.
Porr AG,porr,2025,Bau,hauptrisiken,Physische Klimarisiken,,Technologie,72,exakt,Nachhaltigkeitsberichterstattung,,True,"Diese Einteilung dient der Bündelung der Komponenten (etwa Baugeräte oder temporäre Infrastruktur), die in ähnlicher Weise von physischen Klimarisiken betroffen sein könnten. Das bedeutet, dass die potenziellen Risiken pro Systemelement betrachtet werden."
Porr AG,porr,2025,Bau,hauptrisiken,Transitorische Klimarisiken,,Regulierung,76,exakt,Nachhaltigkeitsberichterstattung,,True,"Zu den wesentlichen Risiken zählen insbesondere die in der Klimarisikenübersicht auf S. 94 dargestellten transitorischen Risiken (IRO5), die sich unter anderem aus verschärften regulatorischen Vorgaben, steigenden CO2e-Preisen sowie veränderten Marktanforderungen ergeben."
Porr AG,porr,2025,Bau,hauptrisiken,Physische Klimarisiken,,Markt,95,teilweise,Nachhaltigkeitsberichterstattung,,True,Umsatzeinbußen durch Bauunterbrechungen aufgrund von: – Überflutungen – Arbeitstopp bei großer Hitze – Kranstopp bei Sturm Verringerung der Produktivität und damit steigende Kosten durch: – Liefer- und Transportschwierigkeiten – Hitzebelastung der Beschäftigten
Porr AG,porr,2025,Bau,hauptrisiken,Höhere Bepreisung von Treibhausgasemissionen,,Markt,,nicht_gefunden,unbekannt,,False,Erhöhte Kosten durch: Ressourcenintensive Materialien (Bepreisung von THG-Emissionen) Beeinträchtigung der Wettbewerbsfähigkeit aufgrund höherer Baupreise Komplexität und Volatilität rechtlicher Vorgaben
Porr AG,porr,2025,Bau,hauptrisiken,Regulatorische Änderungen bei Landnutzung,,Regulierung,,nicht_gefunden,unbekannt,,False,"Transitorische Risiken entstehen insbesondere durch regulatorische Änderungen im Zusammenhang mit Landnutzungs änderungen (IRO3), die unmittelbare Auswirkungen auf die Geschäftstätigkeit haben."
Porr AG,porr,2025,Bau,hauptrisiken,Verfügbarkeit emissionsärmerer Technologien,,Technologie,96,teilweise,Nachhaltigkeitsberichterstattung,,True,"Begrenzte Verfügbarkeit emissionsarmer Technologien, Logistik, Bau maschinen und Baustoffe Erschwerter Umstieg durch langen Lebenszyklus von Baumaschinen Hohe Nachfrage bei begrenztem Angebot"
Porr AG,porr,2025,Bau,hauptrisiken,Gesundheitliche Auswirkungen durch Unfälle auf der Baustelle,,Markt,156,exakt,Geschaeftsbericht,,True,"Die Arbeit im Baugewerbe birgt das Risiko von Unfällen auf der Baustelle, im Büro und in sonstigen Betriebsstätten (IRO1), die sich negativ auf die Gesundheit und das Wohlbefinden der Mitarbeitenden auswirken können."
Porr AG,porr,2025,Bau,hauptrisiken,Betriebliche Risiken durch krankheitsbedingte Ausfälle,,Markt,,nicht_gefunden,unbekannt,,False,"IR03 Betriebliche Risiken durch krankheitsbedingte Ausfälle. Gesundheitliche Auswirkungen durch Krankheiten auf der Baustelle, im Büro und in sonstigen Betriebsstätten. Diese Vorfälle können zu physischen Verletzungen, selten auch zu Todesfällen, führen."
Porr AG,porr,2025,Bau,hauptrisiken,"Rechtliche, finanzielle und Reputationsrisiken durch Compliance-Verstöße",,Regulierung,178,teilweise,Geschaeftsbericht,,True,"IRO3 Rechtliche, finanzielle und Reputationsrisiken sowie Auftragsverlust bei a) potenziellem kartell- und wettbewerbswidrigem Verhalten b) potenziellen Korruptionsvorfällen. Potenzielle wirtschaftliche Schäden für die Gesellschaft durch kartell- und wettbewerbswidriges Verhalten."
Porr AG,porr,2025,Bau,hauptrisiken,Kartell- und wettbewerbswidriges Verhalten,,Regulierung,180,teilweise,Geschaeftsbericht,,True,In der Baubranche besteht ein besonderes Risiko für potenzielle wirtschaftliche Schäden für die Gesellschaft durch kartell- und wettbewerbswidriges Verhalten im Rahmen der eigenen Geschäftstätigkeit.
Porr AG,porr,2025,Bau,hauptrisiken,Korruptionsvorfälle und Reputationsverlust,,Markt,180,teilweise,Geschaeftsbericht,,True,"Neben negativen Auswirkungen auf die Gesellschaft entstehen durch potenziell kartellrechts- oder wettbewerbswidriges Verhalten sowie potenzielle Korruptionsvorfälle auch kurz- und mittelfristige rechtliche, finanzielle und Reputationsrisiken sowie Auftragsverlust."
Porr AG,porr,2025,Bau,hauptrisiken,Geopolitische Spannungen und Handelsbeschränkungen,,Markt,,nicht_gefunden,unbekannt,,False,"Gleichzeitig bleiben geopolitische Spannungen, protektionistische Tendenzen und politische Unsicherheiten wesentliche Risikofaktoren für die globale Konjunktur. Eine Verschärfung geopolitischer Spannungen, neue Handelshemmnisse oder eine erneute Volatilität an den Finanzmärkten könnten jedoch negative Auswirkungen haben."
Porr AG,porr,2025,Bau,hauptrisiken,Materialpreissteigerungen durch geopolitische Konflikte,,Lieferkette,205,teilweise,Geschaeftsbericht,,True,"Sollten die Spannungen länger andauern, könnten sich Auswirkungen auf die Materialpreise ergeben. Für den Auftragsbestand bestehen jedoch Preisfixierungen beziehungsweise Preisgleitklauseln. Zusätzlich erfolgt eine Absicherung der Kosten durch frühzeitige Beschaffung."
Porr AG,porr,2025,Bau,hauptrisiken,Klimawandel und Extremwetterereignisse,,Markt,228,exakt,Nachhaltigkeitsberichterstattung,,True,"Die PORR Gruppe ist aufgrund ihres Geschäftsmodells direkt von den Risiken des Klimawandels betroffen, sowohl durch veränderte rechtliche und politische Rahmenbedingungen als auch durch physische Risiken wie beispielsweise Extremwetterereignisse."
Porr AG,porr,2025,Bau,hauptrisiken,Hohe Bau- und Finanzierungskosten,,Finanzierung,229,teilweise,Geschaeftsbericht,,True,"Im Jahr 2025 zeichnete sich in der Bauwirtschaft der Heimmärkte der PORR Gruppe ein Stabilisierungstrend ab, trotz regionaler Schwankungen und weiterhin herausfordernder Rahmenbedingungen wie hoher Bau- und Finanzierungskosten."
Porr AG,porr,2025,Bau,hauptrisiken,Geopolitische Konflikte und Rohstoffpreise,,Lieferkette,229,teilweise,Geschaeftsbericht,,True,"Die Konflikte haben daher bis dato lediglich indirekte Effekte auf die Vermögens- und Finanzlage der PORR Gruppe, insbesondere durch gestiegene Energie- und Rohstoffpreise. Zur Minderung des Materialpreisrisikos werden Bedarfsmengen und Preise abgesichert."
Porr AG,porr,2025,Bau,hauptrisiken,Umwelt- und klimabezogene Risiken,,Markt,254,exakt,Geschaeftsbericht,,True,"Umwelt- und klimabezogene Risiken, insbesondere veränderte wirtschaftliche und rechtliche Rahmenbedingungen als auch physische Risiken wie Extremwetterereignisse, werden bei der Planung der voraussichtlichen Auftragsergebnisse in Form von Szenarien berücksichtigt und entsprechend eingeschätzt."
Porr AG,porr,2025,Bau,hauptrisiken,Rohstoffpreisänderungen,,Lieferkette,283,teilweise,Geschaeftsbericht,,True,Das Risiko von Rohstoffpreisänderungen ist definiert als das Risiko steigender Preise gegenüber dem Kalkulationszeitpunkt des Bauprojekts. Das Risiko wird zumeist durch mittel- und langfristige Rahmenverträge mit Schlüssellieferanten sowie Preisanpassungsklau- seln mit Kunden gemildert.
Porr AG,porr,2025,Bau,hauptrisiken,Liquiditätsrisiko,,Finanzierung,282,teilweise,Geschaeftsbericht,,True,"Das Liquiditätsrisiko ist definiert als das Risiko, dass Verbindlichkeiten bei Fälligkeit nicht beglichen werden können. Das Management des Liquiditätsrisikos basiert auf einer im Zuge der konzernalen Ergebnisplanung und Vorschaurechnung integrierten Finanzplanung."
Porr AG,porr,2025,Bau,capex_ma_signale,Veräußerung sämtlicher eigener Aktien im Juni 2025.,,,18,teilweise,Nachhaltigkeitsberichterstattung,,True,Die PORR AG hat am 17. Juni 2025 sämtliche 1.703.674 eigenen Aktien im Zuge eines beschleunigten Privatplatzierungsverfahrens (Accelerated Bookbuilding) erfolgreich bei internationalen institutionellen Investoren platziert.
Porr AG,porr,2025,Bau,capex_ma_signale,Investitionen in Sachanlagen und immaterielle Vermögenswerte (CAPEX).,,,2,teilweise,Geschaeftsbericht,,True,"CAPEX2 252,9 -21,0 % 320,3 329,5 236,2 Abschreibungen 212,7 1,1 % 210,4 204,0 198,8 1 Die Produktionsleistung entspricht den Leistungen aller Gesellschaften sowie Arbeitsgemeinschaften entsprechend der Höhe der Beteiligung."
Porr AG,porr,2025,Bau,capex_ma_signale,Investitionen im Rahmen der Stakeholder-Interessen,,,38,teilweise,Geschaeftsbericht,,True,"Aktionäre, Investoren und Banken Betroffene, Nutzerinnen und Nutzer Eigene Tätigkeiten – Direkter Dialog durch Hauptversammlungen, Roadshows, Konferenzen, Messeauftritte, Conference Calls, E-Mails, regelmäßige Einzeltermine – Indirekte Dialog über diverse Ratings – Investitionen"
Porr AG,porr,2025,Bau,capex_ma_signale,Investitionsbedarf für Kreislaufwirtschaft,,,53,exakt,Nachhaltigkeitsberichterstattung,,True,Vermehrte Investitionen beim Übergang zur Kreislaufwirtschaft Chance Effizienzsteigerung durch optimierte Ressourcennutzung beim Übergang zur Kreislaufwirtschaft kurz- und mittelfristig Wettbewerbsvorteil und Marktpositionierung beim Übergang zur Kreislaufwirtschaft kurzfristig
Porr AG,porr,2025,Bau,capex_ma_signale,Abschluss der Übernahme der VAMED Standortentwicklung und Engineering GmbH.,,,64,teilweise,Nachhaltigkeitsberichterstattung,,True,"Mit Wirkung zum 31. Dezember 2025 hat die PORR die Übernahme der VAMED Standortentwicklung und Engineering GmbH (VSG), einer Tochtergesellschaft der VIACAMA (vormals VAMED AG), abgeschlossen."
Porr AG,porr,2025,Bau,capex_ma_signale,"Investitionen in Baugeräte, Fuhrpark und Gebäudeeffizienzmaßnahmen.",,,73,teilweise,Nachhaltigkeitsberichterstattung,,True,Taxonomiefähige CAPEX beinhalten Investitionen entweder der Kategorie (a) oder (c) der Delegierten Verordnung (EU) 2021/2178 zu Art. 8 Abs. 1.1.2.2. Dazu gehören: Investitionen in Baugeräte und Fuhrpark.
Porr AG,porr,2025,Bau,capex_ma_signale,Geplante jährliche Investitionen in Sachanlagen für den Dekarbonisierungsplan.,,,82,teilweise,Nachhaltigkeitsberichterstattung,,True,"Die derzeitigen Planannahmen sehen jährliche Investitionen in Sachanlagen (CAPEX) von rund EUR 5,5 Mio. sowie laufende betriebliche Aufwendungen (OPEX) von rund EUR 14,7 Mio. vor. Dem stehen erwartete Effizienz- und Kosteneinsparungen gegenüber."
Porr AG,porr,2025,Bau,capex_ma_signale,Investitionen in klimafreundliche Technologien und Infrastruktur.,,,82,teilweise,Nachhaltigkeitsberichterstattung,,True,"Die Umsetzung des Dekarbonisierungsplans erfordert gezielte Investitionen in klimafreundlichere Technologien, Prozesse und Infrastruktur. Die Investitionsplanung orientiert sich an den priorisierten Maßnahmen im Rahmen der sieben strategischen Hebel und berücksichtigt dabei die Anforderungen."
Porr AG,porr,2025,Bau,capex_ma_signale,Investitionen in wassersparende Technologien und Recyclinglösungen.,,,102,exakt,Geschaeftsbericht,,True,"Ein gezieltes Wassermanagement bildet die Grundlage für Investitionen in wassersparende Technologien und Recyclinglösungen, wodurch langfristig die Ressourceneffizienz erhöht, Betriebskosten gesenkt, die Wasserverfügbarkeit stabilisiert und die Wettbewerbsfähigkeit gestärkt werden können."
Porr AG,porr,2025,Bau,capex_ma_signale,Investitionen beim Übergang zur Kreislaufwirtschaft.,,,116,exakt,Geschaeftsbericht,,True,"Der Übergang zu einem kreislauforientierten Wirtschaftsmodell ist mit finanziellen Effekten verbunden, die sich unmittelbar auf die Einkaufstätigkeit der PORR auswirken."
Porr AG,porr,2025,Bau,capex_ma_signale,Investitionen in Weiterbildungsangebote zur Steigerung der Kompetenz und Leistungsfähigkeit.,,,142,teilweise,Geschaeftsbericht,,True,"Investitionen in Weiterbildungsangebote (IRO5d) steigern die Kompetenz und Leistungsfähigkeit der Mitarbeitenden. Besser ausgebildete Arbeitskräfte können effizienter arbeiten und tragen dazu bei, Projekte schneller, qualitativ hochwertig und kostengünstiger abzuschließen."
Porr AG,porr,2025,Bau,capex_ma_signale,Akquisitionen der VAMED Standortentwicklung und Knape Bahnbau.,,,188,exakt,Geschaeftsbericht,,True,"Die Akquisitionen der VAMED Standortentwicklung und Engineering GmbH sowie der Knape Bahnbau GmbH führten ebenfalls zu einer Bilanzverlängerung. Das langfristige Vermögen erhöhte sich um 6,6 % auf EUR 1.858,5 Mio."
Porr AG,porr,2025,Bau,capex_ma_signale,Investitionen in Baugeräte und Fahrzeuge (CAPEX).,,,,nicht_gefunden,unbekannt,,False,"Im Berichtsjahr wurden hauptsächlich Ersatz- und Neuinvestitionen für Baugeräte und Fahrzeuge getätigt. Der CAPEX reduzierte sich im Vergleich zum Vorjahr und betrug EUR 252,9 Mio."
Porr AG,porr,2025,Bau,capex_ma_signale,Vollständiger Erwerb der VAMED Standortentwicklung und Engineering GmbH zur Stärkung des Healthcare-Bereichs.,,,224,teilweise,Geschaeftsbericht,,True,"Der Erwerb der VSG erfolgte zur strategischen Stärkung der operativen Kompetenzen und zur Erweiterung des Leistungsportfolios der PORR Gruppe, insbesondere im Hinblick auf integrierte Projektabwicklung im Bereich Healthcare."
Porr AG,porr,2025,Bau,capex_ma_signale,Erwerb einer Mehrheitsbeteiligung an der Knape Bahnbau GmbH.,,,224,exakt,Geschaeftsbericht,,True,"Mit Kaufvertrag vom 21. Dezember 2024, rechtswirksam mit Closing Protokoll vom 25. März 2025, hat die PORR Bau GmbH 74,97 % der Anteile an der Knape Bahnbau GmbH zu einem Kaufpreis in Höhe von TEUR 13.820 erworben."
Porr AG,porr,2025,Bau,capex_ma_signale,Investitionen in neue Technologien für den Dekarbonisierungsplan.,,,228,exakt_mehrdeutig,Nachhaltigkeitsberichterstattung,244,True,Für die Umsetzung des Dekarbonisierungsplans werden wesentliche Investitionen in neue Technologien notwendig sein. Im Einklang mit der Nachhaltigkeitsstrategie werden bestehende Anlagen bis zum Ende der Nutzungsdauer eingesetzt.
Porr AG,porr,2025,Bau,capex_ma_signale,Zunahme der Investitionstätigkeit durch verbesserte Finanzierungsbedingungen.,,,229,teilweise,Geschaeftsbericht,,True,"Der Hochbau, insbesondere der Wohnungsbau, blieb im Jahr 2025 aufgrund anhaltend hoher Zinsen sowie steigender Baukosten weiterhin belastet. Gleichzeitig führten verbesserte Finanzierungsbedingungen zu einer Zunahme der Investitionstätigkeit."
Porr AG,porr,2025,Bau,capex_ma_signale,Verkauf einer Beteiligung an der UBM Development Deutschland GmbH.,,,278,exakt,Geschaeftsbericht,,True,"Die in den übrigen Finanzanlagen, die erfolgsneutral zum beizulegenden Zeitwert bewertet werden, enthaltene Beteiligung an der UBM Development Deutschland GmbH wurde im Geschäftsjahr 2025 verkauft."
Porr AG,porr,2025,Bau,capex_ma_signale,Vorhaltung von Liquidität für potenzielle Firmenzukäufe.,,,282,teilweise,Geschaeftsbericht,,True,"Die Gruppe weist zum Jahresultimo 2025 einen Liquiditätsstand in Höhe von TEUR 748.427 aus, der für den im Bau typischen saisonalen Liquiditätsspitzenbedarf von April bis November, zur Rückführung fälliger Kredite und SSD-Tranchen und für potenzielle Firmenzukäufe dient."
